id,fraud,date,amount,use_chip,merchant_city,merchant_state,mcc,errors,card_brand,card_type,has_chip,credit_limit,num_cards_issued,credit_score,total_debt,num_credit_cards,yearly_income
12942009,0,2013-06-26 16:17:00,$44.54,Swipe Transaction,El Paso,TX,5300,No Error,Mastercard,Credit,YES,8900,1,716,25966,6,29206
14524734,0,2014-06-09 03:34:00,$31.41,Swipe Transaction,Oswego,NY,5411,No Error,Mastercard,Debit,YES,23404,1,827,3080,5,47993
9521583,0,2011-05-11 13:14:00,$16.55,Swipe Transaction,Lewistown,PA,5812,No Error,Mastercard,Debit,YES,8024,2,526,69066,3,33387
19380899,0,2017-04-17 08:33:00,$3.42,Chip Transaction,San Andreas,CA,5499,No Error,Visa,Debit,YES,16731,1,734,74530,5,33540
10714333,0,2012-02-10 10:49:00,$4.24,Swipe Transaction,Dallas,TX,5411,No Error,Mastercard,Debit,YES,13555,1,799,0,4,26600
7812650,0,2010-03-27 10:46:00,$56.78,Swipe Transaction,Westminster,CA,5499,No Error,Mastercard,Debit,YES,15695,1,777,58586,3,39633
19717623,0,2017-06-27 09:23:00,$20.00,Chip Transaction,Richmond,VA,4829,No Error,Mastercard,Debit,YES,19955,1,802,111007,6,42900
13576295,0,2013-11-13 06:16:00,$65.00,Swipe Transaction,Rockville Centre,NY,5541,No Error,Amex,Credit,YES,13400,1,831,39076,3,103294
16596619,0,2015-08-30 21:55:00,$34.21,Online Transaction,ONLINE,Unknown,4784,No Error,Mastercard,Debit,YES,3711,2,621,72794,1,40006
20435769,0,2017-11-26 07:08:00,$64.12,Chip Transaction,Gainesville,FL,5541,No Error,Mastercard,Debit,YES,18627,2,602,132409,1,52538
17459674,0,2016-03-03 09:59:00,$7.17,Chip Transaction,Huntington,WV,5814,No Error,Visa,Debit,YES,25292,2,702,107410,4,44534
20187978,0,2017-10-04 15:47:00,$-89.00,Chip Transaction,Nashport,OH,5541,No Error,Amex,Credit,YES,13400,1,693,44263,3,43133
22287557,0,2018-12-23 16:27:00,$49.07,Online Transaction,ONLINE,Unknown,4784,No Error,Mastercard,Debit,YES,31292,2,688,69645,1,59479
22942810,0,2019-05-11 12:42:00,$8.31,Chip Transaction,Mesilla Park,NM,5499,No Error,Visa,Credit,YES,8700,2,719,42233,4,31414
12284577,0,2013-01-31 19:44:00,$37.76,Swipe Transaction,Camillus,NY,5814,No Error,Visa,Credit,YES,11900,1,709,18724,8,48750
18987661,0,2017-01-23 14:45:00,$21.51,Swipe Transaction,Decatur,IL,5211,No Error,Visa,Debit,YES,17815,1,730,0,3,45164
13802167,0,2014-01-01 15:48:00,$6.81,Swipe Transaction,Harrisburg,PA,5541,No Error,Mastercard,Debit,YES,18540,1,705,26799,5,34884
13234452,0,2013-08-29 18:26:00,$5.02,Online Transaction,ONLINE,Unknown,5651,No Error,Mastercard,Credit,YES,9400,2,734,66681,6,28269
15983695,0,2015-04-21 15:32:00,$-78.00,Chip Transaction,Alburtis,PA,5499,No Error,Mastercard,Debit,YES,21282,1,724,98151,3,41473
7556614,0,2010-01-21 16:52:00,$140.00,Swipe Transaction,Pittsburg,CA,4829,No Error,Mastercard,Debit,YES,12346,2,655,22961,2,28210
14713493,0,2014-07-20 09:13:00,$93.33,Swipe Transaction,Spotsylvania,VA,4111,No Error,Mastercard,Debit,YES,9796,2,634,68220,2,38059
20906796,0,2018-03-06 08:20:00,$7.53,Chip Transaction,Valley Center,CA,7542,No Error,Visa,Debit,YES,30041,1,686,78610,6,46341
21841912,0,2018-09-20 09:05:00,$3.48,Chip Transaction,Bluffton,SC,5814,No Error,Visa,Debit,YES,7495,2,740,23883,7,30434
14603025,0,2014-06-26 07:58:00,$28.03,Swipe Transaction,Providence,RI,5411,No Error,Mastercard,Debit (Prepaid),YES,56,2,758,2151,4,61991
12765216,0,2013-05-18 14:45:00,$35.41,Swipe Transaction,Hendersonville,TN,5411,No Error,Visa,Credit,YES,12700,1,688,106248,3,51303
22040225,0,2018-11-01 10:56:00,$1.44,Chip Transaction,Frankfort,IN,5411,No Error,Mastercard,Credit,YES,9000,2,850,1828,6,24884
21037999,0,2018-04-03 03:08:00,$75.53,Chip Transaction,Waianae,HI,3730,No Error,Mastercard,Debit,YES,24819,1,735,0,6,37556
9294772,0,2011-03-19 14:05:00,$4.82,Swipe Transaction,Port Orange,FL,5411,No Error,Mastercard,Credit,YES,10700,2,770,42011,3,44681
17076421,0,2015-12-11 16:09:00,$105.58,Swipe Transaction,El Paso,TX,5411,No Error,Visa,Debit,NO,2508,1,681,101323,4,50177
18439932,0,2016-09-28 16:46:00,$-490.00,Swipe Transaction,Ventura,CA,3722,No Error,Visa,Credit,NO,12400,1,787,127613,5,59696
10197821,0,2011-10-14 23:39:00,$1.40,Swipe Transaction,Pasadena,MD,5499,No Error,Visa,Debit,YES,3058,2,692,71422,3,61173
16979706,0,2015-11-21 07:24:00,$2.21,Chip Transaction,Beaverton,OR,5541,No Error,Visa,Debit (Prepaid),YES,4,2,706,103229,5,44249
21620562,0,2018-08-04 10:31:00,$2.08,Swipe Transaction,Beverly Hills,CA,5812,No Error,Mastercard,Debit,NO,30096,1,717,27179,3,38039
14983763,0,2014-09-17 01:54:00,$32.83,Online Transaction,ONLINE,Unknown,7349,No Error,Mastercard,Credit,YES,9800,1,769,21869,6,26511
20116063,0,2017-09-19 12:08:00,$120.00,Chip Transaction,Hamilton,OH,4829,No Error,Visa,Credit,YES,12400,2,654,46298,4,37645
16749539,0,2015-10-02 17:43:00,$79.23,Chip Transaction,College Park,MD,5812,No Error,Visa,Credit,YES,14800,1,751,20683,4,53464
13654607,1,2013-11-30 10:08:00,$77.59,Swipe Transaction,Strasburg,OH,5812,No Error,Mastercard,Debit,YES,21205,2,813,79960,7,48944
19631776,0,2017-06-09 07:33:00,$3.74,Chip Transaction,Las Vegas,NV,5499,Insufficient Balance,Visa,Debit (Prepaid),YES,72,1,770,18870,4,39508
21905863,0,2018-10-03 19:24:00,$153.95,Chip Transaction,Hartsdale,NY,5300,No Error,Visa,Debit,YES,8468,1,608,64144,4,40957
9283105,0,2011-03-16 17:26:00,$20.85,Online Transaction,ONLINE,Unknown,4121,No Error,Mastercard,Debit,NO,19913,1,584,64715,1,41483
18698886,0,2016-11-23 04:24:00,$17.74,Chip Transaction,Aurora,CO,5541,No Error,Visa,Credit,YES,11300,1,718,9066,4,45754
21414003,0,2018-06-21 17:19:00,$87.83,Chip Transaction,New York,NY,5311,No Error,Mastercard,Credit,YES,11200,1,595,54354,3,35940
15532958,0,2015-01-14 09:18:00,$14.55,Chip Transaction,Philadelphia,PA,5411,No Error,Mastercard,Debit,YES,16640,1,711,60231,3,43828
17559526,1,2016-03-24 17:09:00,$43.17,Online Transaction,ONLINE,Unknown,5300,No Error,Mastercard,Debit,YES,30753,1,831,39076,3,103294
22855133,0,2019-04-22 17:32:00,$93.99,Chip Transaction,Grantville,PA,5912,No Error,Visa,Credit,YES,10600,2,696,53407,1,44303
10420984,0,2011-12-05 12:20:00,$2.24,Swipe Transaction,Lake Havasu City,AZ,5499,No Error,Visa,Debit,YES,17013,2,755,36482,3,28983
17296330,0,2016-01-27 11:41:00,$2.95,Swipe Transaction,Ingleside,TX,5411,No Error,Mastercard,Debit,NO,19554,1,745,54351,2,32126
17621949,0,2016-04-07 07:40:00,$62.00,Chip Transaction,Dallas,TX,5541,No Error,Mastercard,Debit (Prepaid),YES,54,1,706,44404,4,25883
10908480,0,2012-03-26 15:15:00,$80.00,Swipe Transaction,Knoxville,TN,4829,No Error,Mastercard,Debit,YES,10707,2,715,32300,2,29371
12478218,0,2013-03-15 23:46:00,$440.00,Swipe Transaction,Marysville,OH,3780,No Error,Visa,Debit,YES,27646,1,720,92603,4,35590
13099870,0,2013-07-31 08:02:00,$2.43,Swipe Transaction,San Jose,CA,5411,No Error,Visa,Debit,YES,22833,1,728,81158,9,61850
21590288,0,2018-07-28 21:07:00,$49.30,Online Transaction,ONLINE,Unknown,4784,No Error,Mastercard,Debit,YES,20042,2,651,84935,3,34302
9269745,0,2011-03-13 16:24:00,$95.00,Swipe Transaction,Enfield,CT,5541,No Error,Mastercard,Credit,YES,16600,1,692,71422,3,61173
10322610,0,2011-11-12 16:45:00,$33.40,Swipe Transaction,Garden Grove,CA,5814,No Error,Visa,Debit,YES,14295,1,811,28613,4,38081
12742861,0,2013-05-13 14:40:00,$18.22,Swipe Transaction,Vienna,VA,5411,No Error,Mastercard,Debit,YES,19670,2,764,236393,4,123540
17535372,0,2016-03-19 15:56:00,$49.51,Chip Transaction,Bremo Bluff,VA,7538,No Error,Mastercard,Debit,YES,11889,2,753,22488,2,24545
21904659,0,2018-10-03 14:09:00,$61.58,Chip Transaction,Henderson,NV,5541,No Error,Visa,Debit,YES,23781,1,737,117325,5,59093
21179829,0,2018-05-03 06:10:00,$80.00,Chip Transaction,Danbury,CT,4829,No Error,Amex,Credit,YES,6600,2,622,69717,3,54384
21794802,0,2018-09-10 07:56:00,$89.36,Chip Transaction,Moorpark,CA,5912,No Error,Amex,Credit,YES,11100,2,701,16437,4,36724
17412122,0,2016-02-21 09:17:00,$64.00,Chip Transaction,Nashport,OH,5499,No Error,Visa,Credit,YES,11100,2,693,44263,3,43133
13531187,0,2013-11-03 06:40:00,$24.22,Online Transaction,ONLINE,Unknown,4784,No Error,Mastercard,Credit,YES,5600,1,714,2573,5,23993
21981954,0,2018-10-19 23:42:00,$81.66,Chip Transaction,New York,NY,5970,No Error,Mastercard,Debit,YES,15813,2,709,96864,5,63684
22161181,0,2018-11-27 00:25:00,$168.52,Chip Transaction,Menifee,CA,4814,No Error,Mastercard,Debit,YES,14269,1,785,3230,3,32847
7569342,0,2010-01-25 07:44:00,$1.27,Swipe Transaction,Hardinsburg,KY,5499,No Error,Visa,Credit,YES,6900,1,705,16946,6,22540
17468660,0,2016-03-05 11:02:00,$23.75,Chip Transaction,Bristol,TN,5310,No Error,Mastercard,Debit,YES,6103,2,759,67244,5,36285
12561395,0,2013-04-03 13:29:00,$80.92,Swipe Transaction,Parkers Prairie,MN,5300,No Error,Amex,Credit,YES,8200,1,713,51924,4,31244
14249557,0,2014-04-09 14:28:00,$-64.00,Swipe Transaction,Edgerton,WI,5541,No Error,Mastercard,Debit,YES,11160,2,797,126175,6,43529
21018634,0,2018-03-29 20:28:00,$40.00,Chip Transaction,Bloomfield,CT,4829,No Error,Mastercard,Debit,YES,15110,2,680,23909,5,34606
13502447,0,2013-10-27 15:21:00,$36.84,Swipe Transaction,Lorain,OH,5251,No Error,Amex,Credit,YES,7700,1,552,64661,3,30340
10667115,0,2012-01-30 15:40:00,$125.17,Swipe Transaction,Louisville,CO,5912,No Error,Mastercard,Credit,YES,10800,2,708,25355,3,61312
8308841,0,2010-07-27 10:53:00,$65.00,Swipe Transaction,Mobile,AL,5499,No Error,Mastercard,Debit,YES,24232,1,765,114563,3,43496
15396199,0,2014-12-15 19:17:00,$53.34,Online Transaction,ONLINE,Unknown,4784,No Error,Mastercard,Debit,YES,9165,2,772,52248,5,36843
19793150,0,2017-07-13 06:36:00,$3.91,Chip Transaction,Morristown,TN,5411,No Error,Mastercard,Debit,YES,17667,1,745,51984,3,34868
17068102,0,2015-12-09 18:07:00,$36.75,Chip Transaction,Boca Raton,FL,5719,No Error,Mastercard,Debit,YES,18776,2,598,58679,1,29422
14618748,0,2014-06-29 12:55:00,$50.00,Swipe Transaction,Mesilla Park,NM,5499,No Error,Visa,Credit,YES,8700,2,719,42233,4,31414
11741308,0,2012-10-01 07:31:00,$2.83,Swipe Transaction,Herminie,PA,5411,No Error,Mastercard,Debit (Prepaid),YES,87,2,653,39959,2,30172
11736145,0,2012-09-29 18:58:00,$151.11,Swipe Transaction,Albany,NY,5310,No Error,Visa,Credit,YES,11400,2,735,162462,3,55059
18430729,0,2016-09-26 19:25:00,$80.91,Swipe Transaction,Franklinville,NJ,5541,No Error,Mastercard,Debit,NO,25206,1,690,83932,3,49788
20879580,0,2018-02-28 10:56:00,$38.07,Chip Transaction,Zebulon,NC,5411,No Error,Mastercard,Debit,YES,27489,1,714,17453,6,22850
8520613,1,2010-09-16 09:42:00,$39.49,Online Transaction,ONLINE,Unknown,5942,No Error,Mastercard,Debit (Prepaid),NO,46,2,489,114251,3,67170
21558474,0,2018-07-22 08:13:00,$13.66,Chip Transaction,Richmond,VA,5411,No Error,Mastercard,Debit (Prepaid),YES,34,2,719,2689,4,92368
11004520,1,2012-04-17 13:14:00,$102.34,Online Transaction,ONLINE,Unknown,7801,No Error,Mastercard,Credit,NO,9000,2,711,5846,5,31175
20893401,0,2018-03-03 09:20:00,$3.82,Chip Transaction,Florence,SC,5942,No Error,Visa,Debit,YES,4653,2,707,42369,7,44383
11678120,0,2012-09-16 17:35:00,$67.51,Swipe Transaction,Cedar Rapids,IA,5300,No Error,Amex,Credit,YES,9500,2,718,76392,3,40478
22691659,0,2019-03-19 09:22:00,$3.11,Chip Transaction,Fort Myers,FL,5812,No Error,Mastercard,Debit,YES,3711,2,621,72794,1,40006
22849232,0,2019-04-21 14:13:00,$-93.00,Chip Transaction,Campbell,TX,5541,No Error,Mastercard,Credit,YES,8700,2,740,27463,3,38609
21182026,0,2018-05-03 12:37:00,$27.68,Online Transaction,ONLINE,Unknown,5311,No Error,Mastercard,Debit,YES,76966,2,685,28869,2,126775
19255240,0,2017-03-21 13:34:00,$140.00,Chip Transaction,Boulder Creek,CA,4829,No Error,Visa,Credit,YES,4400,1,765,121987,4,54537
21758590,0,2018-09-02 12:26:00,$60.00,Chip Transaction,Amelia,OH,4829,No Error,Visa,Credit,YES,8700,1,690,43747,3,39336
20156931,0,2017-09-28 06:51:00,$6.81,Swipe Transaction,New Brunswick,NJ,5411,No Error,Mastercard,Debit,NO,18050,2,704,6955,2,104692
15875427,0,2015-03-29 11:42:00,$17.86,Chip Transaction,Pryor,OK,5812,No Error,Mastercard,Debit,YES,29340,2,710,92949,4,36388
9946248,0,2011-08-18 06:48:00,$41.30,Swipe Transaction,Parsippany,NJ,5311,No Error,Visa,Credit,YES,18100,2,745,16595,5,70862
18101773,0,2016-07-18 14:24:00,$49.40,Swipe Transaction,Newburgh,IN,5499,No Error,Amex,Credit,NO,13400,2,527,119230,3,57348
12553046,0,2013-04-01 13:03:00,$61.00,Swipe Transaction,Caldwell,OH,5499,No Error,Amex,Credit,YES,12200,2,769,28260,2,32522
15590055,0,2015-01-26 15:03:00,$73.26,Chip Transaction,Youngstown,OH,5912,No Error,Mastercard,Debit,YES,11994,2,790,427,8,11613
9801293,0,2011-07-15 12:58:00,$37.79,Swipe Transaction,Waldorf,MD,5813,No Error,Visa,Debit,NO,30160,1,821,132181,3,71593
18594337,0,2016-10-31 17:32:00,$-51.00,Swipe Transaction,Eight Mile,AL,5499,No Error,Mastercard,Debit,NO,15087,1,713,60527,4,31008
15731604,0,2015-02-26 11:39:00,$20.73,Chip Transaction,Rocky Point,NY,5411,No Error,Mastercard,Debit (Prepaid),YES,66,1,680,37838,4,58503
23289203,0,2019-07-23 16:45:00,$40.00,Swipe Transaction,Mobile,AL,4829,No Error,Mastercard,Debit,NO,15087,1,713,60527,4,31008
19556605,0,2017-05-24 10:21:00,$26.39,Chip Transaction,Mokelumne Hill,CA,4121,No Error,Mastercard,Debit,YES,15900,1,703,0,3,37147
14717757,0,2014-07-21 07:46:00,$6.81,Swipe Transaction,Mesilla Park,NM,5912,No Error,Visa,Debit,YES,17146,2,705,23394,4,30217
18250871,0,2016-08-19 11:13:00,$14.30,Chip Transaction,Anaheim,CA,7542,No Error,Visa,Debit,YES,13356,1,739,3378,4,37371
9930523,0,2011-08-14 13:50:00,$14.57,Swipe Transaction,Lucama,NC,5813,No Error,Mastercard,Debit,YES,11664,1,682,24515,3,32491
22145705,0,2018-11-23 16:18:00,$76.76,Chip Transaction,Rosharon,TX,5411,No Error,Mastercard,Debit,YES,12224,2,612,57177,1,46603
15223768,0,2014-11-08 13:03:00,$-86.00,Swipe Transaction,Grove,OK,5499,No Error,Mastercard,Credit,YES,8100,2,759,69401,3,25524
8558050,0,2010-09-25 11:17:00,$4.04,Swipe Transaction,Sanford,FL,5651,No Error,Visa,Credit,YES,4200,2,689,5244,3,26574
11031413,0,2012-04-23 16:02:00,$1.54,Swipe Transaction,Lebanon,MO,5499,No Error,Mastercard,Debit (Prepaid),YES,47,1,508,42750,1,28472
16851870,0,2015-10-24 15:25:00,$-78.00,Chip Transaction,Garner,NC,5541,No Error,Mastercard,Debit,YES,13123,1,650,106753,3,46256
12264162,0,2013-01-27 08:19:00,$89.50,Swipe Transaction,Fresno,CA,5411,No Error,Visa,Credit,YES,6800,2,628,10400,2,28357
9537262,0,2011-05-15 09:33:00,$1.04,Swipe Transaction,Statesville,NC,5499,No Error,Mastercard,Debit,YES,22137,2,695,57746,3,37617
22962437,0,2019-05-15 17:20:00,$37.70,Swipe Transaction,Cancun,Mexico,5814,No Error,Discover,Credit,NO,10000,2,668,31354,5,57824
21759738,0,2018-09-02 15:59:00,$75.86,Online Transaction,ONLINE,Unknown,7922,Insufficient Balance,Visa,Credit,YES,14400,1,706,99840,3,37534
22327405,0,2019-01-01 08:15:00,$39.60,Chip Transaction,Chillicothe,OH,7538,No Error,Visa,Debit,YES,1736,1,717,85531,5,44583
22382436,1,2019-01-12 18:12:00,$23.53,Chip Transaction,Rome,Italy,5651,No Error,Mastercard,Debit,YES,7272,2,639,125358,3,61904
12664849,0,2013-04-26 11:24:00,$4.08,Swipe Transaction,Goldsboro,NC,5311,No Error,Mastercard,Debit,YES,13123,1,650,106753,3,46256
16312536,0,2015-07-01 08:29:00,$3.03,Chip Transaction,Madison,WI,5812,No Error,Visa,Debit,YES,19856,1,719,114254,2,48279
20034861,0,2017-09-02 08:24:00,$3.74,Chip Transaction,Moorpark,CA,5812,No Error,Mastercard,Credit,YES,9500,1,701,16437,4,36724
7567939,1,2010-01-24 17:17:00,$3.56,Online Transaction,ONLINE,Unknown,5311,No Error,Visa,Debit,NO,12370,1,707,109558,3,48295
18374895,0,2016-09-14 18:50:00,$11.60,Chip Transaction,Jacksonville,FL,5411,No Error,Mastercard,Credit,YES,12400,2,767,127951,3,40000
19158293,0,2017-02-28 18:31:00,$8.96,Swipe Transaction,Whitehouse Station,NJ,5912,No Error,Mastercard,Debit,NO,18050,2,704,6955,2,104692
12797016,0,2013-05-25 15:37:00,$52.02,Swipe Transaction,East Sparta,OH,5411,No Error,Mastercard,Debit,YES,15849,2,683,71022,4,45202
22878695,0,2019-04-27 19:17:00,$2.08,Chip Transaction,Lebanon,MO,5499,No Error,Mastercard,Debit (Prepaid),YES,47,1,508,42750,1,28472
16315738,0,2015-07-01 19:25:00,$55.88,Chip Transaction,Austin,TX,5812,No Error,Mastercard,Debit,YES,5966,1,726,59590,5,47482
10573531,0,2012-01-09 11:04:00,$301.56,Swipe Transaction,Cordele,GA,8111,No Error,Discover,Credit,YES,7600,1,734,66681,6,28269
22825301,0,2019-04-16 15:20:00,$48.51,Chip Transaction,Charlotte,NC,7538,No Error,Visa,Credit,YES,13200,2,700,65525,3,36323
9630421,0,2011-06-06 07:26:00,$22.19,Swipe Transaction,Olympia,WA,5499,No Error,Visa,Debit,YES,32075,2,583,66148,5,49023
13500732,1,2013-10-27 10:05:00,$109.88,Online Transaction,ONLINE,Unknown,5977,No Error,Mastercard,Debit (Prepaid),YES,51,2,768,107734,3,41886
14775815,0,2014-08-02 20:30:00,$68.18,Swipe Transaction,Charlotte,TN,5814,No Error,Visa,Credit,YES,8000,2,684,51751,4,35196
19638931,0,2017-06-10 14:27:00,$1.63,Chip Transaction,Richmond,CA,5499,No Error,Mastercard,Debit,YES,20573,1,717,85531,5,44583
14192804,0,2014-03-28 08:17:00,$20.40,Swipe Transaction,Naples,FL,5912,No Error,Visa,Debit,YES,27646,1,720,92603,4,35590
22404601,0,2019-01-17 13:53:00,$100.00,Chip Transaction,Gadsden,AL,5499,No Error,Mastercard,Debit (Prepaid),YES,50,2,717,113715,3,39708
10344769,0,2011-11-17 16:52:00,$6.25,Swipe Transaction,Torrance,CA,5411,No Error,Visa,Credit,YES,22400,1,704,0,7,68010
17842190,1,2016-05-24 10:50:00,$225.74,Online Transaction,ONLINE,Unknown,7801,No Error,Mastercard,Debit (Prepaid),YES,40,1,757,10019,5,30983
12041580,0,2012-12-07 23:14:00,$99.00,Swipe Transaction,El Cajon,CA,5499,No Error,Mastercard,Debit (Prepaid),YES,74,1,750,39663,3,42150
14488463,0,2014-06-01 06:49:00,$0.40,Swipe Transaction,Compton,CA,5921,No Error,Mastercard,Debit (Prepaid),YES,80,1,709,12241,4,26664
8553324,1,2010-09-24 07:36:00,$65.39,Online Transaction,ONLINE,Unknown,5311,No Error,Visa,Credit,YES,14100,1,782,27813,4,38041
13337679,0,2013-09-21 12:58:00,$25.52,Swipe Transaction,Chantilly,VA,5411,No Error,Mastercard,Debit,NO,19843,1,727,16524,8,113514
11256870,1,2012-06-13 17:11:00,$87.13,Online Transaction,ONLINE,Unknown,5300,No Error,Mastercard,Credit,YES,6100,1,712,1386,2,23718
21236780,0,2018-05-15 07:31:00,$43.40,Chip Transaction,Chula Vista,CA,5912,No Error,Visa,Credit,YES,17100,1,675,105623,4,54963
14210187,0,2014-03-31 21:33:00,$118.67,Swipe Transaction,Garland,TX,4111,No Error,Visa,Debit,YES,9827,1,687,24480,2,27691
17117035,1,2015-12-20 10:03:00,$120.97,Online Transaction,ONLINE,Unknown,7801,No Error,Visa,Debit,YES,38120,2,767,686,4,61793
18834376,0,2016-12-21 19:09:00,$28.79,Swipe Transaction,Columbus,NJ,7832,No Error,Visa,Debit,NO,18138,1,820,92489,5,47087
18487540,0,2016-10-09 04:59:00,$135.95,Chip Transaction,Eastman,GA,4900,No Error,Visa,Credit,YES,5500,2,703,46043,2,29413
16404715,0,2015-07-20 18:40:00,$90.02,Online Transaction,ONLINE,Unknown,4900,No Error,Mastercard,Debit,YES,4534,1,581,17440,3,48060
12355514,1,2013-02-16 15:07:00,$1.32,Swipe Transaction,Timnath,CO,5912,No Error,Visa,Credit,YES,15600,2,690,1807,6,60080
10736136,0,2012-02-15 10:38:00,$9.59,Swipe Transaction,Maywood,IL,5814,No Error,Mastercard,Debit,YES,12566,1,655,59730,4,31505
19858025,0,2017-07-26 17:02:00,$100.00,Chip Transaction,Lake City,FL,4829,No Error,Mastercard,Debit,YES,24772,2,740,110153,4,48277
17540956,1,2016-03-20 19:15:00,$806.33,Online Transaction,ONLINE,Unknown,4411,No Error,Mastercard,Debit,YES,4534,1,581,17440,3,48060
7843230,0,2010-04-03 23:06:00,$7.13,Swipe Transaction,Detroit,MI,5411,No Error,Visa,Credit,YES,7100,2,682,37929,2,28181
16936703,0,2015-11-11 16:50:00,$67.91,Chip Transaction,Ridgefield,WA,7230,No Error,Mastercard,Debit,YES,24090,1,750,82696,4,55682
21647991,0,2018-08-10 08:36:00,$37.25,Swipe Transaction,Christiansburg,VA,5541,No Error,Visa,Debit,YES,842,2,686,32087,5,26546
11107650,0,2012-05-11 05:43:00,$150.11,Online Transaction,ONLINE,Unknown,6300,No Error,Amex,Credit,YES,7400,2,722,81716,2,30997
7860881,0,2010-04-08 09:34:00,$2.87,Swipe Transaction,Elverson,PA,5499,No Error,Amex,Credit,YES,13300,1,766,74288,5,57658
9059839,0,2011-01-23 06:22:00,$-95.00,Swipe Transaction,Manahawkin,NJ,5499,No Error,Visa,Credit,YES,9700,1,661,8332,5,46031
20047330,0,2017-09-04 21:14:00,$39.47,Online Transaction,ONLINE,Unknown,4784,Bad Expiration,Mastercard,Debit,YES,16339,1,706,108192,2,49374
18847161,0,2016-12-24 15:55:00,$59.00,Chip Transaction,Abbeville,LA,5499,No Error,Mastercard,Debit,YES,9496,2,810,81262,1,38190
18958348,0,2017-01-17 11:14:00,$41.75,Online Transaction,ONLINE,Unknown,4784,No Error,Visa,Debit,YES,10182,2,597,106161,2,51330
13677128,0,2013-12-05 10:38:00,$92.00,Swipe Transaction,Carthage,NY,5499,No Error,Mastercard,Debit,YES,16320,1,686,24637,5,35114
19430830,0,2017-04-27 15:09:00,$105.96,Chip Transaction,Chicago,IL,5541,No Error,Amex,Credit,YES,11300,2,676,28929,2,36335
9980774,0,2011-08-26 02:59:00,$2.65,Swipe Transaction,Whites Creek,TN,5411,No Error,Mastercard,Debit,YES,24608,1,739,72801,4,42120
16049238,0,2015-05-05 18:24:00,$263.86,Online Transaction,ONLINE,Unknown,6300,No Error,Amex,Credit,YES,16000,1,737,42852,4,52186
9675401,0,2011-06-16 11:45:00,$11.19,Swipe Transaction,Commerce City,CO,5411,No Error,Visa,Debit,YES,28717,2,605,24575,3,37789
9975513,0,2011-08-24 18:02:00,$104.08,Swipe Transaction,Plymouth,MI,5300,No Error,Visa,Debit,YES,19635,2,641,74352,5,40246
19216545,0,2017-03-13 08:40:00,$44.94,Online Transaction,ONLINE,Unknown,4784,No Error,Mastercard,Debit,YES,5204,1,583,66148,5,49023
14999857,0,2014-09-20 14:17:00,$27.73,Swipe Transaction,Fair Oaks,CA,4214,No Error,Visa,Credit,YES,14700,2,680,144534,4,52904
13741914,0,2013-12-19 13:45:00,$10.01,Online Transaction,ONLINE,Unknown,4784,No Error,Mastercard,Debit,NO,13606,2,809,1644,8,19225
7794991,0,2010-03-22 19:15:00,$35.58,Swipe Transaction,Austin,TX,5812,No Error,Mastercard,Debit,YES,5966,1,726,59590,5,47482
17999570,0,2016-06-26 19:29:00,$132.03,Chip Transaction,Lake Charles,LA,5300,No Error,Mastercard,Debit,YES,12852,2,761,69070,6,54587
16463233,1,2015-08-02 11:01:00,$1.38,Chip Transaction,Harrietta,MI,5411,No Error,Mastercard,Debit,YES,18684,2,712,78833,3,41442
23479495,0,2019-09-01 20:22:00,$21.67,Chip Transaction,Mcalester,OK,5541,No Error,Mastercard,Debit,YES,7597,1,757,10019,5,30983
10940148,0,2012-04-02 19:59:00,$39.48,Swipe Transaction,Arcadia,CA,7802,No Error,Visa,Credit,YES,8500,1,732,54455,3,35016
9442739,0,2011-04-23 06:00:00,$11.96,Swipe Transaction,Chicago,IL,5411,No Error,Visa,Debit,YES,20245,2,657,68494,5,45462
9537594,0,2011-05-15 10:55:00,$37.44,Swipe Transaction,Albuquerque,NM,7538,No Error,Mastercard,Debit,YES,9454,1,696,1797,5,16611
23230568,0,2019-07-11 12:18:00,$3.99,Chip Transaction,Ewa Beach,HI,5411,No Error,Visa,Debit,YES,9956,2,725,472,5,42306
22512859,0,2019-02-09 12:36:00,$20.21,Swipe Transaction,Carrollton,TX,5411,Insufficient Balance,Mastercard,Debit,NO,17599,1,757,15891,4,43598
23227268,0,2019-07-10 17:46:00,$32.46,Swipe Transaction,Reston,VA,4900,No Error,Mastercard,Debit,NO,27117,1,581,17440,3,48060
11774306,0,2012-10-08 14:23:00,$89.80,Swipe Transaction,Mount Carmel,IL,5912,No Error,Mastercard,Credit,YES,10600,1,753,0,4,32576
8858088,1,2010-12-06 10:43:00,$45.70,Online Transaction,ONLINE,Unknown,5311,No Error,Visa,Debit,YES,8400,1,850,74820,6,38386
19074593,0,2017-02-10 23:53:00,$-80.00,Chip Transaction,Hubbard,OH,5499,No Error,Discover,Credit,YES,14600,2,665,66403,1,37415
21384458,1,2018-06-15 12:53:00,$82.93,Chip Transaction,Rome,Italy,5311,No Error,Mastercard,Debit,YES,34684,2,610,2027,5,80493
14099795,0,2014-03-07 16:42:00,$6.50,Swipe Transaction,Morrisville,NC,5310,No Error,Mastercard,Debit (Prepaid),YES,62,2,727,37163,5,75682
21043311,0,2018-04-04 08:00:00,$19.23,Online Transaction,ONLINE,Unknown,4121,No Error,Mastercard,Debit,YES,15422,2,850,86171,3,62837
16959041,1,2015-11-16 15:08:00,$152.82,Online Transaction,ONLINE,Unknown,4829,No Error,Visa,Debit,YES,27376,2,690,114266,5,53357
20999142,0,2018-03-25 15:15:00,$16.72,Swipe Transaction,Chattanooga,TN,5812,No Error,Mastercard,Debit,NO,137669,1,686,150896,5,193768
19199621,0,2017-03-09 14:04:00,$14.53,Chip Transaction,Katy,TX,5912,No Error,Mastercard,Credit,YES,12500,2,779,78143,4,53878
16878344,0,2015-10-30 11:18:00,$132.20,Swipe Transaction,Corpus Christi,TX,5300,No Error,Mastercard,Debit,NO,19554,1,745,54351,2,32126
21362624,0,2018-06-10 18:27:00,$2.74,Chip Transaction,North Hollywood,CA,5411,No Error,Mastercard,Debit,YES,27447,2,725,907,4,34441
9299899,0,2011-03-20 18:57:00,$109.43,Swipe Transaction,Atlantic City,NJ,7995,No Error,Visa,Credit,YES,8900,1,769,73779,5,36270
12160802,0,2013-01-03 20:23:00,$44.04,Online Transaction,ONLINE,Unknown,4121,No Error,Mastercard,Debit,YES,62519,1,764,6229,8,82009
7765375,1,2010-03-15 11:55:00,$44.86,Online Transaction,ONLINE,Unknown,5311,No Error,Amex,Credit,YES,7100,1,684,51751,4,35196
11930266,0,2012-11-12 21:34:00,$32.85,Swipe Transaction,La Verne,CA,5813,No Error,Visa,Credit,NO,12400,1,787,127613,5,59696
13989181,0,2014-02-11 12:57:00,$14.59,Swipe Transaction,Huntington,WV,5814,No Error,Visa,Debit,YES,25292,2,702,107410,4,44534
18246471,0,2016-08-18 11:30:00,$20.00,Swipe Transaction,Binghamton,NY,4829,No Error,Mastercard,Debit,YES,4887,2,616,39222,4,30984
8835402,0,2010-11-30 21:18:00,$44.36,Swipe Transaction,Mechanicsburg,PA,5310,No Error,Visa,Credit,YES,10600,2,696,53407,1,44303
19795849,0,2017-07-13 14:44:00,$11.14,Swipe Transaction,Clear Lake,MN,4214,No Error,Mastercard,Debit,NO,31829,2,758,25867,7,38800
9255251,0,2011-03-10 08:14:00,$2.93,Swipe Transaction,Chino,CA,5942,No Error,Mastercard,Debit,YES,27447,2,725,907,4,34441
17237423,0,2016-01-14 18:37:00,$30.80,Chip Transaction,Sacramento,CA,5812,No Error,Mastercard,Debit (Prepaid),YES,105,2,737,72162,2,51854
10945317,0,2012-04-04 06:21:00,$72.55,Swipe Transaction,Kissimmee,FL,4900,No Error,Visa,Debit,YES,14217,1,850,80794,5,32928
22205465,0,2018-12-06 11:12:00,$13.15,Swipe Transaction,Dalton,GA,5541,No Error,Amex,Credit,YES,9900,2,793,62695,3,40407
8057102,0,2010-05-26 21:01:00,$6.39,Swipe Transaction,Palm Bay,FL,7538,No Error,Visa,Debit,YES,12252,1,643,49366,3,35978
8608670,0,2010-10-07 12:12:00,$12.46,Swipe Transaction,Wichita,KS,5411,No Error,Mastercard,Debit,YES,14576,2,719,24676,5,41790
13183058,0,2013-08-18 13:10:00,$194.66,Swipe Transaction,Dallas,TX,3390,No Error,Mastercard,Debit,YES,17527,1,763,0,4,33729
16603453,0,2015-09-01 10:54:00,$13.12,Swipe Transaction,El Paso,TX,5921,No Error,Mastercard,Debit,YES,20042,2,651,84935,3,34302
20304454,0,2017-10-29 11:39:00,$83.54,Swipe Transaction,Gaithersburg,MD,5719,No Error,Amex,Credit,NO,7100,1,605,24575,3,37789
16909584,0,2015-11-06 06:33:00,$50.00,Chip Transaction,Dinuba,CA,5499,Bad PIN,Mastercard,Debit,YES,15512,2,758,74083,2,26900
7780576,0,2010-03-19 09:05:00,$29.42,Online Transaction,ONLINE,Unknown,4121,No Error,Visa,Credit,YES,19100,2,782,1574,6,40787
19687398,0,2017-06-20 20:29:00,$125.33,Chip Transaction,Kailua,HI,5655,No Error,Mastercard,Debit,YES,24481,1,781,0,5,39214
13620475,0,2013-11-22 18:19:00,$171.08,Online Transaction,ONLINE,Unknown,6300,Bad CVV,Discover,Credit,YES,3600,2,724,93592,5,26535
13311771,0,2013-09-15 16:22:00,$482.86,Swipe Transaction,Kent,WA,7538,No Error,Visa,Credit,YES,16400,2,750,363,5,39110
17146787,0,2015-12-26 12:53:00,$6.99,Chip Transaction,Miami,FL,5812,No Error,Mastercard,Debit,YES,16034,2,616,2559,3,23217
14115106,1,2014-03-11 05:33:00,$171.15,Online Transaction,ONLINE,Unknown,3256,No Error,Mastercard,Debit,YES,14466,2,756,25987,7,28147
10147428,0,2011-10-03 12:19:00,$197.00,Swipe Transaction,De Pere,WI,3393,No Error,Mastercard,Debit,YES,23296,2,731,83828,2,66489
13474611,0,2013-10-21 13:13:00,$72.05,Swipe Transaction,Howard Beach,NY,7538,No Error,Mastercard,Debit,YES,24191,2,632,98211,4,53996
10648541,0,2012-01-26 11:08:00,$27.12,Online Transaction,ONLINE,Unknown,4121,Technical Glitch,Visa,Credit,YES,16400,1,714,1135,5,35685
18187070,0,2016-08-05 17:37:00,$49.44,Chip Transaction,Beaverton,OR,5411,No Error,Visa,Credit,YES,4600,1,706,103229,5,44249
16238551,1,2015-06-15 11:59:00,$164.07,Online Transaction,ONLINE,Unknown,5732,No Error,Mastercard,Credit,YES,8000,1,809,1644,8,19225
7504567,0,2010-01-08 12:42:00,$100.00,Swipe Transaction,Carrollton,TX,4829,No Error,Mastercard,Debit,YES,17689,1,757,15891,4,43598
20403168,0,2017-11-19 09:07:00,$105.58,Chip Transaction,Chattanooga,TN,7538,No Error,Mastercard,Debit,YES,22975,1,625,70603,2,48337
9007001,0,2011-01-10 14:19:00,$23.98,Swipe Transaction,Wauconda,IL,4121,No Error,Mastercard,Debit,YES,23740,2,782,1574,6,40787
17219727,0,2016-01-11 07:45:00,$54.41,Chip Transaction,Grand Rapids,MI,5411,No Error,Visa,Debit,YES,8643,2,631,22171,4,42812
20052158,0,2017-09-05 20:39:00,$15.40,Chip Transaction,Round Rock,TX,5813,No Error,Mastercard,Debit,YES,27761,1,726,29627,7,61901
8152335,0,2010-06-19 10:09:00,$2.18,Swipe Transaction,Sterling Heights,MI,5411,No Error,Visa,Credit,YES,5300,1,736,66529,2,46843
8780343,0,2010-11-17 15:50:00,$8.69,Swipe Transaction,Miami,FL,5411,No Error,Mastercard,Credit,YES,12900,1,783,87923,4,38390
17625601,0,2016-04-07 20:54:00,$70.42,Chip Transaction,Auburn,ME,5812,No Error,Mastercard,Credit,YES,9700,1,765,111077,2,42411
14661035,0,2014-07-08 14:59:00,$35.42,Swipe Transaction,Nashport,OH,5541,No Error,Amex,Credit,YES,13400,1,693,44263,3,43133
15432973,0,2014-12-23 17:08:00,$19.94,Swipe Transaction,Tacoma,WA,5912,No Error,Visa,Debit,YES,35268,1,775,75415,4,64262
22402967,0,2019-01-17 09:16:00,$1.43,Chip Transaction,Winston,GA,5812,No Error,Visa,Debit,YES,21087,1,635,64994,1,46108
20357171,0,2017-11-09 14:09:00,$47.79,Online Transaction,ONLINE,Unknown,4784,No Error,Mastercard,Debit,NO,13245,2,686,24637,5,35114
7805915,0,2010-03-25 13:02:00,$-56.00,Swipe Transaction,Cambridge,OH,5541,No Error,Amex,Credit,YES,12200,2,769,28260,2,32522
8168171,0,2010-06-23 07:19:00,$3.30,Swipe Transaction,Piggott,AR,5411,No Error,Visa,Credit,YES,10400,2,782,45661,4,31499
19684698,0,2017-06-20 10:28:00,$5.71,Swipe Transaction,Rancho Cucamonga,CA,5812,No Error,Mastercard,Debit,NO,16426,2,761,97188,4,50163
20204554,0,2017-10-08 07:23:00,$41.83,Chip Transaction,Victoria,TX,5651,No Error,Visa,Debit,YES,17235,2,638,23406,5,23082
17281528,1,2016-01-24 11:09:00,$133.30,Online Transaction,ONLINE,Unknown,5651,No Error,Visa,Debit,YES,9708,1,792,59824,3,48710
7859020,0,2010-04-07 18:13:00,$55.97,Swipe Transaction,North Bend,NE,5300,No Error,Mastercard,Credit,YES,13800,1,745,0,4,67761
16482864,0,2015-08-06 13:34:00,$-51.00,Chip Transaction,Meridian,ID,5541,No Error,Mastercard,Debit,YES,14913,2,686,85218,3,45450
21202241,0,2018-05-07 16:32:00,$9.83,Chip Transaction,Lebanon,OR,4121,No Error,Mastercard,Debit (Prepaid),YES,57,1,786,55643,6,34671
14605788,0,2014-06-26 17:30:00,$21.20,Online Transaction,ONLINE,Unknown,4121,No Error,Mastercard,Debit (Prepaid),NO,38,3,758,117011,1,42808
15553902,0,2015-01-18 17:01:00,$33.29,Chip Transaction,Hammond,LA,5411,No Error,Mastercard,Credit,YES,7100,2,673,90940,4,41845
14615241,0,2014-06-28 16:50:00,$67.23,Swipe Transaction,Fort Lauderdale,FL,4900,No Error,Mastercard,Debit,YES,10726,2,711,34511,4,28931
16128996,0,2015-05-23 06:57:00,$34.44,Chip Transaction,Philadelphia,PA,5411,No Error,Visa,Credit,YES,24300,2,642,130160,1,103126
11202250,0,2012-06-01 11:47:00,$77.37,Swipe Transaction,Sacramento,CA,5651,No Error,Mastercard,Debit,YES,7081,2,689,18859,5,31177
15188689,0,2014-10-31 18:25:00,$15.40,Swipe Transaction,Leesburg,FL,5411,No Error,Discover,Credit,YES,4000,2,850,80794,5,32928
19173547,0,2017-03-04 00:49:00,$30.89,Online Transaction,ONLINE,Unknown,4784,No Error,Mastercard,Debit,YES,2809,2,720,92603,4,35590
12616241,0,2013-04-15 13:49:00,$67.16,Swipe Transaction,Chariton,IA,5300,No Error,Visa,Debit,YES,24424,1,790,23196,3,60510
20417474,0,2017-11-22 10:15:00,$7.71,Chip Transaction,Garden Grove,CA,5812,No Error,Visa,Debit,YES,14295,1,811,28613,4,38081
9818891,0,2011-07-19 15:37:00,$20.81,Online Transaction,ONLINE,Unknown,4121,No Error,Mastercard,Debit,YES,21205,1,730,3140,5,66999
8520368,0,2010-09-16 08:50:00,$47.14,Swipe Transaction,Concord,NC,5541,No Error,Visa,Credit,YES,12000,1,810,35134,5,51581
7782837,0,2010-03-19 19:06:00,$34.37,Swipe Transaction,Winfield,KS,7832,No Error,Mastercard,Debit,YES,14576,2,719,24676,5,41790
15588550,0,2015-01-26 10:24:00,$4.32,Chip Transaction,Richmond,VA,5411,No Error,Mastercard,Debit,YES,14913,2,686,85218,3,45450
20048802,0,2017-09-05 08:49:00,$2.14,Chip Transaction,Alpharetta,GA,5541,No Error,Mastercard,Debit,YES,416,2,680,3154,3,1426
22174613,0,2018-11-29 18:19:00,$70.62,Chip Transaction,Lenoir,NC,5912,No Error,Mastercard,Debit,YES,9883,1,694,13351,4,28988
15459996,0,2014-12-29 12:59:00,$8.40,Swipe Transaction,Chicago,IL,5541,No Error,Mastercard,Credit,YES,0,2,691,0,3,4
23058143,0,2019-06-05 06:06:00,$14.01,Online Transaction,ONLINE,Unknown,4121,No Error,Visa,Credit,YES,9900,1,788,14408,4,27772
21911767,0,2018-10-05 07:03:00,$43.23,Online Transaction,ONLINE,Unknown,4784,No Error,Amex,Credit,YES,18000,2,850,93513,1,67444
15521569,0,2015-01-11 18:47:00,$33.35,Chip Transaction,Barron,WI,5814,No Error,Visa,Debit,YES,22457,1,741,49537,3,31343
8686379,1,2010-10-26 09:34:00,$20.65,Online Transaction,ONLINE,Unknown,5251,No Error,Amex,Credit,NO,20900,2,793,11755,5,57513
23015331,0,2019-05-26 22:19:00,$30.60,Chip Transaction,Charlotte,NC,5812,No Error,Mastercard,Debit,YES,16134,2,705,56689,4,36324
21152141,0,2018-04-27 06:41:00,$51.86,Chip Transaction,Los Angeles,CA,5499,No Error,Mastercard,Debit,YES,3658,2,696,53023,4,26510
8077168,0,2010-05-31 21:02:00,$41.01,Swipe Transaction,Chicago,IL,5310,No Error,Visa,Credit,YES,7400,1,641,56953,2,30509
9419537,0,2011-04-17 16:46:00,$58.39,Swipe Transaction,Mount Pleasant,NC,5912,No Error,Visa,Credit,YES,7900,1,694,50449,2,40867
21949054,0,2018-10-13 02:29:00,$51.59,Chip Transaction,Chula Vista,CA,7538,No Error,Discover,Credit,YES,11200,1,675,105623,4,54963
16504068,0,2015-08-11 07:15:00,$56.00,Chip Transaction,Denton,MD,5541,No Error,Visa,Debit,YES,17117,1,698,102611,2,76274
21895370,0,2018-10-01 14:15:00,$63.00,Swipe Transaction,Kent,WA,5499,Bad PIN,Mastercard,Debit,NO,32636,1,750,363,5,39110
15435183,0,2014-12-24 10:19:00,$5.29,Swipe Transaction,Houston,TX,5411,No Error,Mastercard,Credit,YES,7300,1,784,82667,7,32347
11168733,0,2012-05-24 18:33:00,$80.70,Online Transaction,ONLINE,Unknown,5311,No Error,Mastercard,Debit,YES,30971,2,741,2149,7,84694
10235213,0,2011-10-23 16:06:00,$15.74,Swipe Transaction,Tucson,AZ,5541,No Error,Visa,Credit,YES,6100,2,661,55369,5,35602
7728652,0,2010-03-06 08:06:00,$2.38,Swipe Transaction,Lebanon,OR,5541,No Error,Visa,Debit,YES,11678,2,786,55643,6,34671
11199961,0,2012-05-31 21:01:00,$74.10,Swipe Transaction,High Point,NC,7230,No Error,Mastercard,Debit,YES,21205,2,813,79960,7,48944
9115372,0,2011-02-05 07:57:00,$86.00,Swipe Transaction,Merritt Island,FL,5499,No Error,Mastercard,Debit,YES,12047,2,606,85160,1,53702
14572287,0,2014-06-19 13:04:00,$19.04,Online Transaction,ONLINE,Unknown,4784,No Error,Amex,Credit,YES,14800,1,701,59062,3,39700
20754788,0,2018-02-01 16:10:00,$40.00,Chip Transaction,Silverton,TX,4829,No Error,Mastercard,Debit,YES,12566,1,655,59730,4,31505
20380952,0,2017-11-14 14:49:00,$76.94,Chip Transaction,Woodstock,GA,5912,No Error,Visa,Debit,YES,21087,1,635,64994,1,46108
7503845,0,2010-01-08 09:35:00,$16.46,Swipe Transaction,Huntington Station,NY,9402,No Error,Mastercard,Credit,YES,15000,2,721,136853,4,71103
17039155,0,2015-12-03 16:24:00,$8.16,Swipe Transaction,Chicago,IL,5411,No Error,Mastercard,Credit,YES,0,2,691,0,3,4
18801196,0,2016-12-14 16:10:00,$75.30,Chip Transaction,Wilson,NC,5812,No Error,Amex,Credit,YES,13100,2,590,20950,3,55418
22104645,0,2018-11-15 06:09:00,$1.33,Chip Transaction,Florence,SC,5541,No Error,Visa,Debit,YES,31535,1,796,113529,5,84365
7944260,1,2010-04-29 06:30:00,$60.52,Online Transaction,ONLINE,Unknown,5311,No Error,Mastercard,Credit,YES,16300,2,772,222735,2,95945
12929997,0,2013-06-24 01:43:00,$46.33,Swipe Transaction,Gainesville,FL,5311,No Error,Mastercard,Debit,YES,22742,2,725,68559,4,52630
11607981,0,2012-09-01 04:51:00,$26.68,Online Transaction,ONLINE,Unknown,4121,No Error,Mastercard,Debit (Prepaid),NO,52,1,627,114394,5,64481
14555824,0,2014-06-15 18:52:00,$3.94,Swipe Transaction,Fort Lauderdale,FL,5311,No Error,Visa,Debit,YES,20447,2,661,90049,7,44170
13813353,0,2014-01-04 07:35:00,$86.37,Swipe Transaction,Holland,MI,5912,No Error,Discover,Credit,YES,13000,1,773,28032,4,38487
20678981,0,2018-01-16 17:32:00,$17.22,Online Transaction,ONLINE,Unknown,4784,No Error,Visa,Debit,YES,16962,1,593,95755,2,36760
17382212,0,2016-02-14 19:02:00,$40.00,Chip Transaction,Lucas,IA,4829,No Error,Visa,Debit,YES,32659,2,790,23196,3,60510
22339657,1,2019-01-03 17:43:00,$21.43,Swipe Transaction,Rome,Italy,5912,No Error,Amex,Credit,NO,7100,1,605,24575,3,37789
17390556,1,2016-02-16 14:01:00,$3.58,Chip Transaction,Gates Mills,OH,5651,No Error,Mastercard,Debit,YES,28580,1,695,86837,6,41091
23476404,0,2019-09-01 09:22:00,$35.52,Chip Transaction,Saint Johnsbury,VT,5912,No Error,Visa,Debit,YES,11528,2,772,52248,5,36843
13501045,1,2013-10-27 11:03:00,$51.63,Online Transaction,ONLINE,Unknown,4121,No Error,Mastercard,Debit (Prepaid),YES,61,2,785,16040,5,21547
16412576,1,2015-07-22 12:15:00,$120.01,Chip Transaction,Maple Heights,OH,5651,No Error,Mastercard,Debit (Prepaid),YES,65,2,731,34039,2,55565
12923542,0,2013-06-22 14:18:00,$-59.00,Swipe Transaction,Callicoon,NY,5499,No Error,Mastercard,Debit,NO,25878,1,717,418,5,51717
14870299,0,2014-08-23 11:08:00,$-94.00,Swipe Transaction,San Antonio,TX,5499,No Error,Mastercard,Debit,YES,19955,1,802,111007,6,42900
18653393,1,2016-11-13 11:37:00,$275.00,Online Transaction,ONLINE,Unknown,3393,No Error,Mastercard,Debit,YES,27146,1,810,35134,5,51581
9010937,0,2011-01-11 12:48:00,$80.00,Swipe Transaction,Longville,LA,4829,No Error,Mastercard,Debit,YES,12852,2,761,69070,6,54587
13608647,0,2013-11-20 08:32:00,$5.97,Swipe Transaction,Lancaster,OH,5499,No Error,Mastercard,Debit (Prepaid),YES,23,2,609,4031,2,79870
10881958,0,2012-03-20 13:51:00,$44.55,Swipe Transaction,Edwardsville,IL,7832,No Error,Visa,Credit,YES,8700,1,590,1639,2,16646
9714224,0,2011-06-25 11:59:00,$0.76,Swipe Transaction,Leesburg,GA,4214,No Error,Mastercard,Debit,YES,2903,2,829,12475,3,28055
9836469,0,2011-07-23 16:42:00,$30.44,Swipe Transaction,New Buffalo,PA,5411,No Error,Visa,Credit,YES,6600,1,717,44902,2,29864
12437524,0,2013-03-07 02:59:00,$29.31,Swipe Transaction,Eastpointe,MI,5211,No Error,Visa,Debit,YES,11906,1,739,41173,4,37686
14433368,0,2014-05-19 22:26:00,$174.03,Swipe Transaction,Houston,TX,5411,No Error,Amex,Credit,YES,11200,2,691,64269,5,53872
20872222,1,2018-02-26 17:05:00,$118.61,Chip Transaction,Rome,Italy,5651,No Error,Mastercard,Debit,YES,16102,1,778,16285,4,31901
14532503,0,2014-06-10 14:50:00,$73.25,Swipe Transaction,Philadelphia,PA,5719,No Error,Mastercard,Debit,YES,14531,1,693,94228,2,32855
10216547,0,2011-10-19 10:56:00,$96.39,Swipe Transaction,Irving,TX,5310,No Error,Visa,Credit,YES,20100,1,593,108399,4,49677
13496481,0,2013-10-26 11:27:00,$42.85,Swipe Transaction,Voorheesville,NY,5719,No Error,Mastercard,Debit (Prepaid),YES,66,1,680,37838,4,58503
10765712,0,2012-02-22 06:27:00,$4.09,Swipe Transaction,Independence,OH,5499,No Error,Visa,Debit,YES,18220,1,683,6494,4,49079
19830214,0,2017-07-20 19:34:00,$154.36,Online Transaction,ONLINE,Unknown,4899,No Error,Mastercard,Debit,YES,1837,2,612,71719,2,36743
13356113,0,2013-09-25 14:43:00,$58.41,Swipe Transaction,Novi,MI,5411,No Error,Visa,Debit,YES,9521,2,509,33545,4,62103
8623717,1,2010-10-11 07:50:00,$1.56,Online Transaction,ONLINE,Unknown,5311,No Error,Mastercard,Credit,YES,17900,1,759,23366,4,51014
12389371,0,2013-02-24 08:30:00,$-61.00,Swipe Transaction,Sunnyvale,CA,5499,No Error,Mastercard,Debit,YES,43863,1,786,122254,6,92785
12340237,0,2013-02-13 09:56:00,$71.00,Swipe Transaction,Latrobe,PA,5541,No Error,Mastercard,Credit,YES,10600,1,781,79302,4,39733
13296113,0,2013-09-12 10:23:00,$14.20,Swipe Transaction,Arnold,MO,5812,No Error,Discover,Credit,YES,9700,1,684,55173,5,44334
20141914,0,2017-09-24 20:04:00,$21.29,Chip Transaction,Shepherdsville,KY,5211,No Error,Mastercard,Debit,YES,20881,1,712,17392,2,40087
12782936,0,2013-05-22 15:12:00,$109.00,Swipe Transaction,Boca Raton,FL,5300,No Error,Mastercard,Debit,YES,1264,1,790,427,8,11613
23194876,0,2019-07-03 22:52:00,$18.52,Chip Transaction,Garden Grove,CA,5813,No Error,Visa,Debit,YES,15112,2,811,28613,4,38081
11595897,0,2012-08-29 11:01:00,$100.00,Swipe Transaction,Upper Sandusky,OH,4829,No Error,Mastercard,Debit,YES,24819,1,735,0,6,37556
16032519,0,2015-05-02 10:02:00,$50.66,Online Transaction,ONLINE,Unknown,4784,No Error,Mastercard,Debit,YES,37377,2,685,45269,2,67230
19759338,0,2017-07-05 22:01:00,$4.94,Online Transaction,ONLINE,Unknown,5311,No Error,Mastercard,Debit,YES,13529,2,828,55112,5,35397
22975277,0,2019-05-18 12:06:00,$0.54,Chip Transaction,Brooklyn,NY,5499,No Error,Mastercard,Debit,YES,14541,1,725,2667,3,47542
7976639,1,2010-05-07 06:55:00,$108.81,Online Transaction,ONLINE,Unknown,5311,No Error,Mastercard,Debit (Prepaid),YES,93,1,689,42745,4,30288
12175570,0,2013-01-07 07:44:00,$12.26,Online Transaction,ONLINE,Unknown,4121,No Error,Visa,Debit,YES,34818,2,703,157723,3,92017
21663065,0,2018-08-13 11:17:00,$16.89,Swipe Transaction,Los Altos,CA,9402,No Error,Visa,Debit (Prepaid),NO,68,1,764,6229,8,82009
20261878,0,2017-10-20 11:15:00,$0.96,Chip Transaction,Kerhonkson,NY,5499,No Error,Mastercard,Debit,YES,22357,2,732,66,4,9766
18073645,1,2016-07-12 13:44:00,$117.81,Online Transaction,ONLINE,Unknown,7996,No Error,Mastercard,Debit,YES,19573,1,727,26792,2,52181
22240379,0,2018-12-13 18:38:00,$9.35,Online Transaction,ONLINE,Unknown,4121,No Error,Mastercard,Debit (Prepaid),YES,47,1,508,42750,1,28472
13258477,0,2013-09-04 06:31:00,$63.12,Swipe Transaction,Washington,DC,5211,No Error,Visa,Debit,YES,20961,1,799,0,3,48810
17772634,0,2016-05-09 12:58:00,$15.54,Chip Transaction,Puyallup,WA,5541,No Error,Visa,Debit,YES,20074,1,767,52978,3,49993
11319717,0,2012-06-27 19:49:00,$34.74,Swipe Transaction,Ukiah,CA,5310,No Error,Mastercard,Debit,YES,17034,2,576,10323,3,12044
10072321,0,2011-09-15 23:37:00,$2.55,Swipe Transaction,West Covina,CA,5499,No Error,Mastercard,Debit,YES,16055,1,698,196,5,33483
13719209,0,2013-12-14 12:53:00,$22.87,Swipe Transaction,Sonora,CA,5541,No Error,Visa,Debit,YES,5024,1,703,15489,4,37544
22139919,0,2018-11-22 13:32:00,$48.60,Chip Transaction,Richardson,TX,5411,No Error,Mastercard,Debit,YES,10656,2,755,1433,5,32669
16238518,1,2015-06-15 11:53:00,$84.67,Swipe Transaction,Walnut Creek,CA,5912,No Error,Visa,Debit,YES,17280,2,646,156474,5,87030
21027678,0,2018-03-31 16:43:00,$9.95,Chip Transaction,Brownsville,TX,5411,No Error,Mastercard,Debit,YES,10966,1,702,27227,3,22714
21299878,0,2018-05-28 14:22:00,$-100.00,Chip Transaction,Hamilton,IN,5499,No Error,Mastercard,Debit,YES,8021,2,812,54771,4,21397
13176113,1,2013-08-17 05:50:00,$0.91,Online Transaction,ONLINE,Unknown,5815,No Error,Discover,Credit,YES,10300,1,828,55112,5,35397
10323828,0,2011-11-13 04:16:00,$100.00,Swipe Transaction,Bowling Green,KY,4829,No Error,Visa,Credit,YES,8900,1,812,24172,5,30252
10242688,0,2011-10-25 11:04:00,$5.31,Swipe Transaction,San Leandro,CA,5814,No Error,Visa,Debit,YES,23237,2,743,15336,5,30962
12706767,0,2013-05-05 15:29:00,$87.00,Swipe Transaction,Marietta,GA,5499,No Error,Visa,Debit,YES,16513,1,600,60949,3,36652
21932156,0,2018-10-09 12:47:00,$48.96,Swipe Transaction,Philadelphia,PA,5411,No Error,Amex,Credit,NO,9300,2,687,47490,4,36711
8360033,0,2010-08-08 16:15:00,$78.37,Swipe Transaction,Miami,FL,7230,No Error,Mastercard,Debit,YES,16034,2,616,2559,3,23217
21195914,0,2018-05-06 10:42:00,$4.99,Online Transaction,ONLINE,Unknown,4814,No Error,Mastercard,Credit,NO,7300,1,776,23392,3,30305
22814051,0,2019-04-14 08:54:00,$15.72,Chip Transaction,Houston,TX,5942,No Error,Mastercard,Credit,YES,7300,2,773,70825,4,30495
9508413,0,2011-05-08 14:01:00,$121.26,Swipe Transaction,Oviedo,FL,5912,No Error,Mastercard,Credit,YES,9200,3,636,93460,3,55571
18082717,1,2016-07-14 11:59:00,$417.00,Online Transaction,ONLINE,Unknown,3405,No Error,Visa,Debit,YES,24123,1,751,1218,4,50232
10051040,0,2011-09-11 08:37:00,$41.72,Swipe Transaction,Syracuse,NY,5211,No Error,Mastercard,Credit,YES,5500,2,681,95988,2,41379
17085600,0,2015-12-13 14:16:00,$93.93,Chip Transaction,Bristol,TN,5310,No Error,Mastercard,Debit,YES,6103,2,759,67244,5,36285
11801975,0,2012-10-14 17:48:00,$28.03,Swipe Transaction,Perrysburg,OH,4814,No Error,Visa,Debit,YES,13435,2,722,93844,3,37169
14212748,0,2014-04-01 12:10:00,$11.80,Swipe Transaction,Fort Lauderdale,FL,5411,Insufficient Balance,Visa,Credit,YES,17300,1,503,181429,2,82974
16869443,1,2015-10-28 10:40:00,$75.52,Online Transaction,ONLINE,Unknown,7996,Insufficient Balance,Mastercard,Debit (Prepaid),YES,76,1,721,89762,5,36925
18096956,0,2016-07-17 14:34:00,$82.44,Chip Transaction,Mason,WI,5300,No Error,Visa,Debit,YES,22457,1,741,49537,3,31343
8921144,0,2010-12-21 09:50:00,$3.54,Swipe Transaction,Auburn,GA,5411,No Error,Visa,Debit,YES,34877,2,675,162012,1,89152
21920272,0,2018-10-06 18:54:00,$25.52,Chip Transaction,Des Moines,IA,5541,No Error,Visa,Credit,YES,10200,2,686,57052,1,37864
11362176,1,2012-07-07 10:43:00,$2.45,Online Transaction,ONLINE,Unknown,5815,No Error,Visa,Credit,YES,8500,1,850,51667,4,30747
20337179,0,2017-11-05 10:42:00,$63.91,Chip Transaction,Henderson,TX,8043,No Error,Mastercard,Debit,YES,6957,1,759,119670,1,36496
22664949,0,2019-03-13 16:37:00,$19.27,Swipe Transaction,Saint Albans,WV,5813,No Error,Visa,Debit,NO,24089,2,726,43270,1,35239
9098121,0,2011-02-01 07:50:00,$5.60,Swipe Transaction,Yorba Linda,CA,5814,No Error,Mastercard,Debit,YES,19959,2,685,4344,4,99825
22140188,1,2018-11-22 14:19:00,$448.00,Chip Transaction,Rome,Italy,3684,No Error,Visa,Credit,YES,10900,1,686,1248,6,31943
17822179,0,2016-05-20 04:13:00,$29.26,Chip Transaction,Oak Park,MN,5813,No Error,Mastercard,Debit (Prepaid),YES,42,2,713,51924,4,31244
15522756,0,2015-01-12 06:58:00,$9.27,Chip Transaction,Glendale,CA,5977,No Error,Mastercard,Debit,YES,15552,2,725,86014,4,43021
12765925,0,2013-05-18 17:21:00,$0.00,Swipe Transaction,Gastonia,NC,4829,No Error,Mastercard,Debit,YES,19508,1,779,2873,7,16430
10619129,1,2012-01-19 15:30:00,$1.45,Online Transaction,ONLINE,Unknown,4214,No Error,Mastercard,Debit,YES,32784,2,781,0,4,61008
18557915,0,2016-10-24 05:34:00,$29.04,Chip Transaction,Chesterfield,MO,5411,No Error,Visa,Debit,YES,19525,2,791,23992,5,48600
12738534,0,2013-05-12 15:46:00,$4.50,Swipe Transaction,New York,NY,5813,No Error,Mastercard,Debit,YES,17795,1,850,1828,6,24884
21634700,0,2018-08-07 12:30:00,$10.09,Chip Transaction,Freeport,NY,7230,No Error,Visa,Debit,YES,15094,2,703,87837,3,48010
17693155,0,2016-04-22 12:02:00,$-72.00,Chip Transaction,Canal Fulton,OH,5541,No Error,Mastercard,Debit,YES,15849,2,683,71022,4,45202
19859873,0,2017-07-27 07:49:00,$-64.00,Chip Transaction,Round Lake,IL,5499,No Error,Mastercard,Debit,YES,13448,2,672,79738,4,46039
21476182,0,2018-07-04 22:05:00,$20.43,Chip Transaction,Fountain City,IN,5541,No Error,Visa,Debit,YES,1534,1,746,81680,4,30681
17660004,0,2016-04-15 11:09:00,$12.81,Chip Transaction,Utica,NY,5411,No Error,Mastercard,Debit,YES,4887,2,616,39222,4,30984
11640000,0,2012-09-08 08:18:00,$8.09,Swipe Transaction,Seabrook,TX,5411,No Error,Visa,Debit,YES,30891,1,710,120771,4,76288
8099582,0,2010-06-06 12:48:00,$36.17,Online Transaction,ONLINE,Unknown,4784,No Error,Visa,Debit (Prepaid),YES,71,2,726,20432,6,42806
21062720,0,2018-04-08 07:36:00,$45.21,Online Transaction,ONLINE,Unknown,4784,No Error,Visa,Debit,YES,12764,2,820,1820,2,10869
13019148,0,2013-07-13 12:17:00,$5.11,Swipe Transaction,Chesapeake,VA,5942,No Error,Mastercard,Debit,YES,15518,2,752,43645,5,49570
18617913,0,2016-11-05 19:43:00,$230.74,Chip Transaction,Finlayson,MN,3359,No Error,Mastercard,Debit,YES,6853,2,747,1758,5,16342
14779677,0,2014-08-03 15:56:00,$40.94,Online Transaction,ONLINE,Unknown,5311,No Error,Mastercard,Debit,YES,12594,2,751,49024,3,34947
19327729,0,2017-04-05 20:37:00,$45.71,Chip Transaction,Gainesville,FL,5912,No Error,Mastercard,Debit,YES,18627,2,602,132409,1,52538
22840438,1,2019-04-19 18:09:00,$11.88,Chip Transaction,Rome,Italy,5813,Bad PIN,Visa,Debit,YES,14249,1,695,86837,6,41091
7606185,0,2010-02-03 12:00:00,$35.05,Swipe Transaction,Farmington,ME,5499,No Error,Visa,Debit (Prepaid),YES,109,2,792,0,4,44134
22973105,0,2019-05-18 03:58:00,$4.75,Chip Transaction,Tokyo,Japan,5812,No Error,Amex,Credit,YES,8400,1,717,47179,6,32150
22656710,0,2019-03-11 18:29:00,$56.54,Chip Transaction,Jefferson,NC,5411,No Error,Mastercard,Debit,YES,9883,1,694,13351,4,28988
16417466,0,2015-07-23 14:30:00,$120.00,Chip Transaction,Derry,PA,4829,No Error,Visa,Debit,YES,12057,2,703,10895,2,29194
16663112,0,2015-09-14 09:00:00,$7.30,Chip Transaction,Waterford,MI,5411,No Error,Visa,Debit,YES,15807,1,712,839,8,36764
12274239,0,2013-01-29 12:35:00,$28.90,Swipe Transaction,Gonzales,TX,5912,No Error,Visa,Debit,YES,12764,2,820,1820,2,10869
16900625,0,2015-11-04 06:24:00,$31.31,Chip Transaction,Brooklyn,NY,5411,No Error,Amex,Credit,YES,6800,1,689,42745,4,30288
21033394,0,2018-04-01 22:10:00,$163.89,Chip Transaction,Cosby,TN,8011,No Error,Visa,Debit,YES,8333,1,722,3880,4,23967
11002049,0,2012-04-17 02:30:00,$8.71,Swipe Transaction,Marietta,GA,5541,No Error,Mastercard,Debit,YES,29465,1,638,24100,7,63502
9731934,0,2011-06-29 13:50:00,$74.27,Swipe Transaction,Mokena,IL,7538,No Error,Visa,Debit,YES,9146,2,616,39811,3,77961
16732158,0,2015-09-28 23:32:00,$52.03,Chip Transaction,Poplar Bluff,MO,5300,No Error,Visa,Debit,YES,11063,1,710,47647,5,23725
21581921,0,2018-07-27 08:27:00,$55.00,Chip Transaction,Honeoye Falls,NY,5541,No Error,Mastercard,Debit,YES,37377,2,685,45269,2,67230
13790731,0,2013-12-30 07:30:00,$-64.00,Swipe Transaction,Olympia,WA,5499,No Error,Mastercard,Debit,YES,3934,2,583,66148,5,49023
17555508,0,2016-03-23 22:06:00,$71.75,Chip Transaction,Stockton,IL,5310,No Error,Visa,Debit,YES,15265,2,716,36994,5,37898
17977466,0,2016-06-22 06:38:00,$43.27,Swipe Transaction,Essex,NY,5300,No Error,Mastercard,Debit (Prepaid),YES,70,2,582,128044,1,41537
9970217,0,2011-08-23 14:13:00,$7.04,Swipe Transaction,Fairfield,OH,5812,No Error,Visa,Debit,YES,23737,2,682,43630,3,39898
20672525,0,2018-01-15 10:29:00,$47.16,Chip Transaction,Greenville,NC,5300,No Error,Mastercard,Debit,YES,2072,2,670,47204,3,35938
20724137,0,2018-01-26 08:32:00,$81.85,Chip Transaction,Johnson City,TN,5311,No Error,Amex,Credit,YES,9700,2,644,64073,3,41069
15456117,0,2014-12-28 15:49:00,$10.84,Swipe Transaction,Compton,CA,5411,No Error,Visa,Debit,YES,27623,2,734,0,3,67589
17512919,0,2016-03-14 17:18:00,$574.63,Online Transaction,ONLINE,Unknown,6300,No Error,Mastercard,Credit,NO,14200,1,835,87082,5,52680
9456699,0,2011-04-26 11:02:00,$47.27,Swipe Transaction,Jackson,GA,5499,No Error,Visa,Credit,YES,4300,2,773,67263,1,35775
9542896,0,2011-05-16 14:12:00,$1.33,Swipe Transaction,Houston,TX,5499,No Error,Visa,Debit (Prepaid),NO,65,1,749,114235,1,62185
13771274,0,2013-12-25 21:27:00,$44.57,Swipe Transaction,Rock City,IL,5814,No Error,Visa,Credit,YES,9300,1,716,36994,5,37898
18214440,1,2016-08-11 13:49:00,$28.69,Online Transaction,ONLINE,Unknown,5815,No Error,Mastercard,Debit,YES,13322,2,772,52248,5,36843
10155321,0,2011-10-05 09:07:00,$17.67,Online Transaction,ONLINE,Unknown,4121,No Error,Visa,Debit (Prepaid),NO,65,1,749,114235,1,62185
20037222,0,2017-09-02 15:18:00,$82.84,Chip Transaction,Dallas,TX,7538,No Error,Mastercard,Credit,YES,13200,1,785,5377,4,39832
8280402,1,2010-07-20 12:54:00,$181.22,Online Transaction,ONLINE,Unknown,5311,No Error,Mastercard,Credit,YES,11000,1,814,108449,5,46244
22872378,1,2019-04-26 13:28:00,$33.53,Chip Transaction,Rome,Italy,5311,No Error,Mastercard,Debit (Prepaid),YES,21,2,583,66148,5,49023
20981459,0,2018-03-22 06:03:00,$-92.00,Chip Transaction,Wauconda,IL,5541,No Error,Visa,Credit,YES,12700,2,782,1574,6,40787
15254412,0,2014-11-15 07:40:00,$29.45,Online Transaction,ONLINE,Unknown,4784,No Error,Mastercard,Debit,YES,23021,1,683,26832,4,61532
23445108,0,2019-08-25 14:19:00,$21.11,Online Transaction,ONLINE,Unknown,4784,No Error,Amex,Credit,YES,14800,1,701,59062,3,39700
11680760,0,2012-09-17 12:34:00,$24.87,Online Transaction,ONLINE,Unknown,4121,No Error,Visa,Debit,YES,18384,1,821,370,7,33869
23711524,0,2019-10-21 08:08:00,$8.38,Chip Transaction,Chesapeake,VA,5541,No Error,Mastercard,Debit,YES,15518,2,752,43645,5,49570
11733463,0,2012-09-29 09:15:00,$29.50,Swipe Transaction,Indianapolis,IN,5912,No Error,Amex,Credit,YES,15700,1,770,122550,7,63433
8645818,0,2010-10-16 13:11:00,$61.94,Swipe Transaction,Dallas,TX,5912,No Error,Mastercard,Debit,YES,27795,1,759,94579,2,75918
21218413,0,2018-05-11 08:12:00,$28.67,Swipe Transaction,Clinton,TN,9402,No Error,Mastercard,Debit,NO,12157,2,681,127116,5,37422
16089327,0,2015-05-14 13:41:00,$180.00,Online Transaction,ONLINE,Unknown,4899,No Error,Mastercard,Credit,YES,8700,2,740,27463,3,38609
15064448,0,2014-10-04 14:40:00,$54.18,Swipe Transaction,Los Angeles,CA,5411,No Error,Mastercard,Credit,YES,2900,1,683,62461,4,22583
12123776,0,2012-12-26 12:46:00,$10.63,Swipe Transaction,West Plains,MO,5541,No Error,Mastercard,Credit,NO,6900,1,566,938,4,33356
10059641,0,2011-09-13 07:37:00,$95.00,Swipe Transaction,Merritt Island,FL,5541,No Error,Mastercard,Debit,YES,12047,2,606,85160,1,53702
22588268,0,2019-02-25 11:00:00,$1.69,Chip Transaction,Federal Way,WA,5541,No Error,Visa,Credit,YES,11400,2,680,44779,3,44355
8669830,0,2010-10-22 09:10:00,$24.45,Swipe Transaction,Wendell,ID,5310,No Error,Mastercard,Debit,YES,11986,2,624,101847,1,30432
16965783,0,2015-11-18 06:13:00,$33.29,Chip Transaction,Philadelphia,PA,5942,No Error,Visa,Credit,YES,24300,2,642,130160,1,103126
22899878,0,2019-05-02 11:51:00,$83.56,Chip Transaction,Butler,OH,5300,No Error,Mastercard,Debit,YES,9358,1,723,29409,6,34985
9579162,0,2011-05-25 05:50:00,$9.68,Swipe Transaction,Cedar Park,TX,5921,No Error,Mastercard,Credit,YES,13100,2,543,85666,4,62019
16847202,1,2015-10-23 16:04:00,$130.34,Online Transaction,ONLINE,Unknown,3009,No Error,Mastercard,Debit,YES,28815,1,835,87082,5,52680
7995433,0,2010-05-11 16:22:00,$88.99,Swipe Transaction,Yorba Linda,CA,5499,No Error,Visa,Credit,NO,18900,2,685,4344,4,99825
14372489,0,2014-05-06 13:20:00,$40.00,Swipe Transaction,Longville,LA,4829,No Error,Mastercard,Credit,YES,16700,1,761,69070,6,54587
13580896,0,2013-11-14 07:08:00,$41.46,Swipe Transaction,Albuquerque,NM,5541,No Error,Visa,Debit,YES,15018,2,733,36831,3,16542
16525302,0,2015-08-15 17:04:00,$26.48,Online Transaction,ONLINE,Unknown,4784,No Error,Mastercard,Debit,YES,2809,2,720,92603,4,35590
13194459,0,2013-08-21 06:00:00,$19.24,Swipe Transaction,Dallas,TX,5912,No Error,Mastercard,Debit,YES,27795,1,759,94579,2,75918
15725488,0,2015-02-25 05:48:00,$8.47,Chip Transaction,Hurst,TX,5411,Bad PIN,Mastercard,Debit,YES,20111,2,791,93406,5,63030
11655537,0,2012-09-11 16:09:00,$9.30,Swipe Transaction,Birmingham,AL,5411,No Error,Visa,Debit,YES,20653,1,753,42315,3,31533
11581482,0,2012-08-26 00:40:00,$2.31,Swipe Transaction,Katy,TX,5311,No Error,Mastercard,Debit,YES,9,1,705,27209,6,32817
20665892,0,2018-01-13 20:19:00,$95.00,Chip Transaction,Roan Mountain,TN,5541,No Error,Visa,Debit,YES,15240,2,696,182,3,25334
13078182,1,2013-07-26 11:10:00,$2.88,Swipe Transaction,Strasburg,OH,5812,No Error,Amex,Credit,YES,9600,1,698,2192,3,43386
10978117,1,2012-04-11 12:16:00,$3.10,Online Transaction,ONLINE,Unknown,5651,No Error,Visa,Debit,YES,1112,2,631,22171,4,42812
21452966,0,2018-06-30 04:43:00,$8.05,Chip Transaction,Coos Bay,OR,5411,No Error,Mastercard,Debit,YES,6222,2,749,49961,3,30721
17537747,0,2016-03-20 08:15:00,$8.00,Chip Transaction,Placentia,CA,5411,No Error,Visa,Debit,YES,31504,2,682,17835,4,46945
17900922,1,2016-06-05 20:12:00,$67.93,Chip Transaction,Frederica,DE,5211,No Error,Mastercard,Debit,YES,17201,2,788,55982,3,37968
20623119,1,2018-01-04 18:31:00,$22.71,Chip Transaction,Rome,Italy,5311,No Error,Amex,Credit,YES,6600,2,622,69717,3,54384
19448447,0,2017-05-01 12:10:00,$144.29,Chip Transaction,Waianae,HI,3730,No Error,Mastercard,Debit,YES,6056,2,717,85531,5,44583
20759248,0,2018-02-02 15:11:00,$94.78,Chip Transaction,Richmond,VA,5310,No Error,Mastercard,Debit,YES,27268,1,689,119852,2,53554
10863130,0,2012-03-16 09:24:00,$71.01,Swipe Transaction,Garden Grove,CA,5499,No Error,Visa,Debit,YES,14295,1,811,28613,4,38081
22911978,0,2019-05-04 22:36:00,$2.22,Chip Transaction,Chattanooga,TN,5499,No Error,Visa,Credit,YES,14500,2,705,20906,3,44831
19356627,0,2017-04-12 06:18:00,$38.41,Chip Transaction,West Covina,CA,7832,No Error,Mastercard,Debit,YES,31599,2,698,196,5,33483
8807422,0,2010-11-24 08:50:00,$50.31,Online Transaction,ONLINE,Unknown,4121,No Error,Mastercard,Debit,YES,48344,1,616,219213,2,97455
11449336,0,2012-07-27 08:00:00,$4.27,Swipe Transaction,Decatur,GA,5942,No Error,Mastercard,Credit,YES,17900,1,759,23366,4,51014
17485520,0,2016-03-08 20:36:00,$8.75,Chip Transaction,Waukegan,IL,5411,No Error,Mastercard,Debit,YES,23740,2,782,1574,6,40787
10169855,0,2011-10-08 15:09:00,$-71.00,Swipe Transaction,High Point,NC,5499,No Error,Visa,Debit,YES,41084,2,813,79960,7,48944
13425982,0,2013-10-11 00:15:00,$63.00,Swipe Transaction,Beulah,ND,5499,No Error,Mastercard,Debit,YES,24772,2,740,110153,4,48277
15523218,0,2015-01-12 08:15:00,$9.19,Chip Transaction,Brooklyn,NY,5411,No Error,Mastercard,Credit,YES,9100,1,695,94014,4,45789
8433059,0,2010-08-26 08:24:00,$5.38,Swipe Transaction,Dinuba,CA,5499,No Error,Visa,Debit (Prepaid),YES,31,2,714,691,4,17016
8048548,0,2010-05-24 18:49:00,$28.92,Swipe Transaction,Montgomery,AL,5411,No Error,Mastercard,Credit,YES,18000,1,800,130152,4,56383
21343809,0,2018-06-06 21:55:00,$62.21,Swipe Transaction,Atlanta,GA,7538,No Error,Mastercard,Debit,NO,1563,2,751,12054,3,28104
18228237,0,2016-08-14 14:25:00,$20.14,Chip Transaction,Glendale,CA,5300,No Error,Mastercard,Debit,YES,10462,1,699,23623,3,20783
21103580,0,2018-04-16 18:56:00,$34.37,Chip Transaction,Zionsville,IN,7832,No Error,Visa,Credit,YES,5700,2,850,1828,6,24884
7674553,0,2010-02-20 15:21:00,$39.38,Swipe Transaction,West Palm Beach,FL,5813,No Error,Discover,Credit,YES,7900,1,718,55010,5,37119
10575542,0,2012-01-09 18:26:00,$135.16,Swipe Transaction,Cross City,FL,4900,No Error,Visa,Debit,YES,51504,1,558,131828,4,57853
13500682,1,2013-10-27 09:55:00,$149.86,Online Transaction,ONLINE,Unknown,5815,No Error,Mastercard,Debit (Prepaid),YES,51,2,768,107734,3,41886
13931808,0,2014-01-30 03:18:00,$19.21,Swipe Transaction,Chantilly,VA,5411,No Error,Visa,Credit,YES,21600,2,727,16524,8,113514
10718800,0,2012-02-11 10:47:00,$10.00,Swipe Transaction,Woodway,TX,5812,No Error,Mastercard,Debit,NO,16726,1,606,153374,4,53138
21726609,0,2018-08-26 16:18:00,$8.93,Swipe Transaction,Carrollton,TX,5921,No Error,Mastercard,Debit,NO,18090,1,757,15891,4,43598
15897537,0,2015-04-03 08:17:00,$-66.00,Chip Transaction,Rockford,IL,5499,No Error,Mastercard,Debit,YES,21727,1,767,109623,3,50139
18724505,0,2016-11-28 12:02:00,$54.38,Chip Transaction,Irvington,NY,5499,No Error,Mastercard,Debit,YES,38048,1,542,5642,3,162709
15271035,0,2014-11-18 14:56:00,$65.27,Swipe Transaction,Rigby,ID,5942,No Error,Visa,Debit (Prepaid),YES,79,2,762,16331,4,38812
17394325,0,2016-02-17 11:15:00,$27.80,Chip Transaction,Encinitas,CA,5411,No Error,Mastercard,Debit (Prepaid),YES,74,1,750,39663,3,42150
14590875,0,2014-06-23 11:50:00,$9.11,Swipe Transaction,Mcalester,OK,5812,No Error,Mastercard,Debit (Prepaid),YES,40,1,757,10019,5,30983
23678126,0,2019-10-14 06:10:00,$-172.00,Swipe Transaction,Ontario,CA,3722,No Error,Visa,Debit,NO,14959,1,684,17352,3,49776
18805196,0,2016-12-15 13:23:00,$12.63,Chip Transaction,Taylorville,IL,5411,No Error,Visa,Credit,YES,10600,2,771,12347,6,31957
15316027,0,2014-11-28 12:29:00,$392.20,Swipe Transaction,Hamden,CT,5932,No Error,Discover,Credit,YES,21000,2,632,117380,1,80526
23013521,0,2019-05-26 13:57:00,$11.31,Chip Transaction,Fayetteville,NC,5499,No Error,Visa,Debit (Prepaid),YES,85,1,784,50461,4,37467
17249804,1,2016-01-17 13:46:00,$301.81,Online Transaction,ONLINE,Unknown,5300,No Error,Mastercard,Debit,YES,18964,1,693,40950,6,30198
19777334,0,2017-07-09 16:33:00,$1.54,Chip Transaction,Providence,RI,5310,No Error,Mastercard,Debit,YES,3099,2,758,2151,4,61991
7574189,0,2010-01-26 10:30:00,$111.57,Swipe Transaction,Rego Park,NY,4814,No Error,Mastercard,Debit,YES,6552,2,631,67164,4,51196
22816371,0,2019-04-14 16:09:00,$7.50,Swipe Transaction,Carrollton,TX,5411,No Error,Mastercard,Debit,NO,17599,1,757,15891,4,43598
16181576,0,2015-06-03 08:30:00,$2.88,Swipe Transaction,Charlevoix,MI,5499,No Error,Mastercard,Credit,NO,3800,1,718,17008,2,26613
8805752,0,2010-11-23 18:22:00,$14.49,Swipe Transaction,Fayetteville,NC,5812,No Error,Mastercard,Debit,YES,12557,2,666,73448,3,37468
9450651,0,2011-04-25 01:04:00,$11.84,Swipe Transaction,Westminster,MD,5912,No Error,Mastercard,Debit (Prepaid),YES,44,2,734,66681,6,28269
14408669,0,2014-05-14 13:49:00,$15.89,Online Transaction,ONLINE,Unknown,5311,No Error,Mastercard,Debit,YES,14661,2,752,20545,4,23092
15807726,0,2015-03-14 18:49:00,$62.87,Chip Transaction,Salem,OH,5942,No Error,Discover,Credit,YES,14600,2,665,66403,1,37415
11691978,0,2012-09-20 00:41:00,$37.57,Swipe Transaction,Vacaville,CA,5812,No Error,Visa,Debit,YES,29041,1,821,370,7,33869
21587162,0,2018-07-28 09:30:00,$11.04,Chip Transaction,Holly,MI,5812,No Error,Mastercard,Credit,YES,11000,1,814,108449,5,46244
9685246,0,2011-06-18 16:33:00,$21.63,Swipe Transaction,Davidsville,PA,5812,No Error,Mastercard,Debit,YES,66781,2,775,197100,5,97248
18701436,0,2016-11-23 13:29:00,$6.37,Chip Transaction,Indianapolis,IN,5541,No Error,Mastercard,Debit,YES,9471,1,624,60321,5,29957
14378770,0,2014-05-08 04:59:00,$23.04,Online Transaction,ONLINE,Unknown,4784,No Error,Mastercard,Debit,YES,18776,2,598,58679,1,29422
14725296,0,2014-07-22 16:35:00,$44.11,Swipe Transaction,Rocky Point,NY,5541,No Error,Visa,Debit,YES,20428,2,680,37838,4,58503
12468033,0,2013-03-13 17:40:00,$22.20,Swipe Transaction,Eastpointe,MI,7832,No Error,Visa,Debit,YES,35649,2,701,53696,4,42701
8840741,0,2010-12-02 08:02:00,$1.10,Swipe Transaction,Bridgeton,NJ,5499,No Error,Mastercard,Debit,YES,28003,2,791,51243,4,46278
21591841,0,2018-07-29 08:54:00,$106.00,Chip Transaction,Marietta,GA,5621,No Error,Amex,Credit,YES,8100,2,638,24100,7,63502
11626049,0,2012-09-05 07:36:00,$16.50,Swipe Transaction,Millington,TN,5411,No Error,Visa,Debit,YES,22025,2,784,0,3,38971
12444900,0,2013-03-08 14:19:00,$10.62,Swipe Transaction,Foxboro,MA,5912,No Error,Visa,Debit,YES,21073,1,711,133421,2,72470
15833145,0,2015-03-20 11:07:00,$18.72,Chip Transaction,Chula Vista,CA,5541,No Error,Visa,Debit,YES,21414,1,720,8746,5,29130
12923755,0,2013-06-22 14:57:00,$12.21,Swipe Transaction,Baker,LA,4214,No Error,Visa,Debit,YES,24968,2,761,69070,6,54587
8358209,0,2010-08-08 09:56:00,$1.07,Swipe Transaction,Richmond,CA,5499,No Error,Mastercard,Debit,YES,14592,2,684,81825,5,44585
18979801,0,2017-01-21 17:27:00,$100.00,Chip Transaction,Beulah,ND,4829,Technical Glitch,Mastercard,Debit,YES,24772,2,740,110153,4,48277
7883520,0,2010-04-13 21:50:00,$62.61,Swipe Transaction,Auburn,CA,5311,No Error,Visa,Debit,YES,16410,2,716,9235,6,22290
18700371,0,2016-11-23 10:38:00,$209.06,Chip Transaction,Kaneohe,HI,4814,No Error,Visa,Credit,YES,17300,1,689,1385,6,49529
8285228,0,2010-07-21 14:55:00,$6.63,Swipe Transaction,Clear Lake,MN,4214,No Error,Amex,Credit,YES,25600,1,758,25867,7,38800
18195352,0,2016-08-07 14:07:00,$-56.00,Chip Transaction,Farmington,MN,5499,No Error,Mastercard,Debit,YES,30074,2,748,15899,3,41513
23385046,0,2019-08-12 19:02:00,$26.02,Swipe Transaction,Broken Bow,OK,5812,No Error,Amex,Credit,YES,2600,2,689,50872,4,28163
15995949,1,2015-04-24 12:07:00,$72.66,Online Transaction,ONLINE,Unknown,4829,No Error,Mastercard,Debit,YES,19019,2,625,93823,7,39911
21376008,0,2018-06-13 17:41:00,$0.00,Chip Transaction,Gastonia,NC,4829,No Error,Visa,Debit,YES,17403,2,779,2873,7,16430
7670221,1,2010-02-19 12:52:00,$1.00,Online Transaction,ONLINE,Unknown,3058,No Error,Amex,Credit,YES,14300,2,748,14408,4,16302
10756423,0,2012-02-19 22:18:00,$34.75,Swipe Transaction,Thomson,GA,7832,No Error,Amex,Credit,YES,3400,2,589,84166,1,30011
13146917,1,2013-08-10 13:42:00,$90.60,Online Transaction,ONLINE,Unknown,5310,No Error,Mastercard,Debit,YES,16187,1,695,42268,2,41249
18205176,1,2016-08-09 15:03:00,$309.75,Online Transaction,ONLINE,Unknown,4899,No Error,Mastercard,Debit,YES,27534,1,794,61722,3,51943
18301896,1,2016-08-30 10:10:00,$143.36,Online Transaction,ONLINE,Unknown,5300,No Error,Visa,Debit,YES,13352,2,644,64073,3,41069
16200592,0,2015-06-07 10:47:00,$73.73,Chip Transaction,Alvin,TX,5300,No Error,Mastercard,Debit,YES,13016,2,728,59862,3,44768
18233853,0,2016-08-15 17:07:00,$323.99,Chip Transaction,Toronto,Canada,3509,No Error,Mastercard,Debit,YES,28601,1,766,5700,8,110570
20613862,0,2018-01-02 20:57:00,$71.06,Chip Transaction,La Habra,CA,5310,No Error,Visa,Credit,YES,5900,2,683,80441,3,48406
14132497,0,2014-03-14 21:00:00,$22.53,Swipe Transaction,Westminster,SC,5812,No Error,Visa,Debit,YES,8834,2,686,1248,6,31943
8066658,0,2010-05-29 11:32:00,$100.00,Swipe Transaction,Rio Rancho,NM,4829,No Error,Mastercard,Credit,YES,1300,2,637,58481,2,31373
9460254,0,2011-04-27 08:21:00,$6.55,Swipe Transaction,Richmond,VA,5814,No Error,Mastercard,Debit,YES,11861,2,719,2689,4,92368
13374192,0,2013-09-29 12:43:00,$37.22,Swipe Transaction,Grand Forks,ND,5912,No Error,Visa,Debit,YES,30314,1,777,37315,8,48755
15097142,0,2014-10-11 15:48:00,$44.45,Swipe Transaction,Duluth,MN,7538,No Error,Visa,Credit,YES,9900,1,788,14408,4,27772
17746247,0,2016-05-03 19:23:00,$454.00,Chip Transaction,Blacksburg,VA,3389,No Error,Mastercard,Debit,YES,20042,2,651,84935,3,34302
17786496,0,2016-05-12 11:49:00,$3.48,Swipe Transaction,Maywood,IL,5499,No Error,Mastercard,Debit,YES,12566,1,655,59730,4,31505
21488971,0,2018-07-07 13:38:00,$3.80,Chip Transaction,New York,NY,9402,No Error,Visa,Debit,YES,15578,1,721,110589,4,48676
18974092,0,2017-01-20 14:20:00,$41.72,Online Transaction,ONLINE,Unknown,4784,No Error,Mastercard,Credit,YES,15500,1,689,51539,6,58278
9918196,0,2011-08-11 15:04:00,$48.53,Swipe Transaction,Fort Myers,FL,5411,No Error,Mastercard,Credit,YES,12300,2,702,23650,7,39303
20188181,0,2017-10-04 16:24:00,$59.17,Chip Transaction,Valley Stream,NY,5812,No Error,Mastercard,Debit,YES,17587,2,672,104134,4,56640
9178046,0,2011-02-20 06:27:00,$22.98,Swipe Transaction,Pawtucket,RI,4214,No Error,Visa,Debit,YES,17537,2,705,123198,6,49464
20681651,0,2018-01-17 10:31:00,$15.20,Chip Transaction,Glendale,CA,5977,No Error,Visa,Debit,YES,16740,1,768,58895,4,36983
12826726,0,2013-06-01 08:55:00,$2.24,Swipe Transaction,Vallecito,CA,5814,No Error,Visa,Debit,YES,12764,1,734,74530,5,33540
16675491,0,2015-09-16 18:03:00,$58.03,Chip Transaction,Grand Forks,ND,5812,No Error,Visa,Debit,YES,19575,2,777,37315,8,48755
20260887,0,2017-10-20 08:20:00,$21.61,Chip Transaction,Round Rock,TX,5912,No Error,Mastercard,Debit,YES,27761,1,726,29627,7,61901
15635898,0,2015-02-05 15:30:00,$59.47,Swipe Transaction,Hurst,TX,5655,No Error,Visa,Credit,YES,13200,1,791,93406,5,63030
12015925,0,2012-12-02 07:27:00,$14.30,Swipe Transaction,Chevy Chase,MD,5719,No Error,Mastercard,Debit,NO,21908,1,751,20683,4,53464
23227692,0,2019-07-10 20:14:00,$-433.00,Swipe Transaction,Oakland,CA,3596,No Error,Mastercard,Credit,NO,14900,2,736,1676,6,65055
17208661,0,2016-01-08 16:20:00,$29.83,Chip Transaction,Mendham,NJ,5310,No Error,Visa,Credit,YES,36700,1,621,461854,5,185909
14948882,0,2014-09-09 10:49:00,$38.65,Swipe Transaction,Summerville,SC,5912,No Error,Mastercard,Debit,YES,24272,2,707,42369,7,44383
15098889,0,2014-10-12 06:36:00,$3.08,Swipe Transaction,Louisville,KY,5411,No Error,Visa,Debit,YES,32269,1,729,140481,3,51501
19046935,0,2017-02-05 07:43:00,$36.36,Online Transaction,ONLINE,Unknown,4784,No Error,Amex,Credit,NO,13400,2,527,119230,3,57348
8757394,0,2010-11-12 08:47:00,$3.59,Swipe Transaction,Parkville,MD,5541,No Error,Visa,Credit,YES,12100,2,820,92489,5,47087
20622697,0,2018-01-04 16:26:00,$155.60,Chip Transaction,Tacoma,WA,5411,No Error,Visa,Debit,YES,35268,1,775,75415,4,64262
8062601,0,2010-05-28 10:03:00,$31.88,Swipe Transaction,Orlando,FL,5411,No Error,Mastercard,Debit,YES,9683,2,716,115362,5,76431
16221412,0,2015-06-11 18:20:00,$149.45,Swipe Transaction,Crown Point,IN,5621,No Error,Mastercard,Debit,NO,37634,2,685,128676,5,53350
14440568,0,2014-05-21 14:01:00,$53.37,Swipe Transaction,Pisgah Forest,NC,5211,No Error,Mastercard,Credit,YES,7600,1,669,98713,3,33465
7715089,0,2010-03-02 16:34:00,$56.28,Swipe Transaction,Augusta,GA,5311,No Error,Visa,Debit,YES,18733,2,753,75730,4,37056
23685128,0,2019-10-15 14:23:00,$32.51,Chip Transaction,Pittsburgh,PA,5541,No Error,Mastercard,Debit,YES,11818,1,687,28449,3,37495
14641425,0,2014-07-04 13:05:00,$10.74,Swipe Transaction,Terre Haute,IN,5812,No Error,Mastercard,Debit,YES,21131,2,850,0,3,43084
17996411,0,2016-06-26 08:33:00,$140.00,Chip Transaction,West Chester,PA,4829,No Error,Mastercard,Debit,YES,18241,1,737,6707,6,49531
22818637,0,2019-04-15 08:35:00,$130.47,Chip Transaction,Arlington,MA,5300,No Error,Visa,Credit,YES,17300,1,503,181429,2,82974
12529724,0,2013-03-27 12:48:00,$2.17,Swipe Transaction,Hobart,IN,5912,No Error,Mastercard,Debit,YES,17253,2,761,117302,3,44550
9629239,0,2011-06-05 19:43:00,$-89.00,Swipe Transaction,La Vernia,TX,5499,No Error,Mastercard,Debit,NO,27112,2,748,15899,3,41513
21684929,0,2018-08-18 01:23:00,$142.24,Chip Transaction,Louisville,KY,5411,No Error,Visa,Debit,YES,32269,1,729,140481,3,51501
17554353,0,2016-03-23 15:45:00,$16.30,Chip Transaction,Reno,NV,5812,No Error,Mastercard,Debit,YES,23768,1,740,102759,3,78180
16446500,1,2015-07-29 16:01:00,$166.00,Online Transaction,ONLINE,Unknown,3509,No Error,Mastercard,Debit,YES,23310,1,684,47193,4,69604
21084851,0,2018-04-12 20:56:00,$41.86,Chip Transaction,Aurora,CO,5814,No Error,Mastercard,Credit,YES,10400,1,617,102318,3,50666
13119292,1,2013-08-04 11:35:00,$43.89,Online Transaction,ONLINE,Unknown,7801,No Error,Mastercard,Debit,YES,7834,2,806,88605,1,51755
15700999,0,2015-02-19 17:45:00,$12.44,Chip Transaction,Mckeesport,PA,5921,No Error,Mastercard,Debit,YES,11153,1,714,19719,5,29898
20881349,1,2018-02-28 16:21:00,$479.00,Chip Transaction,Rome,Italy,3722,No Error,Mastercard,Credit,YES,16700,1,761,69070,6,54587
8033130,0,2010-05-20 21:44:00,$16.86,Swipe Transaction,Albuquerque,NM,5812,No Error,Visa,Debit,YES,4817,2,637,58481,2,31373
21183860,1,2018-05-03 19:37:00,$31.77,Chip Transaction,Rome,Italy,5921,No Error,Mastercard,Debit,YES,10445,1,732,59006,3,32343
8110287,0,2010-06-09 01:56:00,$220.97,Swipe Transaction,Collierville,TN,4814,No Error,Visa,Credit,YES,25400,2,739,100163,2,56018
21367346,0,2018-06-11 21:02:00,$103.17,Online Transaction,ONLINE,Unknown,4814,No Error,Mastercard,Debit,YES,12801,1,732,16764,2,29907
23257012,0,2019-07-16 23:46:00,$23.43,Swipe Transaction,Canton,MI,5921,No Error,Mastercard,Debit,YES,23344,1,784,80057,4,65403
10894589,0,2012-03-23 11:05:00,$0.95,Swipe Transaction,Kerhonkson,NY,5499,No Error,Mastercard,Debit,YES,13930,1,732,66,4,9766
10903718,0,2012-03-25 13:02:00,$220.05,Swipe Transaction,Monroe Township,NJ,5932,No Error,Mastercard,Debit,YES,36920,2,802,102360,2,59313
16988188,0,2015-11-22 20:45:00,$14.42,Swipe Transaction,Lawrence,KS,5812,No Error,Mastercard,Debit,NO,27298,2,703,152645,6,55351
10358767,0,2011-11-21 07:46:00,$14.33,Swipe Transaction,Ontario,CA,5411,No Error,Mastercard,Debit,YES,7551,2,655,12545,4,41904
17250263,0,2016-01-17 15:27:00,$25.42,Online Transaction,ONLINE,Unknown,4784,No Error,Visa,Debit,YES,8562,2,562,48465,4,35868
12848653,0,2013-06-06 07:52:00,$133.01,Swipe Transaction,Holly,MI,5912,No Error,Mastercard,Credit,YES,10800,2,814,108449,5,46244
12924456,0,2013-06-22 17:32:00,$31.46,Swipe Transaction,Denver,CO,5813,No Error,Visa,Debit,NO,2508,1,681,101323,4,50177
12799841,0,2013-05-26 09:46:00,$18.80,Swipe Transaction,Garland,TX,5912,No Error,Amex,Credit,YES,20400,2,629,96779,3,55172
13471325,0,2013-10-20 18:20:00,$62.00,Swipe Transaction,Saint Paul,MN,5499,No Error,Visa,Credit,YES,23100,2,729,128174,3,67226
15548543,0,2015-01-17 15:17:00,$1.82,Chip Transaction,Frederick,OK,5411,No Error,Mastercard,Debit,YES,13022,1,680,6971,4,34311
7617907,0,2010-02-06 12:34:00,$0.53,Swipe Transaction,Cabot,AR,5499,No Error,Mastercard,Debit,YES,19086,1,801,81572,5,40522
21070439,1,2018-04-09 18:34:00,$8.71,Swipe Transaction,Rome,Italy,5311,No Error,Mastercard,Debit,NO,27480,2,698,196,5,33483
11693757,0,2012-09-20 11:12:00,$56.49,Swipe Transaction,Whitmire,SC,5499,No Error,Visa,Debit,YES,13452,2,645,74143,2,34517
7674690,0,2010-02-20 15:54:00,$21.80,Swipe Transaction,Middletown,PA,5300,No Error,Visa,Debit,YES,8902,2,526,69066,3,33387
11148208,0,2012-05-20 08:14:00,$86.33,Swipe Transaction,Allen,TX,5621,No Error,Mastercard,Debit,NO,28352,1,779,103290,5,66427
13712418,1,2013-12-13 06:20:00,$110.05,Online Transaction,ONLINE,Unknown,5311,No Error,Visa,Credit,YES,13900,2,488,24997,2,33686
18561646,0,2016-10-24 17:40:00,$73.14,Chip Transaction,Overland Park,KS,5812,No Error,Mastercard,Debit,YES,35750,1,741,2149,7,84694
11367971,0,2012-07-08 16:07:00,$42.29,Swipe Transaction,Harrison,NJ,5719,No Error,Visa,Credit,YES,16900,1,726,1585,5,74753
7940439,0,2010-04-28 07:37:00,$1.99,Swipe Transaction,Cornell,WI,5411,No Error,Amex,Credit,YES,10400,2,733,1370,5,26676
21814472,1,2018-09-14 11:06:00,$91.34,Chip Transaction,Rome,Italy,5310,No Error,Visa,Debit,YES,60610,1,737,37514,7,52929
15152659,0,2014-10-23 21:22:00,$49.02,Online Transaction,ONLINE,Unknown,4784,No Error,Visa,Credit,YES,7700,1,651,84935,3,34302
16672674,0,2015-09-16 09:06:00,$18.16,Chip Transaction,Center Barnstead,NH,9402,No Error,Visa,Debit,YES,10077,1,663,113190,5,38681
19563236,0,2017-05-25 15:29:00,$17.86,Chip Transaction,Mount Kisco,NY,4121,No Error,Amex,Credit,YES,22800,1,840,35135,6,112695
15497122,0,2015-01-06 13:14:00,$17.25,Chip Transaction,Republic,OH,5411,No Error,Visa,Credit,YES,12400,2,654,46298,4,37645
8643063,0,2010-10-15 17:49:00,$147.14,Swipe Transaction,Modesto,CA,5311,No Error,Mastercard,Debit,YES,5269,2,694,63075,6,88432
18476312,1,2016-10-06 12:30:00,$57.72,Online Transaction,ONLINE,Unknown,4121,No Error,Mastercard,Credit,NO,8500,1,695,86837,6,41091
21464170,0,2018-07-02 10:53:00,$17.12,Chip Transaction,Boulder,CO,5814,No Error,Mastercard,Credit,YES,19600,2,707,131731,4,63974
13033319,0,2013-07-16 13:11:00,$35.57,Swipe Transaction,Valdosta,GA,6300,No Error,Discover,Credit,YES,6300,1,684,3723,3,8526
16869330,0,2015-10-28 10:19:00,$27.20,Chip Transaction,Seattle,WA,5411,No Error,Mastercard,Debit,YES,9683,2,716,115362,5,76431
9107495,0,2011-02-03 10:24:00,$0.25,Swipe Transaction,Griffin,GA,5411,No Error,Mastercard,Debit,YES,24068,1,824,0,3,36315
17423663,1,2016-02-23 14:38:00,$22.40,Swipe Transaction,Claremont,CA,5300,No Error,Visa,Credit,NO,12400,1,787,127613,5,59696
14754027,0,2014-07-29 01:57:00,$106.68,Swipe Transaction,Valley Center,CA,4900,No Error,Mastercard,Debit,YES,29137,1,686,78610,6,46341
18932599,0,2017-01-11 19:06:00,$3.40,Chip Transaction,Washington,DC,7832,No Error,Mastercard,Credit,YES,10500,2,799,0,3,48810
16666457,0,2015-09-14 21:47:00,$-98.00,Chip Transaction,Lamesa,TX,5541,No Error,Mastercard,Debit,YES,10311,1,723,1626,5,23175
9066855,0,2011-01-24 16:44:00,$14.50,Swipe Transaction,Tucker,GA,4214,No Error,Mastercard,Debit (Prepaid),YES,96,1,745,0,5,34220
21197817,0,2018-05-06 16:23:00,$16.44,Swipe Transaction,Fort Thomas,KY,5912,No Error,Amex,Credit,YES,13300,1,746,25277,3,35227
23213593,0,2019-07-07 18:08:00,$154.95,Online Transaction,ONLINE,Unknown,7801,No Error,Visa,Credit,YES,12500,2,602,106072,2,67589
19523658,0,2017-05-17 10:44:00,$3.10,Chip Transaction,Danville,IL,5812,No Error,Amex,Credit,YES,7700,2,590,1639,2,16646
16299511,0,2015-06-28 12:34:00,$10.56,Chip Transaction,Florence,MT,5812,No Error,Visa,Debit (Prepaid),YES,59,2,730,107287,3,33728
7872530,0,2010-04-11 09:20:00,$3.10,Swipe Transaction,Oceanside,CA,5411,No Error,Visa,Debit,YES,18365,1,778,1642,6,33279
18354001,0,2016-09-10 13:07:00,$55.00,Chip Transaction,Brownsville,TX,5499,No Error,Mastercard,Debit,YES,10966,1,702,27227,3,22714
12807393,0,2013-05-27 21:03:00,$71.92,Swipe Transaction,Rocky Point,NY,5814,No Error,Visa,Debit,YES,20428,2,680,37838,4,58503
18545232,0,2016-10-21 09:57:00,$78.65,Swipe Transaction,Canton,MS,5311,No Error,Visa,Debit,YES,25102,1,506,67636,1,45476
10240420,0,2011-10-24 19:42:00,$24.18,Online Transaction,ONLINE,Unknown,4784,No Error,Mastercard,Debit (Prepaid),YES,46,1,782,108313,5,27861
21178434,0,2018-05-02 16:30:00,$93.77,Chip Transaction,Seymour,CT,4814,No Error,Mastercard,Debit,YES,21284,2,590,216,2,23572
22448332,0,2019-01-26 16:46:00,$30.84,Chip Transaction,Compton,CA,5541,No Error,Amex,Credit,YES,11000,2,709,12241,4,26664
16582606,0,2015-08-27 23:03:00,$88.25,Online Transaction,ONLINE,Unknown,7349,No Error,Mastercard,Debit,YES,34953,2,758,25867,7,38800
10171619,0,2011-10-09 06:38:00,$5.34,Swipe Transaction,Batesville,MS,5912,No Error,Visa,Debit,YES,10360,1,742,59817,7,31308
15420160,0,2014-12-21 06:45:00,$24.48,Swipe Transaction,Hopkins,MN,5912,No Error,Mastercard,Debit,YES,34953,2,758,25867,7,38800
20602967,1,2017-12-31 14:06:00,$1.38,Chip Transaction,Rome,Italy,5970,Bad PIN,Mastercard,Debit,YES,10726,2,711,34511,4,28931
17894822,0,2016-06-04 15:22:00,$69.01,Chip Transaction,Tempe,AZ,5411,No Error,Mastercard,Debit,YES,8451,1,681,93119,2,74012
21836003,0,2018-09-19 04:16:00,$5.55,Chip Transaction,Jerome,ID,5300,No Error,Visa,Credit,YES,22500,2,721,73401,2,96661
23580660,0,2019-09-23 10:11:00,$9.31,Chip Transaction,Mokelumne Hill,CA,5921,No Error,Mastercard,Debit,YES,11595,1,703,0,3,37147
23650063,0,2019-10-08 06:05:00,$34.58,Chip Transaction,Macon,GA,5970,Insufficient Balance,Mastercard,Debit,YES,1470,1,703,46043,2,29413
13770208,0,2013-12-25 16:27:00,$140.00,Swipe Transaction,Orlando,FL,4829,No Error,Amex,Credit,YES,18000,2,850,93513,1,67444
20413917,0,2017-11-21 14:00:00,$-72.00,Chip Transaction,Farmington,MN,5541,No Error,Mastercard,Debit,YES,30074,2,748,15899,3,41513
21337151,0,2018-06-05 14:19:00,$2.13,Chip Transaction,Los Angeles,CA,5942,No Error,Mastercard,Credit,YES,2900,1,683,62461,4,22583
10990904,0,2012-04-14 10:21:00,$71.31,Online Transaction,ONLINE,Unknown,4814,No Error,Amex,Credit,YES,14800,1,701,59062,3,39700
17153171,0,2015-12-27 18:08:00,$65.00,Chip Transaction,Olympia,WA,5541,No Error,Mastercard,Debit,YES,3934,2,583,66148,5,49023
16383381,0,2015-07-16 10:01:00,$581.73,Swipe Transaction,Ballwin,MO,3256,No Error,Visa,Debit,NO,34329,1,715,113194,3,45707
20641637,0,2018-01-08 16:56:00,$370.58,Online Transaction,ONLINE,Unknown,5732,No Error,Visa,Credit,YES,12700,2,782,1574,6,40787
13758217,0,2013-12-23 06:09:00,$3.15,Swipe Transaction,San Antonio,TX,5942,No Error,Visa,Credit,NO,10600,1,723,60397,5,35560
11651393,0,2012-09-10 18:34:00,$45.62,Swipe Transaction,Auburn,CA,5812,No Error,Visa,Debit,YES,5520,2,716,9235,6,22290
11385650,0,2012-07-12 15:56:00,$87.32,Online Transaction,ONLINE,Unknown,4814,No Error,Mastercard,Debit,YES,9789,2,765,57346,2,39947
11963237,0,2012-11-20 10:45:00,$68.26,Swipe Transaction,North Hollywood,CA,5310,Insufficient Balance,Mastercard,Debit,YES,6395,2,708,86747,4,31070
11655969,0,2012-09-11 18:16:00,$20.00,Swipe Transaction,Madison,OH,4829,No Error,Visa,Debit,YES,9285,2,552,64661,3,30340
19621733,0,2017-06-07 06:30:00,$90.00,Chip Transaction,Waynesboro,GA,5499,No Error,Amex,Credit,YES,3400,2,589,84166,1,30011
22731998,0,2019-03-27 19:58:00,$65.55,Chip Transaction,Rancho Cucamonga,CA,5812,No Error,Mastercard,Debit,YES,27201,1,761,97188,4,50163
15773806,0,2015-03-07 13:22:00,$1.17,Chip Transaction,Bartlesville,OK,5499,No Error,Visa,Credit,YES,8900,1,693,31183,2,33548
8566107,1,2010-09-27 09:39:00,$0.26,Online Transaction,ONLINE,Unknown,5651,No Error,Mastercard,Credit,NO,7600,2,840,43042,2,26556
22704573,0,2019-03-22 04:55:00,$64.07,Chip Transaction,Revere,MA,5411,No Error,Visa,Debit,YES,20475,1,719,25245,4,17078
10023387,0,2011-09-04 19:14:00,$55.87,Swipe Transaction,New Kensington,PA,5812,No Error,Mastercard,Debit,YES,16675,2,729,9452,5,39796
19647048,0,2017-06-12 11:56:00,$37.68,Chip Transaction,Elk Grove,CA,5813,No Error,Discover,Credit,YES,18400,1,709,109229,4,52908
20423731,1,2017-11-23 14:40:00,$160.00,Chip Transaction,Rome,Italy,3722,No Error,Mastercard,Debit,YES,11037,1,746,40722,5,34854
20221876,0,2017-10-11 18:51:00,$12.52,Chip Transaction,San Diego,CA,7995,No Error,Mastercard,Debit,YES,350,2,719,740,3,553
9601079,0,2011-05-30 10:02:00,$94.00,Swipe Transaction,Albuquerque,NM,5541,No Error,Mastercard,Debit,NO,12708,2,707,0,3,31369
19823941,0,2017-07-19 13:57:00,$446.00,Chip Transaction,Poughkeepsie,NY,3509,No Error,Visa,Credit,YES,24200,2,727,76261,3,80464
20606104,0,2018-01-01 09:14:00,$2.70,Chip Transaction,Lebanon,MO,5499,No Error,Mastercard,Debit (Prepaid),YES,47,1,508,42750,1,28472
12479847,0,2013-03-16 10:21:00,$6.88,Swipe Transaction,Las Vegas,NV,5411,No Error,Mastercard,Debit,YES,13177,2,624,87970,3,56605
7705146,1,2010-02-28 10:03:00,$35.55,Online Transaction,ONLINE,Unknown,5815,No Error,Mastercard,Debit,YES,6957,1,759,119670,1,36496
9894928,0,2011-08-06 10:16:00,$79.11,Swipe Transaction,Kent,OH,5300,No Error,Discover,Credit,YES,22800,2,664,71544,3,56368
14459195,0,2014-05-25 15:01:00,$1.04,Swipe Transaction,Carthage,NY,5499,No Error,Amex,Credit,YES,8900,2,686,24637,5,35114
7565597,0,2010-01-24 08:47:00,$18.66,Swipe Transaction,Naples,FL,5411,No Error,Visa,Debit,YES,27646,1,720,92603,4,35590
10812293,1,2012-03-04 15:57:00,$2.69,Online Transaction,ONLINE,Unknown,5045,No Error,Mastercard,Debit,YES,8747,1,790,427,8,11613
23759163,0,2019-10-31 11:50:00,$6.97,Swipe Transaction,Roanoke,VA,5411,No Error,Visa,Credit,YES,18600,1,836,8942,5,38689
15003922,0,2014-09-21 12:25:00,$3.02,Swipe Transaction,Brooklyn,NY,5411,No Error,Visa,Credit,YES,13500,1,725,2667,3,47542
14440928,0,2014-05-21 15:19:00,$1.50,Swipe Transaction,Belfair,WA,5499,No Error,Mastercard,Debit,YES,16959,2,751,13730,4,44807
22541266,0,2019-02-15 13:08:00,$9.15,Swipe Transaction,Morristown,NJ,5812,No Error,Visa,Credit,YES,36700,1,621,461854,5,185909
22517485,0,2019-02-10 11:55:00,$163.66,Online Transaction,ONLINE,Unknown,4899,No Error,Mastercard,Credit,YES,5800,2,686,32087,5,26546
17572841,0,2016-03-27 15:54:00,$-94.00,Chip Transaction,Cotton Valley,LA,5541,No Error,Visa,Debit,YES,6204,2,811,71366,6,34172
22557365,0,2019-02-18 17:35:00,$60.00,Chip Transaction,Warren,MI,4829,No Error,Visa,Debit,YES,24498,1,736,131334,1,53254
10855399,1,2012-03-14 13:07:00,$138.61,Online Transaction,ONLINE,Unknown,5310,No Error,Visa,Debit (Prepaid),YES,68,2,735,69800,2,32896
23334599,0,2019-08-02 10:28:00,$24.37,Chip Transaction,San Francisco,CA,5211,No Error,Mastercard,Debit,YES,34900,1,675,183855,1,109687
17532634,0,2016-03-19 05:12:00,$443.21,Swipe Transaction,Atlantic City,NJ,7995,No Error,Visa,Debit,YES,22704,1,779,3628,8,54013
10617204,0,2012-01-19 09:09:00,$93.49,Swipe Transaction,Arlington,MA,5912,No Error,Visa,Credit,YES,17300,1,503,181429,2,82974
16841444,0,2015-10-22 11:19:00,$1.67,Chip Transaction,Charlotte,NC,5311,No Error,Mastercard,Debit (Prepaid),YES,77,1,694,36972,2,30165
14032500,0,2014-02-21 07:33:00,$14.76,Online Transaction,ONLINE,Unknown,4121,No Error,Mastercard,Debit,YES,4534,1,581,17440,3,48060
20654650,0,2018-01-11 13:06:00,$44.94,Swipe Transaction,Nashville,TN,5499,No Error,Mastercard,Debit (Prepaid),NO,60,2,765,1658,6,38273
17040988,0,2015-12-04 08:00:00,$69.00,Chip Transaction,Round Lake,IL,5499,No Error,Visa,Credit,YES,11300,2,672,79738,4,46039
19877893,0,2017-07-31 00:21:00,$3.36,Chip Transaction,San Benito,TX,5942,No Error,Mastercard,Debit,YES,8638,2,825,60152,4,20577
10837967,0,2012-03-10 12:29:00,$4.99,Swipe Transaction,Lady Lake,FL,5411,No Error,Mastercard,Debit (Prepaid),YES,49,1,654,33926,1,16628
8767821,0,2010-11-14 17:49:00,$121.57,Swipe Transaction,Newburgh,NY,6300,No Error,Mastercard,Credit,YES,17400,1,847,0,7,46408
13791389,0,2013-12-30 09:35:00,$4.90,Swipe Transaction,Lake View,NY,5499,No Error,Mastercard,Debit,YES,202,1,733,36288,5,52841
23128501,0,2019-06-19 23:59:00,$430.00,Chip Transaction,Lincoln Park,MI,3771,No Error,Visa,Debit,YES,2898,2,705,27209,6,32817
21170253,0,2018-04-30 22:09:00,$80.00,Chip Transaction,Clearfield,KY,4829,No Error,Mastercard,Debit,YES,25390,2,729,140481,3,51501
16039152,1,2015-05-03 15:38:00,$146.34,Online Transaction,ONLINE,Unknown,3005,No Error,Discover,Credit,YES,4700,2,825,60152,4,20577
23570003,0,2019-09-21 07:19:00,$1.85,Chip Transaction,Philadelphia,PA,5411,No Error,Mastercard,Debit,YES,16640,1,711,60231,3,43828
8412608,0,2010-08-21 11:05:00,$15.66,Swipe Transaction,Minneapolis,MN,5541,No Error,Visa,Debit,YES,52609,2,736,1555,4,82295
21766202,0,2018-09-04 08:14:00,$50.86,Chip Transaction,Eads,TN,5311,No Error,Amex,Credit,YES,7200,2,531,114223,1,60292
23506084,0,2019-09-07 13:15:00,$27.75,Online Transaction,ONLINE,Unknown,4814,No Error,Mastercard,Credit,YES,10600,1,753,0,4,32576
18303775,0,2016-08-30 15:47:00,$82.00,Swipe Transaction,Abbeville,LA,5541,No Error,Mastercard,Debit,YES,9496,2,810,81262,1,38190
20235217,0,2017-10-14 14:53:00,$483.00,Chip Transaction,Stewardson,IL,3640,No Error,Mastercard,Debit,YES,24129,2,682,58019,2,49569
15679544,0,2015-02-15 07:38:00,$9.58,Chip Transaction,Derby,KS,7542,No Error,Discover,Credit,YES,8500,2,719,24676,5,41790
23729474,0,2019-10-25 06:34:00,$53.61,Online Transaction,ONLINE,Unknown,4784,No Error,Visa,Debit,YES,16008,2,743,15336,5,30962
8193027,0,2010-06-29 08:32:00,$6.10,Swipe Transaction,Highland,MI,5912,No Error,Visa,Debit,YES,15285,2,835,87082,5,52680
21412416,0,2018-06-21 12:16:00,$25.62,Chip Transaction,Brooklyn,NY,5814,No Error,Mastercard,Debit (Prepaid),YES,79,2,710,12623,4,34637
9374040,0,2011-04-07 07:00:00,$6.08,Swipe Transaction,Sodus,NY,5411,No Error,Mastercard,Debit,YES,11159,1,655,59247,4,34057
17815505,0,2016-05-18 15:01:00,$0.01,Swipe Transaction,Carrollton,TX,5912,No Error,Mastercard,Debit,NO,18090,1,757,15891,4,43598
13182288,1,2013-08-18 10:48:00,$35.39,Online Transaction,ONLINE,Unknown,5912,No Error,Mastercard,Debit (Prepaid),YES,52,2,793,62695,3,40407
8380471,0,2010-08-13 14:50:00,$22.41,Online Transaction,ONLINE,Unknown,4784,No Error,Visa,Debit,YES,1484,2,725,2667,3,47542
9708426,0,2011-06-24 05:34:00,$99.00,Swipe Transaction,Santa Fe,NM,5541,No Error,Mastercard,Debit,YES,9454,1,696,1797,5,16611
12149194,0,2013-01-01 09:29:00,$10.63,Swipe Transaction,Newark,DE,5812,No Error,Mastercard,Credit,YES,26400,1,695,56485,4,64672
12116403,0,2012-12-24 20:57:00,$32.85,Swipe Transaction,Louisville,KY,4121,No Error,Mastercard,Credit,YES,11200,2,672,102286,3,51500
15559422,0,2015-01-19 22:04:00,$27.65,Online Transaction,ONLINE,Unknown,4784,No Error,Mastercard,Debit,YES,3711,2,621,72794,1,40006
8766040,0,2010-11-14 11:02:00,$205.00,Swipe Transaction,Appleton,WI,5411,No Error,Mastercard,Credit,YES,17500,1,747,35268,3,75080
14406000,0,2014-05-13 20:03:00,$2.65,Swipe Transaction,Philadelphia,PA,5310,No Error,Visa,Debit,YES,11068,1,687,47490,4,36711
19511153,0,2017-05-14 15:58:00,$95.32,Online Transaction,ONLINE,Unknown,4784,No Error,Visa,Credit,YES,61100,1,752,91367,5,280199
18600668,0,2016-11-02 07:06:00,$60.00,Chip Transaction,Los Angeles,CA,4829,No Error,Mastercard,Credit,YES,7400,1,596,8902,5,38692
19330630,0,2017-04-06 12:39:00,$72.26,Online Transaction,ONLINE,Unknown,5311,No Error,Mastercard,Credit,YES,12500,1,792,0,4,44134
10558954,0,2012-01-05 21:28:00,$97.51,Swipe Transaction,Staunton,IL,5541,No Error,Visa,Debit,YES,9562,2,657,51844,1,40894
8587340,0,2010-10-02 12:05:00,$116.58,Swipe Transaction,Grantham,PA,8011,No Error,Visa,Credit,YES,10600,2,696,53407,1,44303
17724553,0,2016-04-29 08:03:00,$0.73,Chip Transaction,Beijing,China,5812,No Error,Visa,Debit,YES,17314,2,678,64420,3,40900
8693674,0,2010-10-28 02:34:00,$17.34,Swipe Transaction,White Hall,AR,5411,No Error,Mastercard,Debit,YES,14661,2,752,20545,4,23092
10376285,0,2011-11-25 06:23:00,$2.75,Swipe Transaction,Holden,ME,5411,No Error,Visa,Debit (Prepaid),YES,91,2,697,77465,5,49467
14753496,0,2014-07-28 20:26:00,$25.25,Swipe Transaction,Winooski,VT,7832,No Error,Visa,Debit (Prepaid),YES,70,1,712,839,8,36764
11502260,0,2012-08-08 07:27:00,$1.39,Swipe Transaction,Mexico City,Mexico,5499,No Error,Visa,Debit,YES,32030,2,778,81402,8,67008
10192675,0,2011-10-13 19:37:00,$19.52,Swipe Transaction,Newport,KY,5812,No Error,Amex,Credit,YES,13300,1,746,25277,3,35227
17556794,0,2016-03-24 08:48:00,$2.91,Chip Transaction,Melbourne,FL,5814,No Error,Mastercard,Debit,YES,23932,3,698,72357,4,32295
15330989,0,2014-12-01 15:06:00,$18.06,Online Transaction,ONLINE,Unknown,5311,No Error,Mastercard,Debit,YES,14716,2,850,49101,2,35854
20775830,0,2018-02-06 09:25:00,$36.74,Chip Transaction,Stow,OH,5311,No Error,Mastercard,Debit,YES,19948,1,715,31815,2,36405
13377227,0,2013-09-30 07:54:00,$0.29,Swipe Transaction,Kaneohe,HI,5411,No Error,Mastercard,Debit,NO,25224,1,689,1385,6,49529
23171145,0,2019-06-28 20:24:00,$35.95,Online Transaction,ONLINE,Unknown,4784,No Error,Mastercard,Debit,YES,16339,1,706,108192,2,49374
11416155,1,2012-07-19 14:26:00,$6.02,Online Transaction,ONLINE,Unknown,5815,No Error,Mastercard,Debit,YES,607,2,747,1758,5,16342
22175745,1,2018-11-30 06:21:00,$-371.00,Online Transaction,ONLINE,Unknown,3509,No Error,Visa,Debit (Prepaid),YES,50,1,630,2182,4,31912
11899159,0,2012-11-05 20:19:00,$39.58,Online Transaction,ONLINE,Unknown,4121,No Error,Visa,Debit (Prepaid),YES,43,2,652,73124,1,58378
9753801,0,2011-07-04 15:24:00,$13.90,Online Transaction,ONLINE,Unknown,5815,No Error,Amex,Credit,YES,13400,1,693,44263,3,43133
20112222,0,2017-09-18 16:00:00,$54.53,Chip Transaction,Palm Coast,FL,5812,No Error,Visa,Credit,YES,9800,2,755,614,6,31805
18390877,1,2016-09-18 10:57:00,$55.86,Chip Transaction,Bellaire,TX,4121,No Error,Visa,Debit,YES,20661,1,688,50734,4,40887
10631493,0,2012-01-22 13:03:00,$-87.00,Swipe Transaction,La Fargeville,NY,5541,No Error,Mastercard,Debit,YES,53466,2,660,241571,1,193773
22664386,0,2019-03-13 14:49:00,$-100.00,Swipe Transaction,Capac,MI,5541,No Error,Visa,Debit,YES,35649,2,701,53696,4,42701
14175048,0,2014-03-24 08:58:00,$89.00,Swipe Transaction,Detroit,MI,5499,No Error,Visa,Credit,YES,7600,1,690,0,6,22650
17722867,1,2016-04-28 17:26:00,$47.86,Chip Transaction,Mcconnell Afb,KS,5300,No Error,Visa,Debit,YES,18535,2,756,43396,6,39191
14906267,0,2014-08-31 08:42:00,$3.47,Swipe Transaction,Leipsic,OH,5541,No Error,Visa,Debit,YES,1703,2,498,1597,5,21815
21237238,0,2018-05-15 09:12:00,$12.27,Chip Transaction,Federal Way,WA,4214,No Error,Mastercard,Debit,YES,12915,1,786,13015,8,56635
20844847,0,2018-02-21 06:29:00,$9.25,Chip Transaction,Grand Junction,CO,5912,No Error,Mastercard,Credit,YES,10600,2,747,65994,2,49169
21905138,0,2018-10-03 15:45:00,$14.97,Chip Transaction,Mesa,AZ,9402,No Error,Mastercard,Debit,YES,11495,1,687,132343,4,42927
8772812,0,2010-11-15 22:02:00,$32.66,Swipe Transaction,Traverse City,MI,5814,No Error,Mastercard,Debit,YES,18684,2,712,78833,3,41442
22951526,0,2019-05-13 10:05:00,$7.70,Chip Transaction,Beacon Falls,CT,5541,No Error,Visa,Debit,YES,39764,1,768,113308,6,58749
20561119,0,2017-12-22 16:10:00,$8.11,Swipe Transaction,Sherman,TX,5211,No Error,Mastercard,Debit,YES,10656,2,755,1433,5,32669
11084511,0,2012-05-05 15:33:00,$192.95,Swipe Transaction,Louisville,CO,5411,No Error,Visa,Credit,YES,16300,1,708,25355,3,61312
22036468,1,2018-10-31 14:04:00,$272.00,Chip Transaction,Rome,Italy,3359,No Error,Visa,Debit,YES,12640,1,752,54634,4,34456
11033724,0,2012-04-24 08:39:00,$79.00,Swipe Transaction,Wichita,KS,5541,No Error,Mastercard,Debit,YES,18547,2,763,87459,4,46160
21174739,0,2018-05-01 22:43:00,$10.35,Chip Transaction,Kosciusko,MS,5541,No Error,Visa,Credit,YES,19300,2,707,131731,4,63974
13773710,0,2013-12-26 11:52:00,$4.40,Swipe Transaction,Andrews,SC,5541,No Error,Mastercard,Debit,YES,12801,1,732,16764,2,29907
19955498,0,2017-08-16 12:20:00,$126.77,Online Transaction,ONLINE,Unknown,7801,No Error,Visa,Debit,YES,15807,1,712,839,8,36764
11108639,0,2012-05-11 09:21:00,$23.46,Swipe Transaction,Fonda,NY,7349,No Error,Visa,Debit,NO,27864,1,743,27745,6,65362
20175961,0,2017-10-02 08:20:00,$22.35,Online Transaction,ONLINE,Unknown,4121,No Error,Visa,Credit,YES,2400,2,850,86171,3,62837
22535653,0,2019-02-14 11:05:00,$22.07,Chip Transaction,Portland,OR,5814,No Error,Amex,Credit,YES,12500,1,584,103224,1,54333
13727247,0,2013-12-16 08:55:00,$11.85,Swipe Transaction,High Falls,NY,5541,No Error,Mastercard,Debit,YES,13930,1,732,66,4,9766
15507351,0,2015-01-08 17:14:00,$22.83,Chip Transaction,Annandale,VA,5310,No Error,Mastercard,Debit,YES,20933,2,524,18684,2,65298
19435401,0,2017-04-28 14:17:00,$148.15,Chip Transaction,Mckinney,TX,5912,Insufficient Balance,Mastercard,Credit,YES,10900,1,625,76759,4,50329
20901129,0,2018-03-04 19:29:00,$39.63,Online Transaction,ONLINE,Unknown,4784,No Error,Mastercard,Debit,YES,32557,2,575,30887,3,35404
7867608,0,2010-04-10 00:06:00,$105.21,Swipe Transaction,Columbus,OH,5912,No Error,Mastercard,Debit,YES,12275,2,735,0,6,37556
8607193,0,2010-10-07 07:27:00,$60.00,Swipe Transaction,Riverside,CA,4829,No Error,Visa,Debit,YES,24104,1,772,102716,4,37963
7512062,0,2010-01-10 11:44:00,$-69.00,Swipe Transaction,Woodinville,WA,5499,No Error,Visa,Debit,YES,47372,2,646,192458,4,105515
15127491,0,2014-10-18 10:16:00,$30.44,Online Transaction,ONLINE,Unknown,5311,No Error,Visa,Credit,YES,5800,2,723,5079,6,23123
22447729,1,2019-01-26 14:57:00,$49.78,Chip Transaction,Rome,Italy,5541,No Error,Visa,Credit,YES,18400,2,635,200435,1,63583
8297675,0,2010-07-24 16:21:00,$26.93,Swipe Transaction,North Highlands,CA,5300,No Error,Mastercard,Debit,NO,8970,2,743,64881,3,29195
22583514,0,2019-02-24 11:36:00,$37.46,Chip Transaction,Sherwood,AR,5499,No Error,Visa,Credit,YES,5900,2,662,81136,1,45625
22504428,0,2019-02-07 16:13:00,$77.91,Online Transaction,ONLINE,Unknown,4784,No Error,Mastercard,Debit,YES,15967,2,687,63264,5,35699
16699443,0,2015-09-21 22:59:00,$8.43,Online Transaction,ONLINE,Unknown,4121,No Error,Visa,Debit,YES,24230,1,771,143208,6,48762
17812153,0,2016-05-17 22:10:00,$22.56,Online Transaction,ONLINE,Unknown,4121,No Error,Mastercard,Debit,YES,19723,2,771,143208,6,48762
12087087,0,2012-12-18 10:12:00,$3.71,Swipe Transaction,Carleton,MI,5411,No Error,Visa,Debit,YES,20943,1,733,9097,6,56542
8065023,0,2010-05-28 21:45:00,$20.00,Swipe Transaction,Crestline,OH,4829,No Error,Mastercard,Debit,YES,13425,1,723,29409,6,34985
7649526,0,2010-02-14 10:23:00,$100.00,Swipe Transaction,Berkeley Heights,NJ,5541,No Error,Mastercard,Debit,YES,25422,1,505,242379,1,109673
15379343,0,2014-12-12 10:03:00,$-91.00,Swipe Transaction,Bradenton,FL,5499,No Error,Mastercard,Debit (Prepaid),YES,59,2,696,12777,4,31555
12038202,0,2012-12-07 08:53:00,$24.84,Online Transaction,ONLINE,Unknown,5311,No Error,Mastercard,Debit,YES,11153,1,714,19719,5,29898
12096589,0,2012-12-20 11:29:00,$62.11,Swipe Transaction,Old Saybrook,CT,5541,No Error,Visa,Debit,YES,1325,1,583,126015,2,61740
21233558,0,2018-05-14 11:28:00,$26.71,Chip Transaction,Jackson,GA,5499,No Error,Visa,Credit,YES,4300,2,773,67263,1,35775
18010789,0,2016-06-29 08:21:00,$1.82,Chip Transaction,Wooster,OH,5499,No Error,Visa,Credit,YES,4600,3,822,116783,1,38666
14428463,0,2014-05-18 20:25:00,$6.85,Swipe Transaction,Buffalo,NY,5912,No Error,Visa,Debit,YES,5507,2,693,36101,2,24917
8479059,0,2010-09-06 11:33:00,$8.74,Swipe Transaction,Stratford,CT,5411,No Error,Mastercard,Debit (Prepaid),YES,79,2,728,149587,4,56248
20348376,0,2017-11-07 16:56:00,$11.42,Chip Transaction,El Cajon,CA,5499,No Error,Mastercard,Debit (Prepaid),YES,74,1,750,39663,3,42150
11873855,0,2012-10-31 07:27:00,$0.23,Swipe Transaction,Clinton Township,MI,5411,No Error,Visa,Credit,YES,10300,1,701,9107,4,34408
14801398,0,2014-08-08 12:37:00,$10.23,Swipe Transaction,South Houston,TX,5541,No Error,Visa,Debit,YES,30891,1,710,120771,4,76288
8602380,0,2010-10-06 03:37:00,$64.78,Swipe Transaction,Sterling,NE,5211,No Error,Mastercard,Debit,YES,13461,2,744,111115,1,35519
14739489,0,2014-07-25 21:59:00,$-79.00,Swipe Transaction,Brooklyn,NY,5541,No Error,Visa,Debit,YES,7616,2,691,68957,4,46232
18631334,0,2016-11-08 14:48:00,$1.28,Chip Transaction,Austin,TX,5499,No Error,Visa,Credit,YES,11400,1,751,13730,4,44807
12799904,0,2013-05-26 09:59:00,$28.37,Swipe Transaction,Pawling,NY,7538,No Error,Visa,Debit,YES,23014,2,730,82173,3,63796
23176738,0,2019-06-30 06:09:00,$45.26,Chip Transaction,Elko,GA,5411,No Error,Visa,Credit,YES,5500,2,703,46043,2,29413
18956680,0,2017-01-17 05:03:00,$69.82,Chip Transaction,Lebanon,OR,5310,Insufficient Balance,Visa,Debit,YES,11678,2,786,55643,6,34671
12343838,0,2013-02-14 06:56:00,$6.42,Swipe Transaction,Anaheim,CA,5541,No Error,Mastercard,Debit,YES,17749,1,753,87549,2,52063
17511411,0,2016-03-14 12:23:00,$4.53,Chip Transaction,Ewa Beach,HI,5814,No Error,Visa,Debit,YES,9956,2,725,472,5,42306
16606569,0,2015-09-02 05:51:00,$60.00,Chip Transaction,Chicago Heights,IL,4829,No Error,Mastercard,Debit,YES,26317,1,796,166903,4,54122
17019669,0,2015-11-29 13:59:00,$23.17,Online Transaction,ONLINE,Unknown,5311,No Error,Visa,Credit,YES,4100,2,659,69819,3,35906
17687098,0,2016-04-21 07:05:00,$16.04,Swipe Transaction,Bridgeton,NJ,5411,No Error,Mastercard,Debit,YES,28003,2,791,51243,4,46278
10627478,0,2012-01-21 13:14:00,$8.76,Swipe Transaction,Cannelburg,IN,5411,No Error,Mastercard,Debit,YES,17023,2,685,33165,5,31170
13007730,0,2013-07-11 03:19:00,$39.70,Online Transaction,ONLINE,Unknown,4121,No Error,Mastercard,Debit,YES,21258,2,683,80441,3,48406
19937743,0,2017-08-12 14:16:00,$63.16,Chip Transaction,Mercedes,TX,7538,No Error,Visa,Debit,YES,14477,2,730,132715,2,59114
13385121,0,2013-10-01 22:45:00,$18.90,Swipe Transaction,Memphis,TN,7832,No Error,Mastercard,Credit,YES,7900,1,786,20169,2,21876
16155893,0,2015-05-28 17:27:00,$240.00,Chip Transaction,Park Ridge,IL,3640,No Error,Mastercard,Credit,YES,11400,2,850,805,6,40141
7853173,0,2010-04-06 11:08:00,$21.82,Swipe Transaction,Ridgefield,CT,5812,No Error,Visa,Debit,NO,17145,2,760,70317,5,62669
14194347,0,2014-03-28 12:58:00,$3.52,Swipe Transaction,Skiatook,OK,5411,No Error,Visa,Debit (Prepaid),YES,57,1,690,90238,4,43290
21881436,1,2018-09-28 14:36:00,$7.15,Chip Transaction,Rome,Italy,3509,No Error,Mastercard,Credit,YES,11100,2,680,23909,5,34606
14096165,0,2014-03-07 00:35:00,$99.00,Swipe Transaction,North Hollywood,CA,5541,No Error,Mastercard,Debit,YES,27447,2,725,907,4,34441
8652592,0,2010-10-18 07:32:00,$1.66,Swipe Transaction,Perris,CA,5499,No Error,Mastercard,Debit,YES,14269,1,785,3230,3,32847
18330327,0,2016-09-05 10:55:00,$7.96,Online Transaction,ONLINE,Unknown,4784,No Error,Visa,Credit,YES,21000,1,679,135319,1,52308
9098425,0,2011-02-01 08:50:00,$61.68,Swipe Transaction,Brooklyn,NY,5719,No Error,Mastercard,Credit,YES,9100,1,695,94014,4,45789
13214762,0,2013-08-25 11:35:00,$100.00,Swipe Transaction,Louisville,KY,4829,No Error,Visa,Debit,YES,7014,2,705,16946,6,22540
22189028,0,2018-12-02 17:20:00,$3.65,Chip Transaction,Chardon,OH,5912,No Error,Amex,Credit,YES,11100,2,701,80367,1,52130
18798004,0,2016-12-14 06:28:00,$11.23,Chip Transaction,Lewisville,TX,5411,No Error,Visa,Debit,YES,34175,2,775,83571,2,65053
10357404,0,2011-11-20 19:04:00,$11.16,Swipe Transaction,New Albany,OH,5912,No Error,Mastercard,Debit,YES,1837,2,612,71719,2,36743
15544878,0,2015-01-16 20:35:00,$18.09,Online Transaction,ONLINE,Unknown,4121,No Error,Visa,Debit (Prepaid),NO,65,1,749,114235,1,62185
14717767,0,2014-07-21 07:47:00,$1.86,Swipe Transaction,Savannah,MO,5411,No Error,Mastercard,Credit,YES,12600,1,771,0,3,37165
11809133,0,2012-10-16 12:03:00,$14.05,Swipe Transaction,Phoenix,AZ,5812,No Error,Mastercard,Credit,YES,21300,1,668,31354,5,57824
22986930,0,2019-05-20 20:46:00,$21.84,Chip Transaction,Appleton,WI,4121,No Error,Mastercard,Debit,YES,35169,1,747,35268,3,75080
19644620,0,2017-06-11 19:38:00,$10.55,Chip Transaction,Lawrence,KS,5814,No Error,Mastercard,Debit,YES,22409,2,703,152645,6,55351
22465181,0,2019-01-30 12:35:00,$66.04,Chip Transaction,Katonah,NY,5541,No Error,Mastercard,Debit,YES,35203,2,542,5642,3,162709
21185308,0,2018-05-04 08:05:00,$92.00,Chip Transaction,Miami,FL,5499,No Error,Visa,Credit,YES,10000,1,752,54634,4,34456
8323712,0,2010-07-31 02:40:00,$4.02,Swipe Transaction,Nashville,TN,5942,No Error,Mastercard,Debit,YES,24608,1,739,72801,4,42120
11056858,0,2012-04-29 12:09:00,$9.05,Swipe Transaction,Schenectady,NY,5912,No Error,Mastercard,Debit (Prepaid),YES,52,2,682,58019,2,49569
14014143,0,2014-02-17 04:32:00,$77.41,Swipe Transaction,Revere,MA,5300,No Error,Mastercard,Credit,NO,6500,2,719,25245,4,17078
8116195,0,2010-06-10 11:41:00,$63.30,Swipe Transaction,Marietta,GA,7538,No Error,Amex,Credit,YES,8100,2,638,24100,7,63502
20985389,1,2018-03-22 19:22:00,$104.79,Chip Transaction,Rome,Italy,5311,No Error,Mastercard,Credit,YES,14100,2,682,43630,3,39898
16991557,0,2015-11-23 14:08:00,$20.38,Swipe Transaction,Alpharetta,GA,5411,No Error,Mastercard,Debit,YES,416,2,680,3154,3,1426
8127062,0,2010-06-13 07:39:00,$15.04,Swipe Transaction,Tulsa,OK,5411,No Error,Visa,Debit (Prepaid),YES,57,1,690,90238,4,43290
14921860,0,2014-09-03 13:30:00,$338.51,Swipe Transaction,Austin,TX,7995,No Error,Visa,Debit,YES,12948,1,699,1852,4,33426
7791607,0,2010-03-22 06:01:00,$99.39,Swipe Transaction,Bronx,NY,7538,No Error,Amex,Credit,YES,13200,2,828,98613,5,52065
8034345,1,2010-05-21 09:32:00,$121.56,Online Transaction,ONLINE,Unknown,5311,No Error,Amex,Credit,YES,11100,2,699,67836,6,41800
22635803,0,2019-03-07 14:10:00,$70.70,Chip Transaction,Rochester,MN,7538,No Error,Discover,Credit,YES,11300,1,801,15691,6,40696
11853868,0,2012-10-26 12:54:00,$80.53,Swipe Transaction,Montgomery,AL,5621,No Error,Mastercard,Credit,YES,18000,1,800,130152,4,56383
9512539,0,2011-05-09 12:43:00,$30.73,Online Transaction,ONLINE,Unknown,4784,No Error,Mastercard,Debit,YES,24272,2,707,42369,7,44383
8300966,1,2010-07-25 12:20:00,$163.78,Online Transaction,ONLINE,Unknown,5311,No Error,Visa,Debit,YES,16410,2,716,9235,6,22290
23364473,0,2019-08-08 14:25:00,$28.32,Online Transaction,ONLINE,Unknown,4784,No Error,Visa,Debit,YES,15814,1,689,54899,4,40473
18393389,1,2016-09-18 19:50:00,$111.52,Online Transaction,ONLINE,Unknown,4829,No Error,Mastercard,Debit,YES,15847,1,680,44779,3,44355
9662523,0,2011-06-13 13:20:00,$55.53,Swipe Transaction,Aurora,IL,5311,No Error,Visa,Debit,YES,22746,2,744,21853,7,31031
8361359,0,2010-08-09 05:58:00,$3.40,Online Transaction,ONLINE,Unknown,5815,No Error,Mastercard,Debit,NO,16726,1,606,153374,4,53138
19172421,0,2017-03-03 16:51:00,$28.04,Chip Transaction,Sioux Falls,SD,5411,No Error,Mastercard,Debit,YES,16681,1,850,8764,6,52380
17283928,0,2016-01-24 19:23:00,$37.15,Chip Transaction,Brooklyn,NY,7538,No Error,Visa,Credit,YES,6700,2,689,42745,4,30288
21067849,0,2018-04-09 08:59:00,$79.71,Chip Transaction,Revere,MA,5912,No Error,Visa,Debit,YES,20475,1,719,25245,4,17078
18752621,0,2016-12-04 12:32:00,$79.87,Chip Transaction,Blackwood,NJ,5411,No Error,Mastercard,Debit,YES,26136,1,803,3867,2,80794
17989254,0,2016-06-24 14:58:00,$40.00,Chip Transaction,Clearfield,KY,4829,No Error,Mastercard,Debit,YES,17889,1,724,58373,5,32128
22273367,0,2018-12-20 17:10:00,$42.02,Chip Transaction,Bronx,NY,5942,No Error,Visa,Credit,YES,12700,1,753,87549,2,52063
18761514,0,2016-12-06 10:31:00,$1.87,Chip Transaction,Martinsville,IN,5812,No Error,Mastercard,Debit,YES,14716,2,850,49101,2,35854
13932361,0,2014-01-30 08:03:00,$42.05,Swipe Transaction,Alvin,TX,5311,No Error,Mastercard,Debit,YES,13016,2,728,59862,3,44768
18765881,0,2016-12-07 09:10:00,$72.86,Swipe Transaction,Spotsylvania,VA,4111,No Error,Mastercard,Debit,YES,10051,1,634,68220,2,38059
17627570,0,2016-04-08 11:32:00,$60.99,Swipe Transaction,Bronx,NY,5300,No Error,Mastercard,Credit,YES,10500,2,712,45540,4,25434
23105481,0,2019-06-15 06:52:00,$4.35,Chip Transaction,High Point,NC,5411,No Error,Mastercard,Debit,YES,13016,2,742,59817,7,31308
14099206,0,2014-03-07 14:41:00,$105.89,Swipe Transaction,Orchard Park,NY,5411,No Error,Mastercard,Debit,YES,23956,1,726,14135,4,43070
21117973,0,2018-04-19 19:26:00,$14.85,Chip Transaction,Syracuse,NY,5411,No Error,Visa,Debit,YES,26222,1,681,95988,2,41379
20317000,0,2017-11-01 06:49:00,$3.88,Chip Transaction,Wethersfield,CT,5812,No Error,Mastercard,Debit,YES,30424,1,685,101148,3,58225
13900549,0,2014-01-23 08:34:00,$1.04,Swipe Transaction,Passaic,NJ,5812,No Error,Mastercard,Credit,NO,20100,1,745,16595,5,70862
11430975,0,2012-07-23 01:23:00,$25.88,Swipe Transaction,Osprey,FL,4121,No Error,Mastercard,Debit,YES,23016,1,724,127892,4,57646
17712494,1,2016-04-26 14:03:00,$1068.49,Online Transaction,ONLINE,Unknown,4411,No Error,Mastercard,Debit,YES,14850,2,654,46298,4,37645
22926904,0,2019-05-08 08:09:00,$36.51,Online Transaction,ONLINE,Unknown,4784,No Error,Mastercard,Debit,YES,22660,2,788,93126,5,46683
19470942,0,2017-05-06 07:08:00,$11.72,Chip Transaction,Howard Beach,NY,5812,No Error,Mastercard,Debit (Prepaid),YES,68,2,632,98211,4,53996
23349315,0,2019-08-05 10:55:00,$84.00,Chip Transaction,Abilene,TX,5541,No Error,Mastercard,Debit,YES,14701,2,668,19404,4,30399
14138150,0,2014-03-16 07:10:00,$76.55,Swipe Transaction,Atlanta,GA,4111,No Error,Visa,Credit,YES,10300,1,773,51520,3,49335
8707458,1,2010-10-31 10:58:00,$32.90,Online Transaction,ONLINE,Unknown,5311,No Error,Discover,Credit,YES,16800,2,745,81500,3,37785
15404294,0,2014-12-17 14:46:00,$16.82,Swipe Transaction,Hammond,LA,5310,No Error,Visa,Debit,YES,26255,2,673,90940,4,41845
16423637,0,2015-07-24 23:08:00,$0.98,Chip Transaction,Kissimmee,FL,5499,No Error,Mastercard,Debit,YES,9226,1,850,80794,5,32928
16541590,0,2015-08-19 07:58:00,$3.01,Chip Transaction,Alhambra,CA,5411,No Error,Mastercard,Debit,YES,5553,2,764,36832,5,43180
11923221,0,2012-11-11 08:43:00,$53.59,Swipe Transaction,Rancho Cucamonga,CA,5651,No Error,Visa,Credit,YES,12800,2,761,97188,4,50163
8048106,0,2010-05-24 16:15:00,$13.08,Swipe Transaction,Chino Hills,CA,4214,No Error,Mastercard,Debit,YES,16617,2,725,907,4,34441
19545212,0,2017-05-21 20:12:00,$51.87,Online Transaction,ONLINE,Unknown,7922,No Error,Amex,Credit,YES,7300,2,825,36303,4,29297
13257691,0,2013-09-03 20:26:00,$12.03,Swipe Transaction,Seattle,WA,5814,No Error,Mastercard,Debit (Prepaid),YES,61,1,703,152645,6,55351
7498267,0,2010-01-06 17:47:00,$23.16,Swipe Transaction,Chesterfield,VA,5813,No Error,Mastercard,Credit,YES,20800,1,700,3584,4,54881
22885173,0,2019-04-29 08:20:00,$32.74,Swipe Transaction,Cherry Hill,NJ,7538,No Error,Mastercard,Debit,NO,64565,2,621,461854,5,185909
23501168,0,2019-09-06 12:56:00,$38.32,Swipe Transaction,Spring Hill,KS,7832,No Error,Mastercard,Debit,NO,35279,1,693,0,3,61646
15025813,0,2014-09-26 09:59:00,$50.48,Swipe Transaction,Raceland,LA,7538,No Error,Mastercard,Credit,YES,7100,2,673,90940,4,41845
19877153,0,2017-07-30 18:43:00,$124.07,Swipe Transaction,Kyle,TX,5541,No Error,Visa,Credit,NO,22800,2,690,114266,5,53357
10335560,0,2011-11-15 15:53:00,$20.01,Swipe Transaction,Cicero,IL,5912,No Error,Discover,Credit,YES,6600,2,822,38658,6,28325
23718946,0,2019-10-22 18:24:00,$5.71,Chip Transaction,Nashport,OH,5541,No Error,Amex,Credit,YES,13400,1,693,44263,3,43133
23577087,0,2019-09-22 14:11:00,$166.62,Chip Transaction,Rocky Point,NY,5912,No Error,Amex,Credit,YES,8600,2,680,37838,4,58503
22961353,0,2019-05-15 13:32:00,$57.00,Chip Transaction,Lincoln,CA,5499,No Error,Mastercard,Debit,YES,6732,1,849,57994,3,44506
18811967,0,2016-12-17 06:37:00,$9.17,Chip Transaction,Cedar Park,TX,5921,No Error,Visa,Debit,YES,22641,2,543,85666,4,62019
16046350,0,2015-05-05 08:40:00,$56.95,Swipe Transaction,Conklin,NY,5912,No Error,Mastercard,Credit,NO,10300,2,698,6908,5,40516
16275116,0,2015-06-23 09:19:00,$-90.00,Chip Transaction,Marietta,GA,5499,No Error,Visa,Credit,YES,15900,1,804,93795,6,67470
10328283,0,2011-11-14 06:56:00,$72.14,Swipe Transaction,West Harrison,NY,5912,No Error,Visa,Debit,YES,27878,2,801,151935,3,93406
14234083,1,2014-04-06 08:37:00,$164.53,Online Transaction,ONLINE,Unknown,5311,No Error,Mastercard,Debit,YES,9496,2,810,81262,1,38190
22506925,0,2019-02-08 09:12:00,$3.34,Chip Transaction,Boise,ID,5541,No Error,Visa,Debit,YES,19442,2,694,50449,2,40867
7639120,0,2010-02-11 14:11:00,$14.08,Online Transaction,ONLINE,Unknown,5311,No Error,Mastercard,Debit (Prepaid),NO,60,2,765,1658,6,38273
7747396,0,2010-03-10 18:40:00,$57.45,Swipe Transaction,Cotton Valley,LA,5812,No Error,Visa,Debit,YES,3648,2,811,71366,6,34172
17654634,0,2016-04-14 08:15:00,$25.54,Chip Transaction,Houston,TX,7210,No Error,Mastercard,Debit,YES,33166,1,704,140107,5,63356
17193489,1,2016-01-05 12:07:00,$28.22,Chip Transaction,West Jefferson,NC,5300,No Error,Mastercard,Debit (Prepaid),YES,13,2,694,13351,4,28988
14731159,0,2014-07-24 07:15:00,$11.83,Swipe Transaction,Lenoir,NC,5311,No Error,Mastercard,Debit,NO,3384,1,738,41455,3,25748
18881443,0,2016-12-31 23:13:00,$43.07,Chip Transaction,Allentown,PA,7349,No Error,Mastercard,Debit,YES,7541,2,566,1712,3,19893
18282221,0,2016-08-26 00:50:00,$-78.00,Chip Transaction,North Hollywood,CA,5499,No Error,Visa,Debit,YES,10676,2,725,907,4,34441
9170405,0,2011-02-18 08:18:00,$5.23,Swipe Transaction,Walnut Creek,CA,5411,No Error,Visa,Credit,NO,5200,2,609,4031,2,79870
14500955,0,2014-06-03 16:33:00,$20.61,Swipe Transaction,Albuquerque,NM,4121,No Error,Mastercard,Debit,YES,2450,2,621,24169,1,40189
14783301,0,2014-08-04 12:22:00,$19.81,Swipe Transaction,Chesterfield,MO,5411,No Error,Visa,Debit,YES,34063,1,791,23992,5,48600
18369958,0,2016-09-13 18:01:00,$20.00,Chip Transaction,Madison,OH,4829,No Error,Visa,Debit,YES,9285,2,552,64661,3,30340
23711908,0,2019-10-21 09:17:00,$31.76,Swipe Transaction,Jerome,ID,5912,No Error,Mastercard,Debit,YES,11986,2,624,101847,1,30432
10678680,0,2012-02-02 09:02:00,$276.25,Swipe Transaction,Grand Junction,CO,6300,No Error,Mastercard,Credit,YES,10600,2,747,65994,2,49169
23462948,0,2019-08-29 12:29:00,$12.56,Chip Transaction,Harrison,MI,5912,No Error,Discover,Credit,YES,6300,2,798,27928,3,22505
22454013,0,2019-01-27 21:51:00,$59.36,Chip Transaction,Manchester,NH,5261,No Error,Amex,Credit,YES,8800,2,689,116394,2,56486
17180289,0,2016-01-02 15:16:00,$103.42,Chip Transaction,Norwalk,CT,7538,No Error,Discover,Credit,YES,14700,2,760,70317,5,62669
13106142,0,2013-08-01 13:30:00,$48.23,Swipe Transaction,Sutter Creek,CA,4814,No Error,Mastercard,Debit (Prepaid),YES,59,2,794,61722,3,51943
14561248,0,2014-06-16 22:29:00,$19.20,Swipe Transaction,Aberdeen,NC,4121,No Error,Visa,Debit,YES,24230,1,771,143208,6,48762
11211915,0,2012-06-03 15:14:00,$98.54,Swipe Transaction,Webster,TX,4814,No Error,Mastercard,Debit,YES,12224,2,612,57177,1,46603
15803844,0,2015-03-14 05:25:00,$1034.59,Swipe Transaction,Centerville,MA,3058,No Error,Visa,Debit,YES,38317,2,715,195657,4,115465
22872523,0,2019-04-26 13:57:00,$21.17,Chip Transaction,Bronx,NY,5300,No Error,Mastercard,Credit,YES,10500,2,712,45540,4,25434
14578761,0,2014-06-20 19:53:00,$49.82,Swipe Transaction,Crestview,FL,5541,No Error,Visa,Credit,YES,9000,1,672,64474,3,38874
23319375,0,2019-07-30 04:36:00,$7.76,Chip Transaction,Grosse Pointe,MI,5300,No Error,Mastercard,Debit,YES,15900,1,703,0,3,37147
22219656,0,2018-12-09 10:02:00,$-64.00,Chip Transaction,East Peoria,IL,5541,No Error,Mastercard,Debit,YES,7898,2,715,113194,3,45707
13820657,1,2014-01-05 15:06:00,$69.83,Online Transaction,ONLINE,Unknown,5977,No Error,Mastercard,Debit,YES,14418,2,748,58765,3,42976
21913280,0,2018-10-05 11:34:00,$19.32,Swipe Transaction,Holland,MI,5411,No Error,Mastercard,Debit,YES,20430,2,773,28032,4,38487
11349760,1,2012-07-04 15:16:00,$5.41,Online Transaction,ONLINE,Unknown,5970,No Error,Mastercard,Debit,YES,4701,1,607,42050,3,25861
8272268,1,2010-07-18 13:41:00,$51.73,Online Transaction,ONLINE,Unknown,5816,No Error,Mastercard,Debit,YES,23404,1,827,3080,5,47993
15237542,0,2014-11-11 11:28:00,$41.90,Swipe Transaction,Waterford,MI,5942,No Error,Mastercard,Debit,YES,39452,1,771,98102,5,66111
13228899,0,2013-08-28 14:52:00,$19.33,Swipe Transaction,State College,PA,4900,No Error,Mastercard,Credit,YES,20700,1,704,0,5,51039
16391639,0,2015-07-18 07:42:00,$6.41,Chip Transaction,Clarksville,TN,5411,No Error,Mastercard,Debit,YES,29170,1,735,61817,4,80156
22942038,0,2019-05-11 10:29:00,$5.96,Swipe Transaction,Franklinville,NJ,5812,No Error,Mastercard,Debit,NO,21058,1,791,51243,4,46278
15740313,0,2015-02-28 10:40:00,$50.05,Chip Transaction,Waynesboro,GA,7538,No Error,Mastercard,Debit,YES,9257,2,733,58712,2,32125
14987262,0,2014-09-17 18:49:00,$109.00,Swipe Transaction,Cordova,TN,7230,No Error,Visa,Credit,YES,25400,2,739,100163,2,56018
17604610,1,2016-04-03 12:44:00,$505.73,Online Transaction,ONLINE,Unknown,3058,No Error,Mastercard,Debit,YES,8451,1,681,93119,2,74012
9100815,0,2011-02-01 16:49:00,$-55.00,Swipe Transaction,Venus,TX,5541,No Error,Mastercard,Credit,YES,9000,2,757,0,8,23371
17035426,1,2015-12-02 19:08:00,$133.03,Online Transaction,ONLINE,Unknown,5311,No Error,Visa,Debit,YES,20074,1,767,52978,3,49993
22302795,0,2018-12-26 21:43:00,$32.69,Chip Transaction,Novi,MI,5813,No Error,Visa,Debit,YES,26743,2,509,33545,4,62103
18639182,0,2016-11-10 09:33:00,$-73.00,Swipe Transaction,Wilton,CT,5499,No Error,Mastercard,Debit,YES,62760,2,700,100192,6,192269
21312422,0,2018-05-31 09:22:00,$12.92,Chip Transaction,Mountain Home,AR,5942,No Error,Mastercard,Debit,YES,13326,2,782,45661,4,31499
22143661,0,2018-11-23 10:09:00,$8.21,Chip Transaction,Reidsville,NC,5921,No Error,Visa,Credit,YES,9500,1,681,0,4,34437
11403721,0,2012-07-16 19:51:00,$53.90,Swipe Transaction,Orlando,FL,5812,Insufficient Balance,Visa,Credit,YES,12800,2,761,97188,4,50163
21275490,0,2018-05-23 12:05:00,$3.82,Swipe Transaction,Albuquerque,NM,5812,No Error,Mastercard,Debit,NO,12708,2,707,0,3,31369
8799062,0,2010-11-22 09:05:00,$15.66,Online Transaction,ONLINE,Unknown,4121,No Error,Amex,Credit,YES,9500,1,659,69819,3,35906
19802538,0,2017-07-15 04:31:00,$29.26,Online Transaction,ONLINE,Unknown,4784,No Error,Mastercard,Debit,YES,18776,2,598,58679,1,29422
17886903,0,2016-06-02 18:13:00,$38.87,Online Transaction,ONLINE,Unknown,4814,Bad Expiration,Visa,Debit,YES,45377,2,770,210445,1,100880
20398171,0,2017-11-18 07:59:00,$50.24,Swipe Transaction,Hampden,ME,5541,No Error,Mastercard,Credit,NO,14400,2,697,77465,5,49467
18336863,0,2016-09-06 16:07:00,$54.57,Online Transaction,ONLINE,Unknown,4784,No Error,Mastercard,Debit,YES,17201,2,788,55982,3,37968
20503613,1,2017-12-10 13:46:00,$82.00,Chip Transaction,Rome,Italy,5499,No Error,Mastercard,Debit,YES,14913,2,686,85218,3,45450
19667706,0,2017-06-16 15:43:00,$38.28,Chip Transaction,Franklinton,NC,7538,No Error,Mastercard,Debit,YES,17367,2,643,30595,4,38637
15236440,0,2014-11-11 08:13:00,$110.76,Swipe Transaction,Fresno,CA,5411,No Error,Visa,Credit,YES,6800,2,628,10400,2,28357
17627483,1,2016-04-08 11:14:00,$146.22,Online Transaction,ONLINE,Unknown,3389,No Error,Mastercard,Debit,YES,21408,2,685,58438,3,37115
20288471,0,2017-10-26 04:33:00,$23.02,Online Transaction,ONLINE,Unknown,4121,No Error,Mastercard,Debit (Prepaid),YES,86,1,627,114394,5,64481
8951279,0,2010-12-28 10:40:00,$0.85,Swipe Transaction,Acworth,GA,5499,No Error,Visa,Debit,YES,2942,2,746,126806,3,58846
7574474,1,2010-01-26 11:26:00,$128.62,Swipe Transaction,Port au Prince,Haiti,5411,No Error,Visa,Debit,YES,15822,2,704,62224,6,47242
22975508,0,2019-05-18 12:47:00,$33.93,Chip Transaction,Marcus Hook,PA,5499,No Error,Visa,Debit,YES,24546,1,813,406,5,26476
13763445,0,2013-12-24 08:31:00,$7.52,Swipe Transaction,Islandton,SC,5921,No Error,Visa,Credit,YES,9100,1,776,23392,3,30305
13304825,0,2013-09-14 08:44:00,$100.33,Online Transaction,ONLINE,Unknown,4900,No Error,Mastercard,Credit,NO,7800,1,688,812,6,9678
19170885,0,2017-03-03 11:52:00,$-86.00,Chip Transaction,San Francisco,CA,5541,No Error,Mastercard,Debit,YES,46070,2,736,1676,6,65055
19213184,0,2017-03-12 12:18:00,$21.58,Chip Transaction,Ukiah,CA,5411,No Error,Visa,Debit (Prepaid),YES,33,2,576,10323,3,12044
9495159,0,2011-05-05 10:29:00,$38.65,Swipe Transaction,Jackson,MS,5251,Bad PIN,Visa,Debit,YES,15975,1,699,63019,5,22557
22137075,0,2018-11-21 22:43:00,$80.00,Chip Transaction,Merced,CA,4829,No Error,Visa,Debit,YES,14625,1,764,45706,8,47643
12768994,0,2013-05-19 11:57:00,$95.26,Swipe Transaction,Claremont,NC,4900,No Error,Visa,Debit,YES,16962,1,593,95755,2,36760
16844241,0,2015-10-23 02:05:00,$60.39,Chip Transaction,Athens,Greece,5814,No Error,Discover,Credit,YES,14600,2,683,161166,6,80957
13098112,0,2013-07-30 16:28:00,$17.25,Swipe Transaction,Canton,NC,7538,No Error,Mastercard,Credit,YES,8500,1,702,0,3,28733
10895737,0,2012-03-23 14:43:00,$27.83,Swipe Transaction,Bangor,PA,5311,No Error,Mastercard,Credit,YES,10100,3,724,98151,3,41473
14053493,0,2014-02-25 13:23:00,$24.25,Swipe Transaction,Bradenton,FL,4121,No Error,Visa,Debit,NO,28759,2,733,2249,5,44690
10441545,0,2011-12-10 07:25:00,$4.71,Swipe Transaction,Lorton,VA,5812,No Error,Visa,Debit,YES,7202,2,782,0,3,71490
17454739,0,2016-03-02 09:15:00,$2.32,Chip Transaction,Nashville,TN,5541,No Error,Mastercard,Debit,YES,2041,2,765,1658,6,38273
20415471,0,2017-11-21 21:24:00,$1.18,Chip Transaction,Pawtucket,RI,5499,No Error,Visa,Debit,YES,17537,2,705,123198,6,49464
22397559,0,2019-01-16 05:10:00,$7.95,Chip Transaction,Le Mars,IA,5541,Technical Glitch,Mastercard,Debit (Prepaid),YES,25,2,718,76392,3,40478
13777233,0,2013-12-27 08:26:00,$16.42,Swipe Transaction,Santa Monica,CA,5311,No Error,Mastercard,Debit,YES,6090,2,669,13411,1,28245
15631423,0,2015-02-04 14:36:00,$16.94,Chip Transaction,Chicago,IL,5411,No Error,Amex,Credit,YES,11300,2,676,28929,2,36335
18166405,0,2016-08-01 10:45:00,$99.59,Online Transaction,ONLINE,Unknown,5732,No Error,Visa,Debit,YES,1241,2,590,60261,1,24827
18161553,0,2016-07-31 10:26:00,$50.00,Chip Transaction,Como,MS,5499,No Error,Visa,Debit,YES,7688,2,734,19465,4,25051
13018681,0,2013-07-13 11:03:00,$13.02,Swipe Transaction,Courtland,MS,5812,No Error,Amex,Credit,YES,8300,1,734,19465,4,25051
13185710,1,2013-08-19 07:05:00,$64.50,Online Transaction,ONLINE,Unknown,5816,No Error,Mastercard,Debit,YES,18894,2,711,14042,2,20614
8393541,0,2010-08-16 16:58:00,$74.68,Swipe Transaction,College Park,MD,5814,No Error,Mastercard,Debit,NO,21908,1,751,20683,4,53464
18385592,0,2016-09-17 09:10:00,$27.40,Chip Transaction,Putnam,CT,5411,No Error,Visa,Debit,YES,20902,2,675,77642,2,51788
21051425,1,2018-04-05 18:22:00,$1.47,Chip Transaction,Rome,Italy,5310,No Error,Mastercard,Debit (Prepaid),YES,61,1,613,22427,8,23821
12074567,0,2012-12-15 11:54:00,$28.83,Swipe Transaction,East Hampton,NY,5411,No Error,Mastercard,Debit,YES,34684,2,610,2027,5,80493
19773960,0,2017-07-08 22:10:00,$13.11,Chip Transaction,Yorba Linda,CA,5814,No Error,Mastercard,Debit,YES,19959,2,685,4344,4,99825
9257266,0,2011-03-10 14:52:00,$191.45,Online Transaction,ONLINE,Unknown,4899,No Error,Mastercard,Debit,YES,1447,2,711,56777,2,28951
17486080,0,2016-03-09 04:07:00,$75.74,Chip Transaction,Lebanon,NJ,5411,No Error,Mastercard,Debit,YES,36920,2,802,102360,2,59313
12666122,0,2013-04-26 15:43:00,$126.13,Swipe Transaction,Latrobe,PA,8041,No Error,Mastercard,Credit,YES,10600,1,781,79302,4,39733
15159350,0,2014-10-25 09:52:00,$1.93,Swipe Transaction,Saint Albans,NY,5499,No Error,Mastercard,Credit,YES,500,2,697,42168,2,43397
23266829,0,2019-07-19 06:23:00,$3.38,Online Transaction,ONLINE,Unknown,4784,No Error,Discover,Credit,YES,10200,2,841,11243,5,27939
20359902,0,2017-11-10 07:51:00,$4.45,Chip Transaction,Cold Spring,MN,5499,No Error,Mastercard,Debit,YES,20097,2,706,81016,3,41141
8377467,0,2010-08-12 18:40:00,$75.47,Swipe Transaction,Canton,MS,5311,Insufficient Balance,Mastercard,Debit,YES,1385,2,613,22427,8,23821
23291686,0,2019-07-24 10:20:00,$153.35,Chip Transaction,Woodinville,WA,4900,No Error,Visa,Debit,YES,47372,2,646,192458,4,105515
20203764,0,2017-10-07 21:56:00,$10.55,Chip Transaction,King,NC,5311,No Error,Visa,Debit,YES,16647,1,739,84949,4,36711
21112826,0,2018-04-18 18:15:00,$34.54,Chip Transaction,Fayetteville,NC,5912,No Error,Mastercard,Credit,YES,13100,2,680,64030,5,37346
11322574,0,2012-06-28 12:56:00,$6.93,Swipe Transaction,San Antonio,TX,5541,No Error,Visa,Credit,YES,4100,2,659,69819,3,35906
9604732,0,2011-05-31 07:10:00,$-70.00,Swipe Transaction,Scottsdale,AZ,5499,No Error,Mastercard,Debit,YES,8451,1,681,93119,2,74012
19822365,0,2017-07-19 09:26:00,$0.89,Chip Transaction,Lima,OH,5499,No Error,Mastercard,Debit,YES,16565,1,687,49793,4,28828
21077014,0,2018-04-11 10:01:00,$1.35,Chip Transaction,Oak View,CA,5499,No Error,Mastercard,Credit,YES,9500,1,701,16437,4,36724
12889456,0,2013-06-15 07:10:00,$2.27,Swipe Transaction,Trumann,AR,5812,No Error,Mastercard,Debit,YES,22679,1,782,45661,4,31499
13346707,0,2013-09-23 11:42:00,$88.05,Swipe Transaction,Woodinville,WA,5541,No Error,Visa,Debit,YES,47372,2,646,192458,4,105515
9973306,0,2011-08-24 10:06:00,$358.00,Online Transaction,ONLINE,Unknown,4722,No Error,Amex,Credit,YES,10200,1,784,79551,2,34241
21772283,1,2018-09-05 12:36:00,$19.87,Chip Transaction,Rome,Italy,5541,No Error,Mastercard,Debit,YES,4880,2,728,107130,4,58248
9269551,0,2011-03-13 15:43:00,$171.93,Swipe Transaction,Melbourne,FL,4814,No Error,Amex,Credit,YES,14300,2,748,14408,4,16302
21065003,0,2018-04-08 14:18:00,$77.19,Chip Transaction,Ontario,CA,5411,No Error,Visa,Debit,YES,12990,1,655,12545,4,41904
15324913,0,2014-11-30 10:44:00,$27.32,Swipe Transaction,Vergennes,VT,5300,No Error,Mastercard,Debit,YES,34348,1,714,1135,5,35685
18796450,1,2016-12-13 16:20:00,$338.29,Online Transaction,ONLINE,Unknown,5311,No Error,Mastercard,Debit,YES,9358,1,723,29409,6,34985
13313740,1,2013-09-16 08:07:00,$419.53,Swipe Transaction,Strasburg,OH,5712,No Error,Mastercard,Debit,YES,21900,1,714,35312,2,47374
11085856,0,2012-05-06 00:54:00,$68.00,Swipe Transaction,North Hollywood,CA,5541,No Error,Mastercard,Debit,YES,27447,2,725,907,4,34441
16754746,0,2015-10-03 20:26:00,$43.37,Chip Transaction,Griffin,GA,5719,No Error,Mastercard,Debit,YES,24068,1,824,0,3,36315
8606590,0,2010-10-07 00:28:00,$35.02,Online Transaction,ONLINE,Unknown,4784,Bad Expiration,Mastercard,Debit,YES,24614,2,720,92603,4,35590
10006747,0,2011-08-31 22:04:00,$38.32,Swipe Transaction,Philadelphia,PA,5812,No Error,Amex,Credit,NO,9300,2,687,47490,4,36711
22482114,0,2019-02-02 22:37:00,$29.35,Online Transaction,ONLINE,Unknown,4784,No Error,Visa,Debit,YES,8562,2,562,48465,4,35868
15334394,0,2014-12-02 11:05:00,$3.89,Swipe Transaction,Annandale,VA,5411,No Error,Mastercard,Debit (Prepaid),YES,61,1,741,95799,5,62432
17108536,1,2015-12-18 13:49:00,$90.14,Online Transaction,ONLINE,Unknown,5300,No Error,Mastercard,Debit,YES,62703,1,709,44432,2,112875
17384763,0,2016-02-15 11:05:00,$110.24,Chip Transaction,Gregory,TX,5411,No Error,Mastercard,Debit,YES,12759,1,745,54351,2,32126
18294303,1,2016-08-28 16:01:00,$198.64,Online Transaction,ONLINE,Unknown,5712,No Error,Visa,Debit,YES,13637,2,701,36262,6,48690
17694678,0,2016-04-22 17:27:00,$18.02,Chip Transaction,Murrieta,CA,7832,No Error,Visa,Debit,YES,29740,2,715,56547,4,49076
14622132,0,2014-06-30 08:50:00,$83.00,Swipe Transaction,Palm Coast,FL,5541,No Error,Visa,Credit,YES,9800,2,755,614,6,31805
17189834,0,2016-01-04 15:12:00,$67.54,Chip Transaction,Oak Harbor,WA,5814,No Error,Visa,Credit,YES,9800,2,698,58236,6,33717
18739259,0,2016-12-01 13:07:00,$12.22,Chip Transaction,Gainesville,FL,5814,No Error,Visa,Debit,YES,15878,2,738,70128,3,40156
11988077,0,2012-11-25 22:17:00,$14.75,Swipe Transaction,Memphis,TN,7832,No Error,Mastercard,Credit,YES,7900,1,786,20169,2,21876
14333109,0,2014-04-27 21:40:00,$56.84,Swipe Transaction,Rochester,MI,5300,No Error,Mastercard,Debit,YES,8052,2,690,0,6,22650
8359345,0,2010-08-08 13:39:00,$17.09,Swipe Transaction,San Ysidro,CA,5813,No Error,Visa,Debit (Prepaid),YES,94,1,691,87086,5,40470
11446106,0,2012-07-26 12:01:00,$32.69,Swipe Transaction,Algonquin,IL,5300,No Error,Visa,Debit,YES,5646,2,717,47179,6,32150
14053778,0,2014-02-25 14:18:00,$16.42,Online Transaction,ONLINE,Unknown,4784,No Error,Mastercard,Debit,NO,16003,1,743,15336,5,30962
9198787,0,2011-02-24 20:35:00,$42.45,Swipe Transaction,Las Vegas,NV,7349,No Error,Discover,Credit,YES,10400,1,683,71022,4,45202
17507918,0,2016-03-13 16:33:00,$29.07,Chip Transaction,Venus,TX,5541,No Error,Mastercard,Credit,YES,9000,2,757,0,8,23371
7670093,1,2010-02-19 12:26:00,$2208.45,Online Transaction,ONLINE,Unknown,4411,No Error,Visa,Credit,YES,5100,2,722,16870,4,39082
13188192,0,2013-08-19 14:35:00,$10.80,Swipe Transaction,Meridian,MS,5912,No Error,Mastercard,Debit,YES,8580,1,690,50159,2,27967
11971353,0,2012-11-22 07:49:00,$84.76,Swipe Transaction,Apple River,IL,4111,No Error,Visa,Credit,YES,9300,1,716,36994,5,37898
7874201,0,2010-04-11 15:11:00,$29.90,Swipe Transaction,Old Town,FL,5310,No Error,Amex,Credit,YES,10300,1,738,70128,3,40156
21887552,0,2018-09-29 20:44:00,$25.56,Chip Transaction,Venus,TX,5814,No Error,Visa,Debit,YES,19791,1,757,0,8,23371
23137193,0,2019-06-21 16:45:00,$-56.00,Chip Transaction,Granville,IA,5499,No Error,Mastercard,Debit,YES,11121,1,752,54634,4,34456
19816733,0,2017-07-18 06:58:00,$7.39,Swipe Transaction,Calverton,VA,5411,No Error,Mastercard,Debit,YES,18089,2,664,115827,6,73208
17216841,0,2016-01-10 13:22:00,$14.00,Chip Transaction,Saint Louis,MO,5541,No Error,Visa,Credit,YES,8500,2,558,131828,4,57853
9326666,0,2011-03-27 06:46:00,$80.00,Swipe Transaction,Laguna Beach,CA,5499,No Error,Mastercard,Debit,YES,47211,1,773,0,3,141161
7920822,0,2010-04-23 08:37:00,$47.89,Swipe Transaction,Tyler,TX,5310,No Error,Visa,Debit (Prepaid),YES,96,2,693,40950,6,30198
16653953,0,2015-09-12 10:13:00,$2.42,Chip Transaction,East Hartford,CT,5812,No Error,Amex,Credit,YES,16500,2,784,1692,6,22726
22905194,1,2019-05-03 13:28:00,$35.35,Chip Transaction,Rome,Italy,5311,No Error,Amex,Credit,YES,9300,2,719,73726,4,39871
23270667,1,2019-07-19 19:57:00,$17.32,Chip Transaction,Rome,Italy,4121,No Error,Visa,Debit,YES,15018,2,733,36831,3,16542
23215608,0,2019-07-08 08:54:00,$30.39,Online Transaction,ONLINE,Unknown,4900,No Error,Mastercard,Debit,NO,9294,1,688,812,6,9678
9600110,0,2011-05-30 06:23:00,$52.37,Online Transaction,ONLINE,Unknown,7922,No Error,Visa,Debit,YES,30622,1,672,79738,4,46039
16746530,0,2015-10-02 06:58:00,$9.29,Chip Transaction,Black Diamond,WA,5541,No Error,Visa,Debit (Prepaid),YES,84,2,786,13015,8,56635
8077633,0,2010-06-01 05:05:00,$72.29,Swipe Transaction,Edgerton,WI,4900,No Error,Mastercard,Debit (Prepaid),YES,95,2,797,126175,6,43529
12097469,0,2012-12-20 14:16:00,$120.00,Swipe Transaction,Belleville,IL,4829,No Error,Visa,Debit,YES,9562,2,657,51844,1,40894
20874763,0,2018-02-27 10:47:00,$34.64,Online Transaction,ONLINE,Unknown,4784,No Error,Mastercard,Debit,YES,1607,2,717,47179,6,32150
22788980,0,2019-04-08 19:15:00,$67.29,Chip Transaction,Dunkirk,NY,5499,No Error,Visa,Debit,YES,27727,2,602,85383,2,61578
23481496,0,2019-09-02 09:48:00,$4.09,Chip Transaction,Bowling Green,KY,5812,No Error,Mastercard,Debit,YES,17401,2,707,0,5,54166
21876085,0,2018-09-27 13:14:00,$8.96,Swipe Transaction,Scottsdale,AZ,5812,No Error,Visa,Credit,NO,29900,2,702,85204,2,74016
11469350,1,2012-07-31 16:05:00,$176.39,Swipe Transaction,Howe,TX,5310,No Error,Visa,Debit,YES,19054,2,747,53595,4,32086
10605596,0,2012-01-16 15:40:00,$84.69,Swipe Transaction,Petaluma,CA,7230,No Error,Visa,Credit,YES,14400,1,765,121987,4,54537
9941432,0,2011-08-17 00:02:00,$4.35,Swipe Transaction,La Porte,TX,5300,No Error,Visa,Debit (Prepaid),YES,56,2,690,114266,5,53357
15426837,0,2014-12-22 12:43:00,$-56.00,Swipe Transaction,Bradenton,FL,5541,No Error,Visa,Debit,YES,5933,1,562,48465,4,35868
22647785,0,2019-03-10 03:59:00,$4.40,Chip Transaction,Waukegan,IL,5411,No Error,Mastercard,Debit,YES,14385,1,717,47179,6,32150
14953338,0,2014-09-10 11:28:00,$10.65,Swipe Transaction,Brandy Station,VA,5812,No Error,Visa,Credit,YES,9500,1,681,0,4,34437
11873715,0,2012-10-31 06:57:00,$81.49,Swipe Transaction,Alcoa,TN,5411,No Error,Visa,Credit,NO,11700,2,775,0,4,39809
10841462,0,2012-03-11 10:02:00,$109.99,Online Transaction,ONLINE,Unknown,7922,No Error,Mastercard,Debit,YES,13529,2,828,55112,5,35397
9764282,0,2011-07-07 04:57:00,$4.06,Swipe Transaction,Corinth,MS,5942,No Error,Visa,Debit,YES,10360,1,742,59817,7,31308
17867012,0,2016-05-29 16:27:00,$114.44,Chip Transaction,Miami,FL,7538,No Error,Visa,Credit,YES,37400,2,737,180865,5,109440
8954031,0,2010-12-29 02:19:00,$815.76,Swipe Transaction,Dallas,TX,8062,No Error,Visa,Debit,YES,23260,1,625,76759,4,50329
18267053,0,2016-08-22 19:55:00,$15.49,Chip Transaction,Prichard,WV,5411,No Error,Amex,Credit,YES,1400,2,701,109785,3,36528
19201518,0,2017-03-10 00:58:00,$3.19,Swipe Transaction,Alamo,TX,5411,No Error,Mastercard,Debit,YES,8638,2,825,60152,4,20577
22302404,0,2018-12-26 19:11:00,$60.00,Chip Transaction,Lucas,IA,4829,No Error,Visa,Debit,YES,32659,2,790,23196,3,60510
21559790,0,2018-07-22 12:01:00,$41.71,Online Transaction,ONLINE,Unknown,4784,No Error,Mastercard,Credit,YES,21200,1,726,29627,7,61901
9597629,0,2011-05-29 12:44:00,$38.15,Swipe Transaction,Mankato,MN,5211,No Error,Discover,Credit,YES,11300,1,801,15691,6,40696
23530602,0,2019-09-12 16:57:00,$11.85,Online Transaction,ONLINE,Unknown,4121,No Error,Visa,Debit,YES,11678,2,786,55643,6,34671
12453987,1,2013-03-10 13:33:00,$5.61,Online Transaction,ONLINE,Unknown,4829,No Error,Mastercard,Debit,YES,4319,2,850,39882,3,36671
10649193,0,2012-01-26 13:02:00,$19.29,Swipe Transaction,Van Alstyne,TX,5812,No Error,Visa,Debit (Prepaid),YES,67,1,618,89743,4,49756
11025040,0,2012-04-22 07:32:00,$71.40,Swipe Transaction,Washington,DC,5310,No Error,Visa,Debit,YES,20961,1,799,0,3,48810
12993280,0,2013-07-07 16:42:00,$30.67,Swipe Transaction,Brentwood,NY,5310,No Error,Mastercard,Debit,YES,11930,2,683,0,3,36045
23099483,1,2019-06-13 19:18:00,$130.66,Chip Transaction,Rome,Italy,5094,No Error,Visa,Credit,YES,11100,1,820,56622,4,34895
17058425,0,2015-12-07 18:37:00,$58.31,Chip Transaction,Rego Park,NY,5814,No Error,Visa,Debit,YES,29573,2,631,67164,4,51196
15797326,0,2015-03-12 14:02:00,$13.53,Chip Transaction,Irvington,NJ,4214,No Error,Mastercard,Credit,YES,9300,1,810,39242,7,34190
10502018,0,2011-12-23 21:29:00,$5.27,Swipe Transaction,Sumter,SC,5912,No Error,Mastercard,Debit (Prepaid),YES,91,2,686,93,4,30451
8580612,0,2010-09-30 15:30:00,$65.90,Swipe Transaction,Venus,TX,7538,No Error,Mastercard,Debit,YES,14961,2,757,0,8,23371
12676190,0,2013-04-28 20:30:00,$58.00,Swipe Transaction,Louisville,KY,5499,No Error,Mastercard,Debit,YES,25390,2,729,140481,3,51501
10451399,0,2011-12-12 12:11:00,$13.45,Swipe Transaction,Arnold,MD,5411,No Error,Mastercard,Debit,YES,27687,2,718,28915,3,72670
20675706,0,2018-01-16 03:58:00,$212.49,Chip Transaction,Louisville,CO,5912,No Error,Visa,Credit,YES,16300,1,708,25355,3,61312
8217498,0,2010-07-05 08:27:00,$42.81,Swipe Transaction,West Palm Beach,FL,5411,No Error,Discover,Credit,YES,7900,1,718,55010,5,37119
21323096,0,2018-06-02 12:41:00,$59.91,Chip Transaction,Barnstable,MA,5912,No Error,Mastercard,Debit,YES,20759,1,633,29713,5,41902
7611309,0,2010-02-04 15:52:00,$40.39,Swipe Transaction,Pierceton,IN,7538,No Error,Visa,Debit,YES,25977,1,770,70328,2,35264
14679667,0,2014-07-12 19:00:00,$81.74,Swipe Transaction,Rio Rico,AZ,5300,No Error,Mastercard,Debit,NO,12091,1,689,1196,5,29494
13954887,0,2014-02-04 01:44:00,$216.33,Swipe Transaction,Wethersfield,CT,4814,No Error,Amex,Credit,YES,12600,1,685,101148,3,58225
8480845,0,2010-09-06 17:59:00,$165.26,Swipe Transaction,Lafayette,CO,5300,No Error,Visa,Credit,YES,16300,1,708,25355,3,61312
20955733,1,2018-03-16 12:58:00,$50.80,Chip Transaction,Rome,Italy,5712,No Error,Visa,Credit,YES,13600,2,747,135478,1,53966
13379433,0,2013-09-30 14:46:00,$170.58,Swipe Transaction,Luck,WI,5311,No Error,Visa,Credit,YES,6900,2,741,49537,3,31343
22753389,0,2019-04-01 09:40:00,$140.00,Chip Transaction,New York,NY,4829,No Error,Mastercard,Credit,YES,8000,2,709,96864,5,63684
8066063,0,2010-05-29 09:01:00,$14.77,Swipe Transaction,Dayton,KY,5310,No Error,Amex,Credit,YES,13300,1,746,25277,3,35227
23723139,0,2019-10-23 16:49:00,$13.54,Chip Transaction,Wellington,OH,7542,No Error,Mastercard,Debit,YES,14227,1,697,25986,3,40407
16462926,0,2015-08-02 10:06:00,$-99.00,Chip Transaction,Morganton,NC,5541,No Error,Mastercard,Debit (Prepaid),YES,62,2,741,139335,3,46075
13320900,0,2013-09-17 18:53:00,$-334.00,Swipe Transaction,Waianae,HI,3730,No Error,Amex,Credit,YES,15000,1,714,0,6,67643
13169273,0,2013-08-15 13:31:00,$14.63,Swipe Transaction,Newburgh,NY,5300,No Error,Mastercard,Debit,YES,11401,2,847,0,7,46408
19624791,0,2017-06-07 15:26:00,$70.82,Chip Transaction,San Francisco,CA,5310,No Error,Mastercard,Debit,YES,34900,1,675,183855,1,109687
17465518,0,2016-03-04 14:43:00,$380.00,Chip Transaction,East Bend,NC,3640,No Error,Mastercard,Credit,YES,28000,1,727,16524,8,113514
18326690,1,2016-09-04 14:43:00,$165.40,Online Transaction,ONLINE,Unknown,5732,No Error,Visa,Debit,YES,14079,2,814,39549,3,49396
19956138,0,2017-08-16 14:21:00,$-95.00,Chip Transaction,Muse,PA,5499,No Error,Visa,Debit,YES,12057,2,703,10895,2,29194
19128052,0,2017-02-22 11:13:00,$101.63,Chip Transaction,Bennettsville,SC,7538,No Error,Visa,Credit,YES,23400,1,796,113529,5,84365
11862740,0,2012-10-28 14:03:00,$39.17,Swipe Transaction,San Antonio,TX,5541,No Error,Visa,Debit,NO,4302,1,702,59827,4,25585
14731836,0,2014-07-24 09:56:00,$142.37,Online Transaction,ONLINE,Unknown,4814,No Error,Visa,Credit,YES,7300,1,707,28552,6,24215
18844271,0,2016-12-24 04:41:00,$35.08,Chip Transaction,Brandon,MS,5411,No Error,Mastercard,Debit,YES,1385,2,613,22427,8,23821
23063326,0,2019-06-06 08:13:00,$73.42,Chip Transaction,Westfield,NC,5541,No Error,Visa,Debit,YES,10466,1,777,19798,5,27266
22046999,1,2018-11-02 16:27:00,$4.40,Chip Transaction,Rome,Italy,5541,No Error,Discover,Credit,YES,6700,1,753,42315,3,31533
13281436,0,2013-09-09 01:07:00,$51.64,Swipe Transaction,Harwood,MD,5813,No Error,Amex,Credit,YES,13700,1,711,96182,2,68362
17066165,1,2015-12-09 11:49:00,$121.98,Online Transaction,ONLINE,Unknown,4829,No Error,Mastercard,Debit,YES,19100,2,750,11371,5,22918
23708376,0,2019-10-20 12:56:00,$92.00,Chip Transaction,Federal Way,WA,5541,No Error,Visa,Debit,YES,23834,2,804,76650,3,67747
20480866,0,2017-12-05 16:33:00,$80.02,Online Transaction,ONLINE,Unknown,7801,No Error,Mastercard,Debit,YES,25264,2,783,87923,4,38390
18304758,0,2016-08-30 20:51:00,$53.81,Chip Transaction,Perris,CA,5812,No Error,Mastercard,Debit,YES,14269,1,785,3230,3,32847
10781616,0,2012-02-25 14:17:00,$83.99,Swipe Transaction,Derby,KS,3393,No Error,Visa,Debit,YES,1394,2,710,42046,3,27896
11119955,0,2012-05-13 20:20:00,$34.54,Swipe Transaction,Seattle,WA,5813,No Error,Mastercard,Debit,YES,9683,2,716,115362,5,76431
19675303,0,2017-06-18 10:17:00,$168.21,Chip Transaction,Birmingham,AL,8021,No Error,Mastercard,Credit,YES,0,1,747,1758,5,16342
14704849,0,2014-07-18 11:47:00,$-83.00,Swipe Transaction,Bethesda,MD,5499,No Error,Visa,Debit,NO,61399,1,748,328089,3,114318
13983359,0,2014-02-10 09:15:00,$4.91,Swipe Transaction,Gainesville,GA,5411,No Error,Mastercard,Debit,YES,19132,1,625,43097,1,32245
20640493,0,2018-01-08 13:10:00,$49.68,Online Transaction,ONLINE,Unknown,7349,No Error,Visa,Debit,YES,16731,1,734,74530,5,33540
14601543,0,2014-06-25 18:23:00,$-68.00,Swipe Transaction,Sunbury,PA,5499,No Error,Mastercard,Credit,NO,6500,2,719,25245,4,17078
22413507,0,2019-01-19 11:28:00,$24.57,Chip Transaction,Norwalk,CT,5411,No Error,Visa,Debit,YES,11391,1,760,70317,5,62669
15241760,0,2014-11-12 10:57:00,$11.80,Swipe Transaction,Maywood,IL,5411,No Error,Mastercard,Credit,YES,7400,2,655,59730,4,31505
14578766,0,2014-06-20 19:54:00,$23.44,Swipe Transaction,San Jose,CA,5812,No Error,Mastercard,Debit,YES,5857,2,765,88636,3,38661
8096557,0,2010-06-05 16:52:00,$11.96,Online Transaction,ONLINE,Unknown,5815,No Error,Mastercard,Debit,YES,7589,1,748,15899,3,41513
7948407,1,2010-04-30 06:47:00,$174.91,Online Transaction,ONLINE,Unknown,5310,No Error,Mastercard,Credit,YES,16300,2,772,222735,2,95945
15989947,0,2015-04-23 02:11:00,$112.89,Chip Transaction,Williston Park,NY,5812,No Error,Visa,Credit,YES,22300,2,683,161166,6,80957
10758453,0,2012-02-20 12:41:00,$-52.00,Swipe Transaction,Reno,NV,5499,No Error,Mastercard,Debit,YES,23768,1,740,102759,3,78180
10729991,0,2012-02-14 04:59:00,$20.87,Online Transaction,ONLINE,Unknown,4784,No Error,Mastercard,Debit,YES,18776,2,598,58679,1,29422
15370491,0,2014-12-10 09:34:00,$11.23,Swipe Transaction,Lake Grove,NY,4214,No Error,Visa,Debit (Prepaid),YES,106,2,721,136853,4,71103
20972980,0,2018-03-20 09:50:00,$2.81,Swipe Transaction,Camanche,IA,5942,No Error,Mastercard,Credit,YES,10600,1,790,58252,7,45876
13040057,0,2013-07-18 06:08:00,$16.86,Online Transaction,ONLINE,Unknown,4121,No Error,Mastercard,Debit,YES,11382,2,788,14408,4,27772
19182296,0,2017-03-05 21:17:00,$58.24,Chip Transaction,Clarksville,IN,5814,No Error,Mastercard,Debit,YES,12021,2,740,23004,4,32820
8372885,0,2010-08-11 16:18:00,$19.18,Swipe Transaction,The Villages,FL,4214,No Error,Mastercard,Credit,YES,10700,2,770,42011,3,44681
19993587,0,2017-08-24 12:59:00,$5.51,Chip Transaction,Philadelphia,PA,5812,No Error,Mastercard,Debit,YES,9165,2,772,52248,5,36843
19650298,0,2017-06-13 07:09:00,$1.56,Chip Transaction,Orlando,FL,5499,No Error,Mastercard,Debit (Prepaid),YES,68,1,761,15304,6,43004
10444503,0,2011-12-10 19:17:00,$80.00,Swipe Transaction,Dallas,TX,4829,No Error,Mastercard,Debit,YES,2727,2,730,44737,4,36319
17819237,1,2016-05-19 11:41:00,$241.18,Online Transaction,ONLINE,Unknown,5045,No Error,Mastercard,Debit,YES,3614,1,725,472,5,42306
22244975,0,2018-12-14 16:47:00,$0.48,Chip Transaction,Poplar Bluff,MO,5499,No Error,Visa,Debit,YES,10374,1,710,47647,5,23725
13523834,0,2013-11-01 12:41:00,$18.97,Swipe Transaction,Brooklyn,NY,5411,No Error,Mastercard,Debit (Prepaid),YES,87,1,710,12623,4,34637
16471436,0,2015-08-04 06:40:00,$3.09,Chip Transaction,Puerto Vallarta,Mexico,5411,No Error,Mastercard,Credit,YES,17500,1,747,35268,3,75080
17772685,0,2016-05-09 13:07:00,$13.56,Chip Transaction,Alameda,CA,5812,No Error,Mastercard,Debit,YES,40019,2,701,182809,5,96901
21737583,0,2018-08-29 07:57:00,$4.42,Chip Transaction,Marietta,GA,5411,No Error,Mastercard,Debit,YES,29465,1,638,24100,7,63502
22453885,0,2019-01-27 21:04:00,$3.28,Chip Transaction,Canton,MI,5300,No Error,Mastercard,Debit,YES,33642,2,784,80057,4,65403
19183780,0,2017-03-06 09:32:00,$33.42,Chip Transaction,Birmingham,AL,5310,No Error,Mastercard,Debit,YES,6853,2,747,1758,5,16342
12619724,0,2013-04-16 11:27:00,$19.14,Swipe Transaction,Mira Loma,CA,5499,No Error,Mastercard,Debit,YES,22787,2,691,87086,5,40470
17108965,0,2015-12-18 15:13:00,$244.00,Chip Transaction,Mexico City,Mexico,3722,No Error,Visa,Credit,YES,5300,1,736,66529,2,46843
14708566,0,2014-07-19 08:50:00,$-75.00,Swipe Transaction,Sacramento,CA,5541,No Error,Mastercard,Debit (Prepaid),YES,105,2,737,72162,2,51854
9229406,0,2011-03-04 07:41:00,$29.09,Swipe Transaction,Colorado Springs,CO,7538,No Error,Visa,Debit,YES,23798,1,713,11845,6,31942
23106264,0,2019-06-15 09:07:00,$120.00,Chip Transaction,Issaquah,WA,4829,No Error,Mastercard,Debit,YES,11108,2,630,2182,4,31912
12790529,0,2013-05-24 09:25:00,$20.14,Swipe Transaction,Streamwood,IL,5812,No Error,Mastercard,Credit,NO,20300,1,748,78115,6,101018
22295141,0,2018-12-25 11:43:00,$60.00,Chip Transaction,New Berlin,IL,4829,No Error,Visa,Credit,YES,8500,1,687,63264,5,35699
10503490,0,2011-12-24 10:18:00,$0.71,Swipe Transaction,Moreno Valley,CA,5499,No Error,Visa,Credit,NO,7400,2,850,51667,4,30747
10679802,1,2012-02-02 12:43:00,$1073.75,Online Transaction,ONLINE,Unknown,4411,No Error,Mastercard,Debit,YES,24481,1,781,0,5,39214
9454046,0,2011-04-25 16:41:00,$8.35,Swipe Transaction,Lebanon,OR,4121,No Error,Mastercard,Credit,YES,8200,1,786,55643,6,34671
18311833,1,2016-09-01 10:54:00,$2.77,Online Transaction,ONLINE,Unknown,5311,No Error,Visa,Debit,YES,4507,1,670,20031,3,22104
21663981,0,2018-08-13 14:14:00,$64.23,Chip Transaction,Rockford,IL,5912,No Error,Mastercard,Debit,YES,8165,2,708,47186,1,38554
8509246,0,2010-09-13 14:40:00,$14.13,Swipe Transaction,Fort Worth,TX,5300,No Error,Mastercard,Debit (Prepaid),YES,121,2,707,28552,6,24215
21509931,0,2018-07-12 06:21:00,$51.82,Online Transaction,ONLINE,Unknown,4784,No Error,Mastercard,Debit,YES,28790,1,735,162462,3,55059
22742716,0,2019-03-30 06:55:00,$3.93,Chip Transaction,Mentor,OH,5814,No Error,Mastercard,Debit,YES,22964,1,690,2470,4,29517
17108745,1,2015-12-18 14:32:00,$218.31,Online Transaction,ONLINE,Unknown,5310,No Error,Mastercard,Debit,YES,62703,1,709,44432,2,112875
20225365,0,2017-10-12 13:48:00,$170.44,Swipe Transaction,Tarawa Terrace,NC,3684,No Error,Mastercard,Debit,YES,26097,1,769,73779,5,36270
9391358,0,2011-04-11 08:45:00,$-252.00,Swipe Transaction,Phoenix,AZ,3387,No Error,Visa,Debit,YES,21883,2,748,58381,4,53986
18476711,1,2016-10-06 13:39:00,$23.30,Online Transaction,ONLINE,Unknown,5311,No Error,Discover,Credit,YES,3600,1,676,86573,3,36589
18394886,0,2016-09-19 08:24:00,$4.53,Chip Transaction,Rockford,IL,5912,No Error,Visa,Credit,YES,13900,1,767,109623,3,50139
14722718,0,2014-07-22 08:31:00,$-60.00,Swipe Transaction,Anaheim,CA,5541,No Error,Visa,Debit,YES,23806,1,660,51741,6,35418
8973588,0,2011-01-02 16:00:00,$18.47,Swipe Transaction,Burney,CA,5411,No Error,Discover,Credit,YES,7400,1,671,80467,4,34137
17667542,0,2016-04-17 06:19:00,$113.13,Chip Transaction,Oakland,TN,3359,No Error,Visa,Debit,YES,22025,2,784,0,3,38971
10626990,1,2012-01-21 11:42:00,$88.22,Swipe Transaction,Lorain,OH,5733,No Error,Mastercard,Credit,NO,0,1,721,89762,5,36925
7659111,0,2010-02-16 15:59:00,$19.63,Swipe Transaction,Morris Plains,NJ,5310,No Error,Mastercard,Debit,YES,54057,2,621,461854,5,185909
13936542,0,2014-01-31 07:00:00,$28.19,Online Transaction,ONLINE,Unknown,4784,No Error,Mastercard,Debit,YES,11399,1,768,3112,3,36857
23078059,0,2019-06-09 08:33:00,$-63.00,Chip Transaction,Blytheville,AR,5499,No Error,Visa,Credit,YES,8700,1,769,68762,2,34032
14203574,0,2014-03-30 12:33:00,$125.06,Swipe Transaction,Accokeek,MD,5541,No Error,Visa,Debit,NO,30160,1,821,132181,3,71593
19541982,0,2017-05-21 07:28:00,$290.18,Online Transaction,ONLINE,Unknown,4900,No Error,Visa,Debit,YES,132439,1,722,202328,4,249925
13358673,0,2013-09-26 08:02:00,$6.13,Swipe Transaction,Seneca,SC,5541,No Error,Visa,Debit,YES,31504,2,682,17835,4,46945
22046047,0,2018-11-02 13:33:00,$43.67,Online Transaction,ONLINE,Unknown,4121,No Error,Visa,Debit,YES,16008,2,743,15336,5,30962
15615092,0,2015-02-01 08:03:00,$13.85,Chip Transaction,Paragould,AR,5912,No Error,Visa,Debit,YES,13778,1,782,45661,4,31499
16209542,0,2015-06-09 08:41:00,$18.31,Online Transaction,ONLINE,Unknown,4784,No Error,Mastercard,Debit,YES,26546,2,755,2895,5,42509
16387333,0,2015-07-17 08:39:00,$26.61,Online Transaction,ONLINE,Unknown,4121,No Error,Mastercard,Debit,YES,22242,1,782,1574,6,40787
9769967,0,2011-07-08 10:04:00,$1.63,Swipe Transaction,Minneapolis,MN,5411,No Error,Visa,Debit,YES,12220,1,717,27179,3,38039
22624780,0,2019-03-05 08:11:00,$5.59,Swipe Transaction,Orlando,FL,5411,No Error,Visa,Credit,NO,5200,2,609,4031,2,79870
19536973,0,2017-05-20 06:28:00,$47.26,Chip Transaction,Johnson City,TN,5311,No Error,Visa,Debit,YES,13352,2,644,64073,3,41069
9366961,0,2011-04-05 12:46:00,$-97.00,Swipe Transaction,Vacaville,CA,5499,No Error,Amex,Credit,YES,14800,1,701,59062,3,39700
20115675,0,2017-09-19 11:01:00,$66.21,Swipe Transaction,Jackson,GA,5541,No Error,Visa,Credit,YES,4300,2,773,67263,1,35775
9686269,0,2011-06-18 22:41:00,$3.04,Swipe Transaction,La Marque,TX,5921,No Error,Mastercard,Debit,YES,20605,1,564,1620,4,22326
20950173,1,2018-03-15 10:52:00,$32.13,Chip Transaction,Rome,Italy,5813,No Error,Mastercard,Debit,YES,8882,2,793,63295,4,24372
13075316,0,2013-07-25 17:17:00,$16.01,Swipe Transaction,Pensacola,FL,7832,No Error,Mastercard,Debit (Prepaid),YES,92,1,711,72827,4,39770
18627998,0,2016-11-07 22:25:00,$33.87,Swipe Transaction,Rio Rico,AZ,5541,No Error,Mastercard,Debit,NO,12091,1,689,1196,5,29494
20910398,0,2018-03-06 22:43:00,$45.79,Chip Transaction,Derby,KS,7230,No Error,Visa,Credit,YES,9000,1,719,24676,5,41790
20972262,0,2018-03-20 07:02:00,$140.00,Chip Transaction,Erie,PA,4829,No Error,Visa,Debit,YES,31554,2,676,68057,1,49595
13921478,0,2014-01-27 16:10:00,$187.36,Swipe Transaction,Glen Ellyn,IL,5300,No Error,Mastercard,Debit,YES,28747,2,822,120733,2,85694
7937196,0,2010-04-27 10:41:00,$1.89,Swipe Transaction,Ontario,CA,5499,No Error,Mastercard,Debit,YES,6090,2,669,13411,1,28245
13421410,0,2013-10-10 04:56:00,$9.05,Swipe Transaction,Los Angeles,CA,5300,No Error,Mastercard,Credit,YES,7400,1,596,8902,5,38692
18442846,0,2016-09-29 10:52:00,$80.00,Chip Transaction,Morganton,NC,4829,No Error,Visa,Credit,YES,9600,1,789,31064,1,23307
17704105,1,2016-04-24 18:31:00,$-365.00,Online Transaction,ONLINE,Unknown,3722,No Error,Amex,Credit,YES,15000,1,714,0,6,67643
17255517,1,2016-01-18 16:00:00,$108.81,Online Transaction,ONLINE,Unknown,4829,No Error,Visa,Credit,YES,8900,1,693,31183,2,33548
12483131,0,2013-03-17 06:19:00,$137.82,Swipe Transaction,Spring Grove,IL,4111,No Error,Visa,Credit,YES,17700,1,711,12409,5,44452
20733855,0,2018-01-28 08:36:00,$2.61,Chip Transaction,Oakland,CA,5411,No Error,Amex,Credit,YES,9800,1,749,63689,5,37607
8915794,0,2010-12-20 06:50:00,$0.21,Swipe Transaction,Boulder,CO,5499,No Error,Visa,Debit,YES,27623,2,734,0,3,67589
14379050,0,2014-05-08 07:04:00,$10.88,Swipe Transaction,Ridgeland,SC,4121,No Error,Mastercard,Debit,YES,19723,2,771,143208,6,48762
15937261,0,2015-04-11 16:13:00,$23.51,Chip Transaction,Greenville,SC,5541,No Error,Visa,Debit,YES,15459,1,642,4871,5,23137
10221737,0,2011-10-20 12:50:00,$1.53,Swipe Transaction,Loves Park,IL,5499,No Error,Mastercard,Debit,YES,8165,2,708,47186,1,38554
18100812,0,2016-07-18 11:33:00,$3.32,Chip Transaction,Auburn,ME,5814,No Error,Mastercard,Credit,YES,9700,1,765,111077,2,42411
18725545,0,2016-11-28 15:12:00,$74.63,Chip Transaction,San Francisco,CA,7538,No Error,Mastercard,Debit,YES,34900,1,675,183855,1,109687
19209940,0,2017-03-11 16:04:00,$13.56,Chip Transaction,Lombard,IL,5310,No Error,Mastercard,Debit,YES,28747,2,822,120733,2,85694
15476408,0,2015-01-02 05:37:00,$71.10,Chip Transaction,New Haven,CT,5300,No Error,Mastercard,Debit,YES,36344,1,733,206000,3,65736
10465900,0,2011-12-15 15:43:00,$9.04,Swipe Transaction,Scarborough,ME,5912,No Error,Mastercard,Debit,YES,31490,2,763,36199,4,59613
15757825,0,2015-03-04 04:53:00,$148.00,Chip Transaction,Los Angeles,CA,3722,No Error,Mastercard,Debit,YES,20230,2,744,60913,3,43954
15376193,0,2014-12-11 14:44:00,$95.83,Swipe Transaction,Miami,FL,5912,No Error,Discover,Credit,YES,19000,1,755,41381,2,47395
21677449,1,2018-08-16 12:07:00,$133.80,Chip Transaction,Rome,Italy,5912,No Error,Mastercard,Debit,YES,14868,1,704,0,5,51039
21349962,0,2018-06-08 08:27:00,$43.23,Swipe Transaction,Cincinnati,OH,5970,No Error,Mastercard,Debit (Prepaid),NO,56,2,625,63194,3,44839
23525989,0,2019-09-11 18:48:00,$0.00,Chip Transaction,Omaha,NE,4829,No Error,Visa,Credit,YES,0,2,745,0,4,67761
10846667,0,2012-03-12 14:08:00,$14.45,Swipe Transaction,Barnhart,MO,9402,No Error,Visa,Debit,YES,34063,1,791,23992,5,48600
12136600,0,2012-12-29 10:08:00,$64.10,Swipe Transaction,Henrico,VA,5310,No Error,Visa,Debit,YES,28166,2,729,133935,6,42652
21914904,0,2018-10-05 16:46:00,$202.72,Chip Transaction,Morris,IL,4814,No Error,Visa,Debit,YES,9146,2,616,39811,3,77961
15847793,0,2015-03-23 11:50:00,$42.11,Chip Transaction,Aurora,CO,5541,No Error,Mastercard,Debit,YES,27377,1,617,102318,3,50666
9775991,0,2011-07-09 17:32:00,$12.33,Swipe Transaction,Leakesville,MS,5411,No Error,Mastercard,Debit,YES,20799,1,725,30756,4,38223
23027740,0,2019-05-29 16:21:00,$-71.00,Chip Transaction,Yorba Linda,CA,5499,No Error,Visa,Credit,YES,24300,2,685,4344,4,99825
8636367,0,2010-10-14 07:28:00,$60.00,Swipe Transaction,Rio Rancho,NM,4829,No Error,Visa,Credit,NO,7100,2,707,0,3,31369
14043134,1,2014-02-23 10:42:00,$0.30,Online Transaction,ONLINE,Unknown,4829,No Error,Mastercard,Debit,YES,19728,2,850,58544,5,43560
15394850,0,2014-12-15 13:45:00,$13.75,Swipe Transaction,Whittier,CA,5541,No Error,Mastercard,Credit,YES,12200,2,702,0,2,51465
11815116,0,2012-10-17 16:31:00,$27.50,Swipe Transaction,Memphis,TN,5411,No Error,Mastercard,Debit,YES,48344,1,616,219213,2,97455
7934047,0,2010-04-26 13:31:00,$8.08,Swipe Transaction,Mendham,NJ,5411,No Error,Mastercard,Debit,YES,54057,2,621,461854,5,185909
23682242,0,2019-10-14 20:38:00,$97.71,Chip Transaction,Englewood,CO,7922,No Error,Mastercard,Debit,YES,27594,2,830,42378,3,49412
21713442,0,2018-08-24 05:23:00,$34.72,Swipe Transaction,Melbourne,FL,5411,No Error,Visa,Debit,YES,11473,2,698,72357,4,32295
21635383,0,2018-08-07 14:53:00,$3.71,Chip Transaction,Mooresboro,NC,5411,No Error,Mastercard,Debit,YES,16274,2,635,50190,3,35876
11393283,1,2012-07-14 11:34:00,$183.15,Online Transaction,ONLINE,Unknown,5311,No Error,Visa,Credit,YES,9600,1,789,31064,1,23307
17509436,0,2016-03-14 06:43:00,$12.94,Chip Transaction,Beaverton,OR,5541,No Error,Visa,Credit,YES,14600,1,706,103229,5,44249
7975965,0,2010-05-06 21:30:00,$72.51,Swipe Transaction,Bloomington,CA,4900,No Error,Mastercard,Debit,NO,15061,2,682,0,6,18100
8185285,0,2010-06-27 11:01:00,$150.63,Swipe Transaction,Rome,Italy,5411,No Error,Visa,Debit,YES,55693,2,715,195657,4,115465
10150714,0,2011-10-04 08:40:00,$-293.00,Swipe Transaction,Las Vegas,NV,3775,No Error,Mastercard,Credit,YES,7900,1,786,20169,2,21876
14959115,0,2014-09-11 17:08:00,$26.29,Online Transaction,ONLINE,Unknown,4784,No Error,Visa,Debit,YES,8177,1,696,53023,4,26510
23576491,0,2019-09-22 12:29:00,$33.06,Chip Transaction,Warsaw,IN,4111,No Error,Visa,Credit,YES,10000,1,752,54634,4,34456
18458183,1,2016-10-02 16:39:00,$38.61,Online Transaction,ONLINE,Unknown,5719,No Error,Mastercard,Credit,YES,5100,1,702,27227,3,22714
21937171,0,2018-10-10 13:05:00,$12.45,Online Transaction,ONLINE,Unknown,4121,No Error,Mastercard,Debit (Prepaid),YES,72,1,788,7226,4,51499
8899698,0,2010-12-16 08:00:00,$51.82,Swipe Transaction,Walnut Creek,CA,5211,No Error,Visa,Debit,YES,17280,2,646,156474,5,87030
14234131,1,2014-04-06 08:48:00,$144.47,Online Transaction,ONLINE,Unknown,3001,No Error,Visa,Debit,YES,15504,1,714,2573,5,23993
11264855,0,2012-06-15 13:08:00,$-71.00,Swipe Transaction,Roscommon,MI,5499,No Error,Visa,Debit,YES,14477,2,730,132715,2,59114
16497541,0,2015-08-09 16:20:00,$53.69,Online Transaction,ONLINE,Unknown,4121,No Error,Mastercard,Debit,YES,28861,1,815,39326,4,94260
12734375,0,2013-05-11 17:52:00,$28.36,Online Transaction,ONLINE,Unknown,4784,No Error,Visa,Debit,YES,16962,1,593,95755,2,36760
8090632,0,2010-06-04 07:56:00,$163.40,Swipe Transaction,Freeport,NY,7996,No Error,Discover,Credit,NO,18300,1,703,87837,3,48010
11370126,0,2012-07-09 09:02:00,$18.08,Swipe Transaction,Saint Louis,MO,4214,No Error,Visa,Debit,YES,51504,1,558,131828,4,57853
17570491,0,2016-03-27 08:55:00,$-86.00,Chip Transaction,Norwich,CT,5541,No Error,Mastercard,Debit,YES,16325,2,759,0,6,51316
16088017,0,2015-05-14 09:01:00,$1.54,Swipe Transaction,Sunnyvale,CA,5541,No Error,Visa,Debit,YES,54768,1,786,122254,6,92785
13751834,0,2013-12-21 15:48:00,$-85.00,Swipe Transaction,Brooklyn,NY,5541,No Error,Mastercard,Credit,YES,9100,1,695,94014,4,45789
18349141,0,2016-09-09 11:07:00,$32.98,Chip Transaction,Spirit Lake,ID,7832,No Error,Mastercard,Credit,YES,5300,1,746,34007,3,25723
23130792,0,2019-06-20 11:55:00,$5.11,Chip Transaction,Miami,FL,5411,No Error,Mastercard,Debit,YES,16034,2,616,2559,3,23217
11489682,0,2012-08-05 08:37:00,$59.79,Swipe Transaction,North Little Rock,AR,5311,No Error,Mastercard,Debit,NO,33557,1,574,76898,2,50978
21068627,0,2018-04-09 11:44:00,$28.03,Chip Transaction,Bailey,NC,5311,No Error,Discover,Credit,YES,9300,2,767,6602,4,36052
17662185,0,2016-04-15 19:06:00,$37.95,Chip Transaction,San Diego,CA,5541,No Error,Mastercard,Debit,YES,14466,2,756,25987,7,28147
12610156,0,2013-04-14 08:56:00,$67.26,Swipe Transaction,Romulus,MI,5411,No Error,Mastercard,Credit,YES,10600,1,711,5846,5,31175
21396713,0,2018-06-18 03:09:00,$1.10,Chip Transaction,Blytheville,AR,5499,No Error,Visa,Credit,YES,8700,1,769,68762,2,34032
15950855,0,2015-04-14 13:56:00,$80.00,Chip Transaction,Oklahoma City,OK,4829,No Error,Visa,Credit,YES,5000,2,706,11436,6,31046
9323288,0,2011-03-26 09:17:00,$21.39,Swipe Transaction,Amarillo,TX,4214,No Error,Mastercard,Credit,YES,6100,1,683,49951,3,37947
20945630,0,2018-03-14 11:36:00,$59.99,Swipe Transaction,Vincentown,NJ,7230,No Error,Visa,Debit,NO,28884,1,773,34570,4,57975
23527473,0,2019-09-12 07:25:00,$106.99,Chip Transaction,Atlanta,GA,4111,No Error,Visa,Credit,YES,10300,1,773,51520,3,49335
8104305,0,2010-06-07 14:19:00,$31.46,Swipe Transaction,Ogden,UT,5193,No Error,Mastercard,Debit,NO,25563,1,760,151030,4,47227
22745896,1,2019-03-30 16:25:00,$58.44,Chip Transaction,Rome,Italy,5310,No Error,Visa,Debit,YES,8766,2,797,126175,6,43529
12676483,0,2013-04-28 22:47:00,$1.30,Swipe Transaction,Billings,MT,5499,No Error,Mastercard,Debit,YES,16028,1,849,59472,4,40012
21298020,0,2018-05-28 07:51:00,$23.72,Chip Transaction,Olympia,WA,5541,No Error,Mastercard,Debit,YES,5204,1,583,66148,5,49023
15157450,0,2014-10-24 20:48:00,$54.00,Swipe Transaction,Oshkosh,WI,5541,No Error,Mastercard,Debit,YES,19019,2,625,93823,7,39911
12429488,0,2013-03-05 07:05:00,$2.76,Swipe Transaction,Ferdinand,IN,5310,No Error,Visa,Debit,YES,10538,1,812,12501,7,32583
8035500,0,2010-05-21 14:15:00,$107.99,Swipe Transaction,Houston,TX,5411,No Error,Mastercard,Debit,YES,53466,2,660,241571,1,193773
11174474,0,2012-05-26 07:28:00,$127.84,Swipe Transaction,Olathe,KS,8049,No Error,Visa,Credit,YES,13800,2,693,0,3,61646
22511704,0,2019-02-09 09:11:00,$5.46,Chip Transaction,Barnstable,MA,5814,No Error,Mastercard,Debit,YES,20759,1,633,29713,5,41902
15925756,0,2015-04-09 07:49:00,$54.11,Chip Transaction,Ferdinand,IN,5310,No Error,Visa,Debit,YES,17649,2,812,12501,7,32583
11351109,0,2012-07-04 21:53:00,$4.09,Swipe Transaction,Mira Loma,CA,5812,No Error,Visa,Debit,YES,24674,1,789,15349,7,15470
8108304,0,2010-06-08 13:12:00,$10.98,Online Transaction,ONLINE,Unknown,4121,No Error,Mastercard,Debit,YES,23231,1,737,6707,6,49531
18913893,0,2017-01-07 16:44:00,$53.68,Chip Transaction,Gainesville,FL,5499,No Error,Visa,Debit,YES,15878,2,738,70128,3,40156
9496674,0,2011-05-05 15:29:00,$-92.00,Swipe Transaction,Dequincy,LA,5499,No Error,Mastercard,Credit,YES,16700,1,761,69070,6,54587
9307423,0,2011-03-22 13:30:00,$14.05,Swipe Transaction,Orlando,FL,5541,No Error,Visa,Debit,YES,51504,1,558,131828,4,57853
14467439,0,2014-05-27 11:29:00,$-62.00,Swipe Transaction,San Francisco,CA,5499,No Error,Visa,Debit,YES,76343,2,736,1676,6,65055
10639523,1,2012-01-24 11:18:00,$128.94,Swipe Transaction,Oberlin,OH,5300,No Error,Mastercard,Credit,NO,0,1,721,89762,5,36925
13630702,0,2013-11-25 01:46:00,$10.14,Swipe Transaction,New York,NY,5411,No Error,Mastercard,Debit,YES,40176,2,759,211919,1,79271
20872977,0,2018-02-26 21:46:00,$42.24,Chip Transaction,Richardson,TX,5812,No Error,Visa,Credit,YES,16900,2,583,126015,2,61740
7960021,0,2010-05-03 06:56:00,$25.07,Online Transaction,ONLINE,Unknown,4784,No Error,Mastercard,Debit (Prepaid),YES,79,2,728,149587,4,56248
22246130,0,2018-12-15 02:08:00,$57.33,Chip Transaction,Memphis,TN,5311,Technical Glitch,Visa,Debit,YES,22025,2,784,0,3,38971
14122713,0,2014-03-12 16:27:00,$120.00,Swipe Transaction,Orlando,FL,4829,No Error,Amex,Credit,YES,18000,2,850,93513,1,67444
9753164,0,2011-07-04 13:07:00,$46.81,Swipe Transaction,Fayetteville,NC,5310,No Error,Mastercard,Credit,YES,10600,1,784,50461,4,37467
9515045,0,2011-05-10 06:29:00,$83.00,Swipe Transaction,Oakwood,OH,5499,No Error,Visa,Debit,YES,9335,2,814,39549,3,49396
19736315,0,2017-07-01 07:04:00,$81.00,Chip Transaction,Novato,CA,5541,No Error,Visa,Debit,YES,23018,1,722,12525,4,61846
13477321,0,2013-10-22 07:26:00,$40.33,Swipe Transaction,Bastrop,TX,5499,No Error,Mastercard,Debit,NO,19913,1,584,64715,1,41483
13917130,1,2014-01-26 17:17:00,$9.49,Swipe Transaction,Lake View,IA,4131,No Error,Visa,Credit,YES,9100,1,731,1769,6,35270
7853543,0,2010-04-06 12:23:00,$13.42,Swipe Transaction,Pittsburgh,PA,5411,No Error,Mastercard,Debit,YES,7272,2,639,125358,3,61904
13105030,0,2013-08-01 10:10:00,$1.42,Swipe Transaction,Oak View,CA,5499,No Error,Mastercard,Credit,YES,9500,1,701,16437,4,36724
19092512,0,2017-02-14 18:35:00,$41.45,Chip Transaction,District Heights,MD,5942,No Error,Visa,Credit,YES,14800,1,751,20683,4,53464
8149491,1,2010-06-18 14:01:00,$311.00,Online Transaction,ONLINE,Unknown,3504,No Error,Amex,Credit,YES,21700,1,527,119230,3,57348
17311750,0,2016-01-30 17:50:00,$42.30,Chip Transaction,Wareham,MA,5814,No Error,Amex,Credit,YES,1200,1,633,29713,5,41902
14540840,0,2014-06-12 14:55:00,$119.63,Swipe Transaction,Los Angeles,CA,5300,No Error,Mastercard,Credit,YES,7400,1,596,8902,5,38692
13559095,0,2013-11-09 09:20:00,$170.86,Swipe Transaction,Wellesley,MA,5411,No Error,Visa,Credit,YES,17300,1,503,181429,2,82974
17231552,0,2016-01-13 14:42:00,$-60.00,Chip Transaction,Chicago Heights,IL,5499,No Error,Mastercard,Debit,YES,10638,2,760,69,7,38761
20485666,0,2017-12-06 16:29:00,$278.56,Chip Transaction,Albuquerque,NM,8011,No Error,Visa,Debit,YES,10099,2,733,36831,3,16542
16430066,0,2015-07-26 10:10:00,$4.07,Swipe Transaction,Seagoville,TX,5411,No Error,Mastercard,Credit,NO,3800,1,807,65917,3,42883
16841615,0,2015-10-22 11:54:00,$140.00,Chip Transaction,Wethersfield,CT,4829,No Error,Amex,Credit,YES,12600,1,685,101148,3,58225
15790633,0,2015-03-11 06:46:00,$45.79,Chip Transaction,New Iberia,LA,5211,No Error,Mastercard,Debit,YES,9496,2,810,81262,1,38190
17926068,0,2016-06-11 09:05:00,$196.56,Chip Transaction,Hurst,TX,4900,No Error,Mastercard,Credit,YES,9700,2,791,93406,5,63030
20678920,0,2018-01-16 17:15:00,$31.84,Online Transaction,ONLINE,Unknown,4784,No Error,Mastercard,Credit,YES,13200,1,850,0,3,38539
17526974,0,2016-03-17 16:11:00,$5.64,Chip Transaction,Hickory,NC,5912,No Error,Mastercard,Debit,YES,7175,1,759,21103,2,21867
19165113,0,2017-03-02 09:00:00,$60.50,Chip Transaction,Maywood,IL,7538,No Error,Mastercard,Debit,YES,17211,2,681,19101,5,22158
20060720,0,2017-09-07 14:56:00,$57.51,Online Transaction,ONLINE,Unknown,4784,No Error,Mastercard,Debit,NO,14664,2,723,71859,5,39404
13617104,0,2013-11-22 06:50:00,$4.22,Swipe Transaction,Cuyahoga Falls,OH,5942,No Error,Mastercard,Debit,YES,22964,1,690,2470,4,29517
23268133,0,2019-07-19 10:33:00,$1.55,Chip Transaction,Noblesville,IN,5814,No Error,Visa,Debit (Prepaid),YES,12,2,751,1218,4,50232
8805922,0,2010-11-23 19:35:00,$37.03,Swipe Transaction,Kissimmee,FL,5541,No Error,Discover,Credit,YES,4000,2,850,80794,5,32928
9722376,0,2011-06-27 11:11:00,$56.45,Online Transaction,ONLINE,Unknown,4784,No Error,Mastercard,Credit,YES,23500,2,703,157723,3,92017
15443155,0,2014-12-26 01:48:00,$47.41,Swipe Transaction,Lorain,OH,5814,No Error,Amex,Credit,YES,7700,1,552,64661,3,30340
23426722,0,2019-08-21 18:17:00,$82.62,Chip Transaction,Decatur,IL,4900,No Error,Visa,Debit,YES,17815,1,730,0,3,45164
13982720,1,2014-02-10 07:18:00,$420.82,Online Transaction,ONLINE,Unknown,4814,No Error,Mastercard,Debit (Prepaid),YES,80,1,793,11755,5,57513
22525370,0,2019-02-12 06:20:00,$62.00,Chip Transaction,Rockville Centre,NY,5541,No Error,Amex,Credit,YES,13400,1,831,39076,3,103294
22198591,0,2018-12-04 22:56:00,$81.80,Chip Transaction,Rockwall,TX,5812,No Error,Mastercard,Debit,YES,23408,2,714,87605,4,70673
9192239,0,2011-02-23 11:03:00,$16.85,Swipe Transaction,Lafayette,CO,5411,No Error,Visa,Credit,YES,16300,1,708,25355,3,61312
9229883,0,2011-03-04 09:08:00,$1.69,Swipe Transaction,Everett,PA,5411,No Error,Mastercard,Debit,YES,11857,1,746,1493,5,38499
15273414,0,2014-11-19 08:07:00,$0.22,Swipe Transaction,Monroe,CT,5812,No Error,Mastercard,Debit,YES,32704,1,750,121251,1,75711
17080517,0,2015-12-12 13:39:00,$48.34,Chip Transaction,Belle Fourche,SD,7230,No Error,Mastercard,Credit,YES,4800,2,826,25393,5,32819
14975071,0,2014-09-15 08:01:00,$0.39,Swipe Transaction,Crane,MO,5499,No Error,Mastercard,Debit (Prepaid),YES,63,1,700,0,3,28334
21290284,0,2018-05-26 13:12:00,$58.11,Chip Transaction,Hope Mills,NC,5311,No Error,Mastercard,Credit,YES,10600,1,784,50461,4,37467
14295556,0,2014-04-19 16:18:00,$95.09,Swipe Transaction,Orlando,FL,7538,No Error,Amex,Credit,YES,18000,2,850,93513,1,67444
14095463,0,2014-03-06 19:17:00,$50.62,Online Transaction,ONLINE,Unknown,4784,No Error,Visa,Debit,YES,11528,2,772,52248,5,36843
19154025,0,2017-02-27 22:17:00,$41.15,Chip Transaction,Tucson,AZ,5812,No Error,Mastercard,Debit,YES,39533,2,726,2261,6,57732
17932772,1,2016-06-12 15:16:00,$482.00,Online Transaction,ONLINE,Unknown,3504,No Error,Mastercard,Debit,YES,1399,1,756,25987,7,28147
16201312,0,2015-06-07 12:54:00,$10.28,Swipe Transaction,Columbus,OH,5541,No Error,Visa,Debit (Prepaid),NO,59,1,778,72514,3,37558
11812682,0,2012-10-17 08:38:00,$0.16,Swipe Transaction,Claremont,NC,5812,No Error,Visa,Debit,YES,16962,1,593,95755,2,36760
23613617,0,2019-09-30 10:21:00,$64.65,Chip Transaction,Monroe,NY,5300,No Error,Amex,Credit,YES,22800,1,840,35135,6,112695
15886701,0,2015-03-31 17:05:00,$77.26,Chip Transaction,Bradenton,FL,5411,No Error,Mastercard,Debit,YES,1424,2,808,6087,4,28489
11198319,0,2012-05-31 13:33:00,$26.03,Swipe Transaction,Raleigh,NC,5499,No Error,Mastercard,Debit,YES,15023,1,850,78060,5,34774
20035343,0,2017-09-02 09:54:00,$9.00,Chip Transaction,Rancho Cucamonga,CA,5541,No Error,Mastercard,Debit,YES,27201,1,761,97188,4,50163
9813386,0,2011-07-18 11:52:00,$140.00,Swipe Transaction,Tucson,AZ,4829,No Error,Mastercard,Debit,NO,12091,1,689,1196,5,29494
13884898,0,2014-01-19 16:33:00,$46.98,Swipe Transaction,Kissimmee,FL,7538,No Error,Discover,Credit,YES,4000,2,850,80794,5,32928
14375637,0,2014-05-07 09:49:00,$61.36,Swipe Transaction,Branford,CT,7538,No Error,Mastercard,Debit,YES,28390,2,768,113308,6,58749
11446354,0,2012-07-26 12:45:00,$6.26,Swipe Transaction,New Kensington,PA,5411,No Error,Visa,Debit,YES,14277,1,729,9452,5,39796
9724903,0,2011-06-27 22:49:00,$7.67,Swipe Transaction,Houston,TX,5921,No Error,Visa,Debit,YES,14540,1,784,82667,7,32347
11392013,0,2012-07-14 07:26:00,$0.79,Swipe Transaction,Tulsa,OK,5912,No Error,Mastercard,Credit,YES,6100,1,712,1386,2,23718
22202102,1,2018-12-05 15:52:00,$0.62,Chip Transaction,Rome,Italy,5411,No Error,Visa,Debit,YES,21086,1,693,94228,2,32855
22377582,0,2019-01-11 18:28:00,$69.10,Chip Transaction,Jonesville,NC,5411,No Error,Mastercard,Debit,YES,9883,1,694,13351,4,28988
23034618,0,2019-05-31 07:10:00,$9.02,Chip Transaction,Parkville,MD,7542,No Error,Mastercard,Debit,YES,23238,1,820,92489,5,47087
22480943,0,2019-02-02 16:04:00,$43.57,Online Transaction,ONLINE,Unknown,5311,No Error,Visa,Debit,YES,30650,1,737,117325,5,59093
12225744,0,2013-01-18 12:28:00,$52.00,Swipe Transaction,San Diego,CA,5499,No Error,Mastercard,Debit,YES,1407,1,756,25987,7,28147
13268626,0,2013-09-06 09:38:00,$13.93,Swipe Transaction,Wapakoneta,OH,5411,No Error,Visa,Debit,YES,9335,2,814,39549,3,49396
17394436,0,2016-02-17 11:36:00,$120.61,Swipe Transaction,Ingleside,TX,5411,No Error,Mastercard,Debit,NO,19554,1,745,54351,2,32126
19180153,0,2017-03-05 11:58:00,$32.15,Swipe Transaction,Medford,OR,5311,No Error,Visa,Debit,NO,6789,1,758,16552,2,30359
21279802,0,2018-05-24 10:37:00,$117.05,Chip Transaction,Clinton,TN,5912,No Error,Mastercard,Credit,YES,10600,2,681,127116,5,37422
23663970,0,2019-10-11 07:16:00,$180.00,Chip Transaction,West New York,NJ,4829,No Error,Visa,Credit,YES,61100,1,752,91367,5,280199
20217684,0,2017-10-11 00:09:00,$-77.00,Chip Transaction,Aurora,IL,5499,No Error,Amex,Credit,YES,13900,2,636,41461,2,28954
18025948,0,2016-07-02 13:17:00,$97.00,Chip Transaction,Katonah,NY,5541,No Error,Mastercard,Debit,YES,49107,2,608,64144,4,40957
15863171,0,2015-03-26 16:47:00,$36.85,Online Transaction,ONLINE,Unknown,4784,No Error,Mastercard,Debit,YES,17201,2,788,55982,3,37968
13486643,0,2013-10-24 10:07:00,$34.52,Online Transaction,ONLINE,Unknown,4784,No Error,Discover,Credit,YES,11200,1,675,105623,4,54963
8500826,0,2010-09-11 15:34:00,$1.21,Swipe Transaction,Texarkana,TX,5499,No Error,Visa,Debit,YES,9752,2,765,65171,1,32387
22917654,0,2019-05-06 07:08:00,$6.78,Chip Transaction,Richmond,VA,5719,No Error,Amex,Credit,YES,12000,1,680,109159,2,44041
10345120,0,2011-11-17 19:01:00,$26.84,Online Transaction,ONLINE,Unknown,4121,No Error,Mastercard,Debit,YES,23652,1,627,114394,5,64481
12471684,0,2013-03-14 13:46:00,$15.95,Swipe Transaction,Bowling Green,KY,5812,No Error,Mastercard,Debit (Prepaid),YES,42,1,707,0,5,54166
20493151,0,2017-12-08 10:11:00,$44.28,Chip Transaction,Grand Rapids,MI,5211,No Error,Visa,Debit,YES,8643,2,631,22171,4,42812
16162056,0,2015-05-30 07:51:00,$87.00,Swipe Transaction,Philadelphia,PA,5499,No Error,Amex,Credit,YES,13000,1,547,74022,4,36715
23548923,0,2019-09-16 13:36:00,$60.16,Swipe Transaction,Brownsville,TX,5300,No Error,Mastercard,Debit,NO,14404,2,607,42050,3,25861
17161008,0,2015-12-29 11:58:00,$9.28,Online Transaction,ONLINE,Unknown,4784,No Error,Mastercard,Debit,NO,11194,1,724,91995,5,35489
8252164,0,2010-07-13 14:37:00,$79.70,Swipe Transaction,Carson City,NV,5912,No Error,Mastercard,Debit,YES,13829,2,596,8902,5,38692
16690222,0,2015-09-20 06:52:00,$90.00,Swipe Transaction,Stapleton,GA,5541,No Error,Amex,Credit,YES,3400,2,589,84166,1,30011
16446338,1,2015-07-29 15:32:00,$310.88,Online Transaction,ONLINE,Unknown,3006,No Error,Mastercard,Debit,YES,7589,1,748,15899,3,41513
11107423,0,2012-05-11 00:04:00,$27.55,Swipe Transaction,League City,TX,5970,No Error,Mastercard,Debit,YES,14070,1,710,57199,3,43181
16103972,0,2015-05-17 15:34:00,$-63.00,Chip Transaction,Coushatta,LA,5499,No Error,Visa,Debit,YES,6204,2,811,71366,6,34172
21501513,0,2018-07-10 10:16:00,$80.00,Chip Transaction,Jacksonville,FL,4829,No Error,Visa,Debit,YES,9062,1,491,61861,3,39521
14918154,0,2014-09-02 15:39:00,$1243.92,Swipe Transaction,Lucedale,MS,3132,No Error,Amex,Credit,YES,7200,2,531,114223,1,60292
17123199,0,2015-12-21 13:45:00,$61.26,Chip Transaction,Cocoa,FL,5541,No Error,Mastercard,Debit (Prepaid),YES,102,1,644,22192,3,12796
16793760,0,2015-10-12 08:12:00,$32.57,Chip Transaction,Vincentown,NJ,5411,No Error,Visa,Debit,YES,14477,2,730,132715,2,59114
13369704,1,2013-09-28 13:16:00,$2.34,Online Transaction,ONLINE,Unknown,5310,No Error,Mastercard,Debit,YES,16502,1,693,69393,5,38394
10790259,0,2012-02-27 16:36:00,$55.68,Online Transaction,ONLINE,Unknown,5311,No Error,Discover,Credit,YES,8900,2,686,1248,6,31943
16823126,1,2015-10-18 12:21:00,$104.63,Online Transaction,ONLINE,Unknown,5094,No Error,Mastercard,Debit,YES,5082,2,683,0,5,26696
16392035,0,2015-07-18 08:54:00,$40.25,Chip Transaction,Utica,NY,5211,No Error,Visa,Debit,YES,26222,1,681,95988,2,41379
13195899,0,2013-08-21 11:39:00,$27.00,Online Transaction,ONLINE,Unknown,4784,No Error,Visa,Debit (Prepaid),YES,71,2,726,20432,6,42806
17659469,0,2016-04-15 09:08:00,$141.71,Chip Transaction,Arlington,MA,5541,No Error,Visa,Credit,YES,17300,1,503,181429,2,82974
9137019,0,2011-02-10 10:15:00,$1.02,Swipe Transaction,Oak View,CA,5499,No Error,Mastercard,Credit,YES,9500,1,701,16437,4,36724
8717243,0,2010-11-02 15:16:00,$143.14,Swipe Transaction,Boulder,CO,5411,No Error,Mastercard,Credit,YES,19600,2,707,131731,4,63974
8286961,0,2010-07-22 05:49:00,$-378.00,Swipe Transaction,Sycamore,IL,3780,No Error,Mastercard,Debit,YES,36912,2,500,1741,3,41843
8263532,0,2010-07-16 11:11:00,$60.00,Swipe Transaction,Palm Bay,FL,4829,No Error,Visa,Debit,YES,12252,1,643,49366,3,35978
20132602,0,2017-09-22 19:14:00,$35.69,Chip Transaction,Charlestown,NH,7832,No Error,Visa,Debit,YES,19103,2,628,54157,3,43144
9518277,0,2011-05-10 17:08:00,$52.00,Swipe Transaction,Somerset,NJ,5499,No Error,Mastercard,Debit,YES,10442,2,731,83828,2,66489
22893385,0,2019-05-01 02:22:00,$51.04,Chip Transaction,Oklahoma City,OK,5211,No Error,Visa,Credit,YES,5000,2,706,11436,6,31046
18900903,0,2017-01-05 06:41:00,$16.14,Swipe Transaction,Louisville,OH,5912,No Error,Mastercard,Credit,YES,2400,2,755,93255,5,38611
14300247,0,2014-04-20 16:47:00,$63.58,Swipe Transaction,Bismarck,ND,7538,No Error,Mastercard,Debit,YES,24772,2,740,110153,4,48277
20370973,0,2017-11-12 13:05:00,$7.76,Chip Transaction,Huntington Station,NY,5411,No Error,Visa,Credit,YES,20100,1,721,136853,4,71103
18630234,1,2016-11-08 11:30:00,$53.99,Online Transaction,ONLINE,Unknown,5311,No Error,Visa,Credit,YES,2500,1,624,87970,3,56605
21451511,0,2018-06-29 16:07:00,$68.44,Swipe Transaction,Red Oak,TX,5499,No Error,Mastercard,Credit,NO,3800,1,807,65917,3,42883
14731536,0,2014-07-24 08:39:00,$3.71,Swipe Transaction,Riceboro,GA,5411,No Error,Visa,Credit,YES,17300,1,503,181429,2,82974
15158391,0,2014-10-25 06:56:00,$1.71,Swipe Transaction,Waco,TX,5812,No Error,Visa,Debit,YES,11168,1,731,22976,3,23469
22901771,1,2019-05-02 18:35:00,$114.62,Chip Transaction,Rome,Italy,5310,No Error,Amex,Credit,YES,2800,1,759,21103,2,21867
20812597,0,2018-02-14 07:27:00,$21.76,Chip Transaction,Sodus Point,NY,7538,No Error,Visa,Credit,YES,6400,2,655,59247,4,34057
16552634,0,2015-08-21 14:41:00,$135.20,Chip Transaction,Yuma,AZ,5655,No Error,Amex,Credit,YES,9600,2,745,58509,6,51528
11405456,0,2012-07-17 09:17:00,$102.43,Swipe Transaction,Minneapolis,MN,5300,No Error,Discover,Credit,YES,15000,2,721,30510,3,23011
20162376,0,2017-09-29 08:57:00,$178.49,Chip Transaction,Lincoln,RI,5300,No Error,Mastercard,Debit,YES,18573,1,705,123198,6,49464
11257758,0,2012-06-13 23:26:00,$1.54,Swipe Transaction,Fisher,IL,5499,No Error,Mastercard,Debit (Prepaid),YES,114,1,747,13326,5,34619
12852858,0,2013-06-07 06:40:00,$23.76,Swipe Transaction,San Jose,CA,7210,No Error,Mastercard,Debit,YES,29716,1,728,25844,4,31287
12014512,0,2012-12-01 17:33:00,$28.24,Online Transaction,ONLINE,Unknown,4121,No Error,Mastercard,Credit,YES,6200,2,625,93823,7,39911
13465611,0,2013-10-19 14:08:00,$52.00,Swipe Transaction,New York,NY,5541,No Error,Visa,Debit,YES,21749,1,712,44190,3,71909
18621303,1,2016-11-06 13:23:00,$197.90,Online Transaction,ONLINE,Unknown,5311,No Error,Visa,Debit,YES,17104,2,685,97188,6,41002
10893388,0,2012-03-23 07:10:00,$71.19,Swipe Transaction,York,NE,5541,No Error,Visa,Debit,YES,11347,2,684,33657,4,36753
18684403,0,2016-11-20 03:18:00,$44.55,Chip Transaction,Phelan,CA,5310,No Error,Mastercard,Debit (Prepaid),YES,49,2,832,76538,3,31632
19399099,0,2017-04-20 23:31:00,$12.12,Swipe Transaction,El Paso,TX,5300,No Error,Visa,Debit (Prepaid),NO,60,2,651,84935,3,34302
11580884,0,2012-08-25 19:27:00,$78.37,Swipe Transaction,San Francisco,CA,5812,No Error,Mastercard,Debit,YES,43169,1,694,63075,6,88432
18725751,0,2016-11-28 16:00:00,$51.12,Chip Transaction,Madison,AL,5541,No Error,Mastercard,Debit,YES,17314,1,564,1620,4,22326
18544317,0,2016-10-21 06:15:00,$3.04,Chip Transaction,Detroit,MI,5942,No Error,Mastercard,Debit,YES,20913,2,784,80057,4,65403
16779303,0,2015-10-09 07:27:00,$34.53,Swipe Transaction,Bangor,PA,5311,No Error,Amex,Credit,YES,8600,2,703,60156,4,34531
22833107,0,2019-04-18 10:09:00,$35.92,Online Transaction,ONLINE,Unknown,4784,No Error,Visa,Credit,YES,13800,1,725,68559,4,52630
7552873,0,2010-01-20 19:05:00,$149.04,Swipe Transaction,Blackville,SC,4900,No Error,Amex,Credit,YES,6500,1,734,83995,6,25257
8041332,0,2010-05-23 06:59:00,$10.13,Swipe Transaction,Poughkeepsie,NY,5814,No Error,Mastercard,Debit,YES,17718,1,717,418,5,51717
17739965,0,2016-05-02 13:32:00,$38.20,Swipe Transaction,Alvin,TX,5541,No Error,Visa,Debit,YES,15338,1,713,68989,2,44766
21951472,0,2018-10-13 12:38:00,$62.62,Swipe Transaction,Orchard Park,NY,5912,No Error,Visa,Debit,YES,15934,1,726,14135,4,43070
20379727,0,2017-11-14 11:20:00,$56.00,Chip Transaction,Barberton,OH,5541,No Error,Mastercard,Debit,YES,23688,1,715,31815,2,36405
19592422,0,2017-05-31 18:49:00,$68.85,Chip Transaction,Cotton Valley,LA,5812,No Error,Visa,Debit,YES,3648,2,811,71366,6,34172
22591185,0,2019-02-25 22:46:00,$34.49,Chip Transaction,Jessup,MD,5814,No Error,Visa,Debit,YES,19256,2,737,141151,4,58463
11311274,0,2012-06-26 05:30:00,$15.89,Swipe Transaction,Columbus,OH,5813,No Error,Mastercard,Debit,YES,12275,2,735,0,6,37556
7815905,0,2010-03-28 07:49:00,$67.33,Online Transaction,ONLINE,Unknown,4814,No Error,Visa,Debit,YES,22457,1,741,49537,3,31343
23316834,0,2019-07-29 12:36:00,$6.65,Chip Transaction,Fresno,CA,5499,No Error,Discover,Credit,YES,8700,2,697,1213,5,26126
10208562,0,2011-10-17 13:32:00,$7.45,Swipe Transaction,Wauconda,IL,5912,No Error,Mastercard,Debit,YES,22242,1,782,1574,6,40787
19559502,0,2017-05-24 21:03:00,$100.00,Chip Transaction,Belleville,IL,4829,No Error,Visa,Debit,YES,9562,2,657,51844,1,40894
19356037,0,2017-04-11 21:33:00,$2.08,Chip Transaction,Brandon,MN,5499,No Error,Mastercard,Debit,YES,20097,2,706,81016,3,41141
22220994,0,2018-12-09 13:57:00,$51.21,Chip Transaction,Humble,TX,5211,No Error,Mastercard,Credit,YES,22200,2,489,114251,3,67170
16092235,0,2015-05-15 08:34:00,$5.79,Chip Transaction,Placentia,CA,5411,No Error,Mastercard,Debit,YES,26162,1,682,17835,4,46945
10298832,0,2011-11-07 10:32:00,$1.60,Swipe Transaction,Frankfort,IN,5411,No Error,Mastercard,Debit,YES,23039,2,850,1828,6,24884
20636772,0,2018-01-07 15:06:00,$130.93,Chip Transaction,Calistoga,CA,4900,No Error,Discover,Credit,YES,12300,1,795,96994,3,43579
21559817,0,2018-07-22 12:06:00,$4.98,Online Transaction,ONLINE,Unknown,4814,No Error,Visa,Credit,YES,5900,2,683,80441,3,48406
11701737,0,2012-09-22 07:30:00,$4.91,Swipe Transaction,Noblesville,IN,5411,No Error,Visa,Debit,YES,11737,1,751,1218,4,50232
12534299,0,2013-03-28 12:25:00,$40.64,Swipe Transaction,San Antonio,TX,5251,No Error,Amex,Credit,YES,9500,1,659,69819,3,35906
8678791,0,2010-10-24 12:12:00,$89.40,Swipe Transaction,Bennett,CO,5499,No Error,Mastercard,Debit,YES,31604,2,689,37361,8,53762
15242147,0,2014-11-12 12:20:00,$120.00,Swipe Transaction,Hamilton,OH,4829,No Error,Mastercard,Debit,YES,14850,2,654,46298,4,37645
11172256,0,2012-05-25 14:49:00,$43.73,Swipe Transaction,Wichita Falls,TX,5541,No Error,Visa,Debit (Prepaid),YES,65,1,681,18693,4,27943
9457219,0,2011-04-26 12:40:00,$15.25,Swipe Transaction,Fontana,CA,5411,No Error,Visa,Credit,YES,6900,2,691,0,4,28007
17624353,1,2016-04-07 14:41:00,$22.87,Online Transaction,ONLINE,Unknown,5814,No Error,Mastercard,Debit,YES,23481,1,709,18724,8,48750
21177495,1,2018-05-02 13:31:00,$20.43,Swipe Transaction,Rome,Italy,5311,No Error,Mastercard,Debit,NO,10538,2,747,1758,5,16342
14240330,0,2014-04-07 13:21:00,$48.91,Swipe Transaction,Hebbronville,TX,5541,No Error,Mastercard,Debit,NO,19554,1,745,54351,2,32126
13716851,0,2013-12-14 04:35:00,$11.20,Swipe Transaction,Lady Lake,FL,5211,No Error,Mastercard,Debit (Prepaid),YES,49,1,654,33926,1,16628
23105461,0,2019-06-15 06:48:00,$52.77,Chip Transaction,Corpus Christi,TX,5499,No Error,Mastercard,Credit,YES,12000,1,713,101549,3,45497
23340452,1,2019-08-03 13:05:00,$38.86,Chip Transaction,Rome,Italy,5311,No Error,Mastercard,Debit,YES,15849,2,683,71022,4,45202
7563977,0,2010-01-23 18:49:00,$0.93,Swipe Transaction,Statesville,NC,5499,No Error,Mastercard,Debit,YES,22137,2,695,57746,3,37617
8696898,0,2010-10-28 16:17:00,$56.25,Swipe Transaction,Zion Grove,PA,7538,No Error,Visa,Debit,YES,31535,2,724,98151,3,41473
10051289,0,2011-09-11 09:37:00,$3.75,Swipe Transaction,Banning,CA,5499,No Error,Discover,Credit,YES,5200,2,769,21869,6,26511
12461980,0,2013-03-12 10:32:00,$75.00,Swipe Transaction,Oakland,OR,5541,No Error,Mastercard,Credit,YES,3400,2,680,1674,3,38194
22030571,0,2018-10-30 11:13:00,$9.27,Chip Transaction,Bellaire,OH,5411,No Error,Visa,Credit,YES,11100,2,693,44263,3,43133
21169726,1,2018-04-30 18:35:00,$0.19,Swipe Transaction,Rome,Italy,5651,No Error,Mastercard,Debit,NO,10538,2,747,1758,5,16342
15942316,0,2015-04-12 17:19:00,$36.87,Online Transaction,ONLINE,Unknown,4784,No Error,Visa,Debit,YES,29573,2,631,67164,4,51196
10283586,0,2011-11-03 15:55:00,$98.71,Swipe Transaction,Oakland,CA,7538,No Error,Mastercard,Debit,YES,40628,2,694,225017,3,107683
13342377,1,2013-09-22 12:50:00,$109.00,Online Transaction,ONLINE,Unknown,3387,No Error,Visa,Debit,YES,9062,1,491,61861,3,39521
11498232,0,2012-08-07 09:11:00,$5.81,Swipe Transaction,Newark,NJ,5814,No Error,Visa,Debit,YES,17082,2,660,51741,6,35418
7731950,0,2010-03-07 05:40:00,$9.65,Swipe Transaction,Mentor,OH,5812,No Error,Mastercard,Debit,YES,22964,1,690,2470,4,29517
13829636,1,2014-01-07 13:36:00,$157.73,Online Transaction,ONLINE,Unknown,5311,No Error,Mastercard,Debit,YES,14418,2,748,58765,3,42976
21367132,0,2018-06-11 19:43:00,$16.06,Chip Transaction,Dayton,KY,5812,No Error,Amex,Credit,YES,13300,1,746,25277,3,35227
20110451,0,2017-09-18 10:15:00,$7.59,Chip Transaction,Houston,TX,5411,No Error,Visa,Debit,YES,19264,2,704,140107,5,63356
18048486,0,2016-07-07 08:47:00,$4.42,Chip Transaction,Fort Wayne,IN,5411,No Error,Visa,Debit,YES,13569,1,498,1597,5,21815
16864441,0,2015-10-27 10:10:00,$12.55,Chip Transaction,San Carlos,CA,4814,No Error,Mastercard,Debit,YES,70187,1,764,6229,8,82009
23099107,0,2019-06-13 16:58:00,$14.76,Swipe Transaction,Port Orange,FL,9402,No Error,Visa,Debit,NO,25942,1,770,42011,3,44681
14740493,0,2014-07-26 07:52:00,$44.13,Swipe Transaction,Cleveland,OH,4111,No Error,Discover,Credit,YES,11900,1,695,86837,6,41091
22586414,0,2019-02-25 02:47:00,$83.11,Swipe Transaction,Placentia,CA,5300,No Error,Visa,Credit,YES,13700,1,682,17835,4,46945
17716890,0,2016-04-27 13:01:00,$146.55,Online Transaction,ONLINE,Unknown,4814,No Error,Visa,Debit,YES,45377,2,770,210445,1,100880
9433981,0,2011-04-21 06:28:00,$3.85,Swipe Transaction,Acworth,GA,5411,No Error,Amex,Credit,YES,13300,1,746,126806,3,58846
13463893,1,2013-10-19 08:52:00,$99.79,Online Transaction,ONLINE,Unknown,5661,No Error,Visa,Debit,YES,14959,2,688,812,6,9678
14005777,0,2014-02-15 09:13:00,$51.75,Online Transaction,ONLINE,Unknown,4784,No Error,Mastercard,Debit,YES,3836,1,625,63194,3,44839
20213950,0,2017-10-10 08:46:00,$7.74,Chip Transaction,Sutherland,VA,5814,No Error,Mastercard,Debit,YES,9059,1,749,42507,4,30910
11402531,0,2012-07-16 14:53:00,$41.54,Online Transaction,ONLINE,Unknown,4121,No Error,Mastercard,Debit,YES,28747,2,822,120733,2,85694
10850017,0,2012-03-13 10:26:00,$38.82,Swipe Transaction,Seattle,WA,5411,No Error,Mastercard,Debit,YES,9683,2,716,115362,5,76431
12748849,0,2013-05-15 05:27:00,$588.46,Online Transaction,ONLINE,Unknown,6300,No Error,Mastercard,Credit,YES,12900,1,773,0,3,57185
11960912,0,2012-11-19 18:59:00,$1.05,Swipe Transaction,Statesville,NC,5499,No Error,Mastercard,Debit,YES,17598,1,695,57746,3,37617
22377957,0,2019-01-11 20:50:00,$48.31,Online Transaction,ONLINE,Unknown,4121,No Error,Mastercard,Debit,YES,27046,2,733,12777,5,44469
9172486,0,2011-02-18 15:11:00,$37.48,Swipe Transaction,Rockford,IL,5311,No Error,Mastercard,Debit,YES,21727,1,767,109623,3,50139
13978630,1,2014-02-09 09:09:00,$355.00,Online Transaction,ONLINE,Unknown,3730,No Error,Amex,Credit,YES,10800,1,717,61245,4,40891
23465419,0,2019-08-29 23:42:00,$2.12,Chip Transaction,Aurora,CO,5411,No Error,Visa,Debit,YES,23878,1,718,9066,4,45754
20487970,0,2017-12-07 09:06:00,$9.12,Swipe Transaction,Crown Point,IN,5814,No Error,Mastercard,Debit (Prepaid),NO,130,2,685,128676,5,53350
15047789,0,2014-09-30 21:28:00,$-80.00,Swipe Transaction,Oviedo,FL,5499,No Error,Mastercard,Credit,YES,9200,3,636,93460,3,55571
14634219,0,2014-07-02 21:17:00,$1.31,Swipe Transaction,Memphis,TN,5912,No Error,Mastercard,Debit,YES,19137,1,746,0,4,38249
17532443,0,2016-03-19 00:12:00,$86.89,Chip Transaction,Columbus,OH,5541,No Error,Mastercard,Debit,YES,22044,1,735,0,6,37556
13521828,0,2013-11-01 06:19:00,$19.02,Online Transaction,ONLINE,Unknown,4121,No Error,Visa,Credit,YES,9900,1,788,14408,4,27772
20535531,0,2017-12-17 09:46:00,$44.07,Chip Transaction,Winston,GA,5541,No Error,Visa,Debit,YES,21087,1,635,64994,1,46108
22010897,0,2018-10-26 07:19:00,$42.14,Chip Transaction,Berea,OH,5300,No Error,Visa,Debit,YES,13435,2,722,93844,3,37169
8331070,0,2010-08-01 17:05:00,$43.91,Swipe Transaction,Fort Lauderdale,FL,7832,No Error,Visa,Debit,YES,12252,1,643,49366,3,35978
21783628,1,2018-09-07 19:13:00,$102.49,Chip Transaction,Rome,Italy,5310,Insufficient Balance,Visa,Debit,YES,20943,1,733,9097,6,56542
15817789,0,2015-03-16 23:47:00,$146.00,Chip Transaction,Mumbai,India,3722,No Error,Mastercard,Credit,YES,9700,2,791,93406,5,63030
20306377,0,2017-10-29 18:37:00,$93.35,Swipe Transaction,Liberty,TX,5311,No Error,Visa,Credit,NO,22800,2,690,114266,5,53357
15030522,0,2014-09-27 09:56:00,$60.00,Swipe Transaction,San Leandro,CA,5499,No Error,Mastercard,Debit,YES,27243,1,743,15336,5,30962
19392597,0,2017-04-19 14:54:00,$40.00,Chip Transaction,Barbourville,KY,4829,No Error,Mastercard,Debit,YES,11919,1,724,58373,5,32128
19054067,0,2017-02-06 17:20:00,$24.92,Chip Transaction,Philadelphia,PA,5813,No Error,Visa,Debit,YES,13905,1,795,96994,3,43579
21346143,0,2018-06-07 11:33:00,$77.25,Chip Transaction,Bessemer,AL,5912,No Error,Visa,Debit,YES,15814,1,689,54899,4,40473
8070891,1,2010-05-30 12:06:00,$-249.00,Online Transaction,ONLINE,Unknown,3780,No Error,Mastercard,Debit (Prepaid),YES,46,2,694,142314,3,49577
11809140,0,2012-10-16 12:05:00,$10.76,Swipe Transaction,Freeport,PA,5812,No Error,Mastercard,Debit,NO,415,1,745,30574,2,36440
14462500,0,2014-05-26 10:27:00,$12.51,Swipe Transaction,Inglewood,CA,5411,No Error,Mastercard,Debit,YES,6090,2,669,13411,1,28245
13176680,0,2013-08-17 07:50:00,$10.18,Swipe Transaction,Cleveland,OH,5921,No Error,Mastercard,Credit,YES,4900,1,772,10928,4,13089
10852697,0,2012-03-13 21:36:00,$54.12,Swipe Transaction,Kahului,HI,5300,No Error,Visa,Debit,YES,15516,2,725,472,5,42306
14555240,0,2014-06-15 16:11:00,$0.86,Swipe Transaction,Myrtle Beach,SC,5499,No Error,Amex,Credit,YES,10100,2,705,27209,6,32817
17751546,0,2016-05-04 23:13:00,$77.00,Chip Transaction,Berkeley Heights,NJ,5541,No Error,Mastercard,Debit,YES,25422,1,505,242379,1,109673
17281326,0,2016-01-24 10:30:00,$0.30,Chip Transaction,Pompano Beach,FL,5499,No Error,Visa,Debit,YES,38171,2,692,112785,3,76305
9814193,0,2011-07-18 14:28:00,$99.00,Swipe Transaction,Le Mars,IA,5499,No Error,Amex,Credit,YES,9500,2,718,76392,3,40478
13512137,0,2013-10-29 19:52:00,$99.31,Swipe Transaction,Quincy,MA,5300,No Error,Visa,Debit,YES,21073,1,711,133421,2,72470
17468861,0,2016-03-05 11:43:00,$16.11,Chip Transaction,Waianae,HI,5912,No Error,Visa,Debit,YES,3973,2,732,54455,3,35016
14138535,0,2014-03-16 08:24:00,$2.28,Swipe Transaction,Staunton,IL,5411,No Error,Visa,Debit,YES,9562,2,657,51844,1,40894
17550965,0,2016-03-23 00:53:00,$3.31,Swipe Transaction,Alamo,TX,5411,No Error,Mastercard,Debit,YES,8638,2,825,60152,4,20577
18938113,0,2017-01-13 01:13:00,$233.62,Online Transaction,ONLINE,Unknown,4814,No Error,Visa,Debit,YES,3867,1,812,54771,4,21397
17537211,0,2016-03-20 06:29:00,$55.00,Chip Transaction,O Fallon,MO,5499,No Error,Mastercard,Debit,YES,12212,2,667,29112,5,17056
20709642,0,2018-01-23 08:24:00,$2.97,Chip Transaction,Madison,WI,5541,No Error,Visa,Debit,YES,24806,1,719,114254,2,48279
15814790,0,2015-03-16 10:29:00,$60.34,Chip Transaction,Hamilton,OH,5300,No Error,Mastercard,Credit,YES,14100,2,682,43630,3,39898
16428527,0,2015-07-25 23:48:00,$-96.00,Chip Transaction,Hubbard,OH,5541,No Error,Discover,Credit,YES,14600,2,665,66403,1,37415
11180600,1,2012-05-27 13:45:00,$93.07,Online Transaction,ONLINE,Unknown,5311,No Error,Mastercard,Debit,YES,20195,2,742,90248,3,66230
8454154,0,2010-08-31 10:37:00,$13.75,Swipe Transaction,Eastlake,OH,5411,No Error,Visa,Debit,YES,22124,1,695,86837,6,41091
14235856,0,2014-04-06 13:57:00,$2.16,Swipe Transaction,Birmingham,AL,5411,No Error,Mastercard,Credit,YES,0,1,747,1758,5,16342
17869277,0,2016-05-30 08:12:00,$77.67,Chip Transaction,Boston,MA,7538,No Error,Mastercard,Debit,YES,29170,1,735,61817,4,80156
18320005,0,2016-09-03 08:12:00,$2.61,Chip Transaction,Vancouver,Canada,5499,No Error,Visa,Debit,YES,26024,1,714,2279,5,41763
14467540,0,2014-05-27 11:47:00,$8.79,Swipe Transaction,Lawrence,KS,5411,No Error,Mastercard,Credit,YES,12500,1,720,54406,3,50934
16077833,0,2015-05-12 06:20:00,$69.00,Chip Transaction,Holly,MI,5499,No Error,Mastercard,Credit,YES,10800,2,814,108449,5,46244
18588928,0,2016-10-30 15:05:00,$24.97,Chip Transaction,Seattle,WA,4121,No Error,Mastercard,Debit,YES,54517,1,709,115702,3,71427
21294690,0,2018-05-27 11:53:00,$76.31,Chip Transaction,Henrico,VA,5912,No Error,Visa,Debit,YES,28166,2,729,133935,6,42652
11267533,0,2012-06-16 07:08:00,$60.82,Swipe Transaction,Dallas,TX,5499,Insufficient Balance,Amex,Credit,YES,9000,1,706,44404,4,25883
13436193,0,2013-10-13 07:53:00,$0.35,Swipe Transaction,Frisco,CO,5411,No Error,Visa,Debit,YES,27623,2,734,0,3,67589
17770695,0,2016-05-09 07:19:00,$100.00,Swipe Transaction,Rio Rancho,NM,4829,No Error,Visa,Credit,NO,7100,2,707,0,3,31369
22010832,0,2018-10-26 07:06:00,$3.75,Chip Transaction,San Francisco,CA,5541,No Error,Amex,Credit,YES,27500,1,736,1676,6,65055
14691944,0,2014-07-15 12:26:00,$559.34,Swipe Transaction,Fayetteville,NC,3260,No Error,Mastercard,Debit,YES,15518,2,752,43645,5,49570
11467079,0,2012-07-31 08:41:00,$22.81,Online Transaction,ONLINE,Unknown,4784,No Error,Mastercard,Debit,NO,21820,1,575,30887,3,35404
9543355,0,2011-05-16 15:54:00,$82.15,Swipe Transaction,Seabrook,TX,7230,No Error,Visa,Debit,YES,30891,1,710,120771,4,76288
9669782,0,2011-06-15 07:53:00,$11.54,Swipe Transaction,Rush,NY,5411,No Error,Mastercard,Debit,YES,30547,1,779,3628,8,54013
21243636,0,2018-05-16 14:24:00,$21.01,Chip Transaction,Mesquite,TX,5211,No Error,Visa,Credit,YES,9800,1,726,923,6,37623
10880035,0,2012-03-20 07:57:00,$2.60,Swipe Transaction,Poland,NY,5411,No Error,Visa,Debit,YES,4924,2,708,45559,3,36050
23398719,0,2019-08-15 19:32:00,$97.00,Chip Transaction,Frankfort,IN,5499,No Error,Visa,Credit,YES,5700,2,850,1828,6,24884
9523697,0,2011-05-12 06:01:00,$40.00,Swipe Transaction,New Waterford,OH,4829,No Error,Discover,Credit,YES,14600,2,665,66403,1,37415
11198086,0,2012-05-31 12:52:00,$54.87,Swipe Transaction,Solon,IA,5651,No Error,Visa,Credit,NO,16700,1,725,173887,5,59248
15090388,0,2014-10-10 09:35:00,$18.47,Swipe Transaction,Great Falls,MT,9402,No Error,Mastercard,Debit,YES,14859,2,809,77817,4,39882
13535618,0,2013-11-04 03:49:00,$3.87,Swipe Transaction,Capac,MI,5541,No Error,Visa,Debit (Prepaid),YES,63,2,701,53696,4,42701
18574369,0,2016-10-27 12:04:00,$39.42,Online Transaction,ONLINE,Unknown,4784,No Error,Mastercard,Debit,YES,19919,2,707,42369,7,44383
7956753,0,2010-05-02 10:00:00,$-95.00,Swipe Transaction,Berkeley Heights,NJ,5499,No Error,Mastercard,Debit,YES,25422,1,505,242379,1,109673
14547243,0,2014-06-13 23:51:00,$88.50,Swipe Transaction,Jenison,MI,5411,No Error,Discover,Credit,YES,13000,1,773,28032,4,38487
19207833,0,2017-03-11 09:46:00,$6.33,Chip Transaction,Buffalo,NY,5942,No Error,Mastercard,Debit,YES,17995,1,733,36288,5,52841
20713193,0,2018-01-23 22:50:00,$36.27,Chip Transaction,Valdosta,GA,5814,No Error,Mastercard,Debit,YES,10776,1,684,3723,3,8526
23701783,0,2019-10-19 07:38:00,$33.10,Swipe Transaction,Murphys,CA,7538,No Error,Visa,Debit,NO,7943,1,734,74530,5,33540
18615215,0,2016-11-05 09:26:00,$57.80,Chip Transaction,Rockville Centre,NY,7538,No Error,Amex,Credit,YES,13400,1,831,39076,3,103294
10676734,0,2012-02-01 17:48:00,$31.04,Swipe Transaction,Keystone Heights,FL,5300,No Error,Amex,Credit,YES,10300,1,738,70128,3,40156
13975206,1,2014-02-08 12:51:00,$2.81,Online Transaction,ONLINE,Unknown,4829,No Error,Mastercard,Debit (Prepaid),YES,62,1,700,100192,6,192269
22046301,0,2018-11-02 14:18:00,$60.00,Chip Transaction,Wolfeboro,NH,5541,No Error,Mastercard,Credit,YES,7100,2,578,98763,1,50523
8586251,0,2010-10-02 07:31:00,$68.64,Swipe Transaction,West Kingston,RI,7538,No Error,Mastercard,Debit,YES,15813,2,709,96864,5,63684
22859523,1,2019-04-23 18:23:00,$62.57,Chip Transaction,Rome,Italy,5211,No Error,Amex,Credit,YES,14800,1,701,59062,3,39700
12800410,0,2013-05-26 11:40:00,$8.43,Swipe Transaction,Chattanooga,TN,5812,No Error,Visa,Credit,YES,11200,2,705,20906,3,44831
13989319,0,2014-02-11 13:20:00,$57.54,Swipe Transaction,Walnut Creek,CA,5912,No Error,Visa,Credit,NO,5200,2,609,4031,2,79870
20484985,1,2017-12-06 14:10:00,$176.12,Chip Transaction,Rome,Italy,5045,No Error,Visa,Debit (Prepaid),YES,29,2,736,52578,4,70840
19610427,0,2017-06-04 15:05:00,$339.05,Swipe Transaction,Las Vegas,NV,3775,No Error,Visa,Credit,NO,2600,2,681,101323,4,50177
19538437,0,2017-05-20 10:51:00,$43.59,Chip Transaction,Santa Barbara,CA,5300,No Error,Mastercard,Debit,YES,12925,1,781,79302,4,39733
10394142,0,2011-11-29 09:23:00,$40.00,Swipe Transaction,Columbia,SC,4829,No Error,Visa,Debit,YES,13452,2,645,74143,2,34517
9523787,0,2011-05-12 06:20:00,$4.36,Swipe Transaction,Tacoma,WA,5812,No Error,Discover,Credit,YES,10600,1,721,64098,2,41483
11055049,0,2012-04-29 00:01:00,$60.09,Swipe Transaction,Levittown,PA,4900,No Error,Visa,Debit,YES,24546,1,813,406,5,26476
7687418,0,2010-02-23 17:18:00,$236.93,Swipe Transaction,Beaumont,TX,4900,No Error,Mastercard,Credit,NO,22900,2,815,39326,4,94260
18276867,0,2016-08-24 21:14:00,$65.43,Chip Transaction,Pensacola,FL,5812,No Error,Discover,Credit,YES,9600,1,850,39882,3,36671
15245599,0,2014-11-13 09:30:00,$76.24,Swipe Transaction,Lake Charles,LA,5912,No Error,Mastercard,Debit,YES,12852,2,761,69070,6,54587
12793053,0,2013-05-24 18:06:00,$69.41,Swipe Transaction,Avon,OH,5942,No Error,Amex,Credit,YES,13400,1,693,44263,3,43133
11004752,0,2012-04-17 13:57:00,$103.00,Swipe Transaction,Dunlap,TN,5300,No Error,Mastercard,Credit,NO,12300,1,808,120125,4,56350
20248454,0,2017-10-17 13:44:00,$11.91,Chip Transaction,Santa Barbara,CA,5921,No Error,Mastercard,Debit (Prepaid),YES,55,2,630,1336,1,34903
16757786,1,2015-10-04 13:18:00,$155.06,Online Transaction,ONLINE,Unknown,3058,No Error,Visa,Debit,YES,2696,1,773,34570,4,57975
11845211,0,2012-10-24 14:09:00,$91.98,Swipe Transaction,Strongsville,OH,7230,No Error,Visa,Debit,YES,27215,2,684,138153,7,61937
10398878,0,2011-11-30 10:09:00,$21.37,Swipe Transaction,Allen,TX,7542,No Error,Mastercard,Debit,YES,17686,1,720,40161,3,78329
10199129,0,2011-10-15 10:30:00,$22.75,Swipe Transaction,Downers Grove,IL,5300,No Error,Mastercard,Credit,YES,14200,1,717,201796,3,68710
22450106,0,2019-01-27 07:27:00,$26.67,Online Transaction,ONLINE,Unknown,4121,No Error,Mastercard,Debit,YES,2450,2,621,24169,1,40189
9070118,0,2011-01-25 13:04:00,$73.26,Swipe Transaction,Apple River,IL,4111,No Error,Visa,Debit,YES,15265,2,716,36994,5,37898
21755610,0,2018-09-01 19:10:00,$46.69,Online Transaction,ONLINE,Unknown,4784,No Error,Visa,Debit,YES,12764,2,820,1820,2,10869
22688358,0,2019-03-18 13:10:00,$41.61,Online Transaction,ONLINE,Unknown,4121,No Error,Visa,Debit,YES,23834,2,804,76650,3,67747
20653007,0,2018-01-11 08:27:00,$3.38,Chip Transaction,Seabrook,TX,5814,No Error,Visa,Debit,YES,30891,1,710,120771,4,76288
13157081,0,2013-08-12 16:50:00,$4.91,Swipe Transaction,North Lawrence,OH,5300,No Error,Visa,Debit,YES,30348,1,685,96831,2,43229
7610546,0,2010-02-04 13:10:00,$61.65,Swipe Transaction,Eight Mile,AL,7538,No Error,Mastercard,Credit,YES,8500,2,713,60527,4,31008
18543932,0,2016-10-20 22:54:00,$140.00,Swipe Transaction,Hemet,CA,3359,No Error,Mastercard,Debit,YES,21160,1,699,0,5,56897
12500931,0,2013-03-21 06:55:00,$8.35,Swipe Transaction,Miami,FL,5942,No Error,Visa,Debit,YES,8400,1,850,74820,6,38386
23746564,0,2019-10-28 15:15:00,$9.98,Chip Transaction,Gresham,OR,5812,No Error,Mastercard,Debit,YES,38814,1,741,139335,3,46075
20596864,0,2017-12-30 09:14:00,$75.00,Chip Transaction,Providence,RI,5499,No Error,Amex,Credit,YES,17800,2,758,2151,4,61991
9013153,0,2011-01-12 04:31:00,$103.84,Swipe Transaction,Memphis,TN,5310,No Error,Mastercard,Debit,YES,25392,2,728,107130,4,58248
14123989,0,2014-03-13 03:37:00,$2.47,Swipe Transaction,Payette,ID,7349,No Error,Visa,Debit,YES,17405,1,578,69753,4,46954
8627159,0,2010-10-11 22:16:00,$72.00,Swipe Transaction,Crestview,FL,5541,No Error,Mastercard,Debit,YES,12367,2,672,64474,3,38874
8625584,1,2010-10-11 13:51:00,$29.60,Online Transaction,ONLINE,Unknown,5310,No Error,Visa,Debit,YES,4660,2,666,73448,3,37468
16110551,0,2015-05-19 06:44:00,$1.90,Chip Transaction,Findlay,OH,5411,No Error,Mastercard,Debit,YES,14471,1,768,3112,3,36857
7479416,0,2010-01-01 23:29:00,$64.91,Swipe Transaction,Janesville,WI,5812,No Error,Amex,Credit,YES,9600,1,698,2192,3,43386
7849753,0,2010-04-05 13:12:00,$40.00,Swipe Transaction,Woonsocket,SD,4829,No Error,Mastercard,Debit,NO,13841,2,722,16870,4,39082
18425654,0,2016-09-25 17:22:00,$95.17,Chip Transaction,Valley Stream,NY,5814,Insufficient Balance,Mastercard,Debit,YES,17587,2,672,104134,4,56640
13795379,0,2013-12-31 08:01:00,$-70.00,Swipe Transaction,Walnut Creek,CA,5499,No Error,Mastercard,Debit (Prepaid),YES,48,1,713,177353,6,86113
20922171,0,2018-03-09 10:59:00,$150.07,Chip Transaction,Yorba Linda,CA,5912,No Error,Mastercard,Debit,YES,19959,2,685,4344,4,99825
10860004,0,2012-03-15 13:28:00,$5.62,Swipe Transaction,Hendersonville,NC,5411,No Error,Visa,Debit,YES,15504,1,714,2573,5,23993
9481676,0,2011-05-02 09:21:00,$26.87,Swipe Transaction,Houston,TX,4121,No Error,Visa,Debit (Prepaid),NO,65,1,749,114235,1,62185
18416468,0,2016-09-23 18:01:00,$36.86,Chip Transaction,Overland Park,KS,7832,No Error,Mastercard,Debit,YES,35750,1,741,2149,7,84694
18195465,1,2016-08-07 14:29:00,$276.00,Online Transaction,ONLINE,Unknown,3390,No Error,Visa,Credit,YES,11000,1,686,2985,4,30349
21530209,0,2018-07-16 10:10:00,$3.59,Chip Transaction,Mission,TX,5912,No Error,Mastercard,Debit,YES,9027,2,670,20031,3,22104
22133885,0,2018-11-21 09:40:00,$11.04,Chip Transaction,Daytona Beach,FL,5812,No Error,Mastercard,Debit,YES,1368,1,612,54474,1,27372
16756852,0,2015-10-04 10:19:00,$2.13,Chip Transaction,Dallas,TX,5411,No Error,Mastercard,Debit,YES,6795,2,797,88482,6,28137
22060950,0,2018-11-05 16:20:00,$9.42,Chip Transaction,North Hollywood,CA,5411,No Error,Visa,Debit,YES,16619,1,806,879,7,28644
20469846,0,2017-12-03 11:18:00,$35.80,Swipe Transaction,Commerce City,CO,5251,No Error,Visa,Credit,NO,11400,1,761,46226,4,41839
10504397,0,2011-12-24 13:27:00,$34.35,Swipe Transaction,Normal,IL,5541,No Error,Mastercard,Debit,YES,18092,2,589,161107,2,57576
20812069,0,2018-02-14 03:57:00,$114.64,Chip Transaction,Thackerville,OK,7995,No Error,Visa,Credit,YES,10600,2,771,12347,6,31957
15831724,0,2015-03-20 02:46:00,$183.54,Online Transaction,ONLINE,Unknown,4899,No Error,Mastercard,Credit,YES,5700,1,672,104134,4,56640
8872123,0,2010-12-09 14:27:00,$50.19,Swipe Transaction,Limington,ME,5311,No Error,Visa,Debit,YES,19103,2,628,54157,3,43144
13492383,0,2013-10-25 13:12:00,$116.79,Swipe Transaction,Brooklyn,NY,5912,Insufficient Balance,Mastercard,Debit,YES,22100,1,691,68957,4,46232
9690219,0,2011-06-19 22:01:00,$162.83,Swipe Transaction,Palos Verdes Peninsula,CA,5814,No Error,Visa,Debit,YES,42541,2,789,89328,6,119308
10501743,0,2011-12-23 19:28:00,$55.53,Online Transaction,ONLINE,Unknown,4784,No Error,Mastercard,Debit,YES,12594,2,751,49024,3,34947
23451767,0,2019-08-26 23:33:00,$223.23,Chip Transaction,Grand Junction,CO,8099,No Error,Visa,Credit,YES,8700,2,747,65994,2,49169
11479945,0,2012-08-03 05:28:00,$4.26,Swipe Transaction,Wilmore,KY,5310,No Error,Visa,Debit,YES,8144,2,724,58373,5,32128
21076682,0,2018-04-11 08:58:00,$4.54,Swipe Transaction,Belfair,WA,5541,No Error,Visa,Debit,YES,13193,2,751,13730,4,44807
22809061,0,2019-04-13 08:23:00,$3.07,Chip Transaction,Plattsburgh,NY,5814,No Error,Mastercard,Debit,YES,11164,1,683,71060,2,41141
8715045,0,2010-11-02 07:50:00,$30.87,Swipe Transaction,Flint,TX,5300,No Error,Mastercard,Debit,YES,18964,1,693,40950,6,30198
11232241,0,2012-06-08 08:39:00,$33.36,Online Transaction,ONLINE,Unknown,4784,No Error,Mastercard,Credit,YES,16800,1,664,71544,3,56368
10560306,0,2012-01-06 09:06:00,$51.97,Online Transaction,ONLINE,Unknown,4784,No Error,Visa,Credit,YES,13200,2,625,63194,3,44839
20801810,0,2018-02-11 15:44:00,$13.48,Chip Transaction,Pearland,TX,5912,No Error,Mastercard,Debit,YES,43033,2,683,166395,1,73920
8292242,1,2010-07-23 10:09:00,$55.57,Online Transaction,ONLINE,Unknown,5912,No Error,Mastercard,Debit (Prepaid),YES,23,2,609,4031,2,79870
9565587,0,2011-05-21 19:59:00,$59.00,Swipe Transaction,Hattiesburg,MS,5541,No Error,Visa,Debit,YES,14959,2,688,812,6,9678
11912817,0,2012-11-08 20:16:00,$94.24,Swipe Transaction,Puerto Vallarta,Mexico,5912,No Error,Discover,Credit,YES,12300,1,778,1642,6,33279
7984243,0,2010-05-09 06:45:00,$6.44,Online Transaction,ONLINE,Unknown,4784,No Error,Visa,Debit,YES,12833,1,812,0,7,11410
10812705,1,2012-03-04 17:54:00,$65.95,Online Transaction,ONLINE,Unknown,5732,No Error,Mastercard,Debit,YES,14525,2,675,75783,5,50993
23589491,0,2019-09-25 09:35:00,$36.97,Chip Transaction,Springfield,KY,5300,No Error,Visa,Credit,YES,6900,1,705,16946,6,22540
16414416,0,2015-07-22 19:08:00,$77.87,Chip Transaction,Ames,IA,5812,No Error,Amex,Credit,YES,15500,2,785,73370,3,53395
23496157,0,2019-09-05 12:53:00,$70.81,Chip Transaction,Sutter Creek,CA,5541,No Error,Amex,Credit,YES,14800,1,701,59062,3,39700
19744900,0,2017-07-02 22:27:00,$50.01,Chip Transaction,Myrtle Beach,SC,5411,No Error,Amex,Credit,YES,10100,2,705,27209,6,32817
12547748,0,2013-03-31 11:21:00,$12.90,Online Transaction,ONLINE,Unknown,5815,No Error,Mastercard,Credit,NO,12900,1,664,15537,3,64829
8440425,0,2010-08-28 02:13:00,$52.72,Swipe Transaction,Danville,IL,5211,Insufficient Balance,Visa,Credit,YES,8700,1,590,1639,2,16646
10505358,0,2011-12-24 16:54:00,$72.08,Swipe Transaction,Mount Pleasant,NC,5411,No Error,Visa,Debit,YES,19442,2,694,50449,2,40867
15429268,0,2014-12-23 01:31:00,$159.34,Online Transaction,ONLINE,Unknown,4899,No Error,Visa,Debit,YES,9285,2,552,64661,3,30340
10278165,0,2011-11-02 12:44:00,$1.15,Swipe Transaction,Cedar Rapids,IA,5499,No Error,Mastercard,Credit,YES,10600,1,790,58252,7,45876
18628598,0,2016-11-08 06:36:00,$8.09,Chip Transaction,Rochester,MN,4214,No Error,Mastercard,Debit,YES,11382,2,788,14408,4,27772
16748395,1,2015-10-02 13:38:00,$302.35,Chip Transaction,Fort Mill,SC,5300,No Error,Mastercard,Debit,YES,11749,2,694,36972,2,30165
8598125,0,2010-10-05 02:53:00,$102.37,Swipe Transaction,Williston Park,NY,5812,Insufficient Balance,Visa,Credit,YES,16900,1,683,161166,6,80957
11786766,0,2012-10-11 10:59:00,$36.60,Swipe Transaction,Birmingham,AL,7538,No Error,Mastercard,Debit,YES,2629,2,753,42315,3,31533
13225226,0,2013-08-27 16:46:00,$18.00,Swipe Transaction,Riverside,CA,5921,No Error,Visa,Debit,YES,18254,1,772,102716,4,37963
20734965,0,2018-01-28 11:58:00,$45.04,Chip Transaction,Brownsville,TX,5311,No Error,Visa,Debit,YES,12184,2,702,27227,3,22714
14885911,0,2014-08-26 15:10:00,$115.72,Swipe Transaction,Hales Corners,WI,5499,No Error,Mastercard,Debit,YES,32704,1,750,121251,1,75711
21345330,0,2018-06-07 09:14:00,$26.73,Online Transaction,ONLINE,Unknown,4784,No Error,Mastercard,Debit,YES,24508,1,698,50290,2,62692
22032874,0,2018-10-30 19:23:00,$119.73,Swipe Transaction,Cortaro,AZ,5912,No Error,Mastercard,Debit,NO,12091,1,689,1196,5,29494
13368222,1,2013-09-28 08:56:00,$742.86,Online Transaction,ONLINE,Unknown,3000,No Error,Visa,Debit (Prepaid),YES,74,1,703,152645,6,55351
21404119,0,2018-06-19 16:20:00,$8.10,Chip Transaction,Chicago,IL,5300,No Error,Mastercard,Credit,YES,0,2,691,0,3,4
13090329,0,2013-07-29 02:01:00,$4.06,Swipe Transaction,Dedham,MA,5541,No Error,Mastercard,Debit,YES,29144,2,716,107029,3,79272
23291037,0,2019-07-24 07:51:00,$32.65,Swipe Transaction,Fort Worth,TX,7832,No Error,Visa,Credit,YES,7300,1,707,28552,6,24215
19057491,0,2017-02-07 12:19:00,$15.83,Chip Transaction,Richmond,VA,5411,No Error,Visa,Debit,YES,27382,2,719,2689,4,92368
19451728,0,2017-05-02 07:30:00,$-55.00,Chip Transaction,Sioux Falls,SD,5499,No Error,Visa,Debit,YES,8280,2,689,5132,4,31145
16286169,0,2015-06-25 14:50:00,$1.26,Chip Transaction,La Grande,OR,5499,No Error,Visa,Credit,YES,11400,1,751,13730,4,44807
22867254,0,2019-04-25 12:58:00,$13.78,Chip Transaction,Missouri City,TX,5814,No Error,Visa,Debit,YES,4488,2,698,21486,2,41109
8531518,0,2010-09-18 23:22:00,$5.45,Swipe Transaction,Detroit,MI,5912,No Error,Visa,Credit,YES,7100,2,682,37929,2,28181
13676806,0,2013-12-05 09:36:00,$6.14,Swipe Transaction,Decatur,IL,5499,No Error,Visa,Debit,YES,17815,1,730,0,3,45164
13079551,1,2013-07-26 15:16:00,$19.87,Online Transaction,ONLINE,Unknown,5310,No Error,Mastercard,Credit,NO,2500,2,716,25966,6,29206
19123568,0,2017-02-21 12:31:00,$59.70,Chip Transaction,Sterling Heights,MI,5541,No Error,Visa,Credit,YES,5300,1,736,66529,2,46843
14894211,0,2014-08-28 14:21:00,$2.78,Swipe Transaction,Sumter,SC,5411,No Error,Mastercard,Debit (Prepaid),YES,91,2,686,93,4,30451
17847957,0,2016-05-25 13:36:00,$35.84,Chip Transaction,Miami,FL,5813,No Error,Visa,Debit,YES,23001,2,627,114394,5,64481
10227141,0,2011-10-21 16:09:00,$6.37,Swipe Transaction,Vacaville,CA,5541,No Error,Visa,Debit,YES,29041,1,821,370,7,33869
8263461,0,2010-07-16 10:54:00,$3.13,Swipe Transaction,Pearland,TX,5411,No Error,Mastercard,Debit,YES,43033,2,683,166395,1,73920
9650307,0,2011-06-10 14:48:00,$225.00,Swipe Transaction,Sydney,Australia,3684,No Error,Mastercard,Credit,YES,7800,2,606,153374,4,53138
20459760,0,2017-12-01 08:53:00,$27.20,Online Transaction,ONLINE,Unknown,4121,No Error,Visa,Credit,YES,12700,2,782,1574,6,40787
13564230,0,2013-11-10 10:45:00,$90.12,Swipe Transaction,Hobart,IN,5411,No Error,Amex,Credit,YES,10900,1,761,117302,3,44550
8388135,1,2010-08-15 13:12:00,$116.18,Online Transaction,ONLINE,Unknown,5311,No Error,Mastercard,Debit,YES,9796,2,634,68220,2,38059
7669002,0,2010-02-19 07:45:00,$52.97,Swipe Transaction,Vancouver,WA,5912,No Error,Mastercard,Debit,YES,24090,1,750,82696,4,55682
10636274,0,2012-01-23 15:43:00,$-93.00,Swipe Transaction,Eastman,GA,5499,No Error,Discover,Credit,YES,7600,1,734,66681,6,28269
10614410,0,2012-01-18 14:35:00,$52.25,Swipe Transaction,Cleveland,OH,5311,No Error,Visa,Debit,YES,4488,2,698,21486,2,41109
15293942,0,2014-11-23 14:54:00,$76.00,Swipe Transaction,Bothell,WA,5499,No Error,Amex,Credit,YES,13900,1,804,76650,3,67747
10176859,0,2011-10-10 10:15:00,$37.45,Online Transaction,ONLINE,Unknown,4784,No Error,Mastercard,Debit (Prepaid),YES,48,2,723,60397,5,35560
8280823,0,2010-07-20 14:30:00,$47.26,Online Transaction,ONLINE,Unknown,4784,No Error,Visa,Debit,YES,18494,2,680,144534,4,52904
18999861,0,2017-01-26 07:21:00,$-80.00,Chip Transaction,Sandy Lake,PA,5499,No Error,Mastercard,Debit,YES,2290,2,765,39514,4,34272
18342531,0,2016-09-07 21:21:00,$61.80,Chip Transaction,Lenoir,NC,5311,No Error,Visa,Debit,YES,11832,1,738,41455,3,25748
11934934,0,2012-11-13 21:37:00,$58.00,Swipe Transaction,New York,NY,5541,No Error,Mastercard,Credit,YES,11200,1,595,54354,3,35940
10494610,0,2011-12-22 09:21:00,$16.13,Swipe Transaction,Chicago,IL,4214,No Error,Mastercard,Credit,YES,6200,1,641,56953,2,30509
11330417,0,2012-06-30 09:06:00,$7.42,Swipe Transaction,Center Barnstead,NH,9402,No Error,Mastercard,Debit,YES,17471,2,663,113190,5,38681
22301735,0,2018-12-26 16:00:00,$67.72,Swipe Transaction,Cherry Hill,NJ,7538,No Error,Visa,Debit,NO,5921,2,621,461854,5,185909
22643012,0,2019-03-09 06:25:00,$90.00,Chip Transaction,Alpharetta,GA,5541,No Error,Visa,Debit,YES,34877,2,675,162012,1,89152
13084446,0,2013-07-27 15:59:00,$11.83,Online Transaction,ONLINE,Unknown,4121,No Error,Mastercard,Debit,YES,23082,1,782,1574,6,40787
22018254,0,2018-10-27 14:40:00,$47.50,Chip Transaction,Prichard,WV,5310,No Error,Amex,Credit,YES,1400,2,701,109785,3,36528
9546484,0,2011-05-17 11:51:00,$45.76,Swipe Transaction,Brighton,CO,5300,No Error,Amex,Credit,YES,20000,1,690,1807,6,60080
8047754,0,2010-05-24 14:58:00,$77.69,Swipe Transaction,Arcadia,CA,7802,No Error,Mastercard,Debit,NO,12157,2,681,127116,5,37422
15445018,0,2014-12-26 11:05:00,$100.43,Swipe Transaction,Claypool,IN,8011,No Error,Amex,Credit,YES,11000,1,841,11243,5,27939
14355665,0,2014-05-02 21:57:00,$50.16,Swipe Transaction,Rochester,MI,5300,No Error,Mastercard,Debit,YES,8052,2,690,0,6,22650
21846464,0,2018-09-21 08:22:00,$106.55,Swipe Transaction,Syracuse,NY,5912,No Error,Mastercard,Credit,YES,5500,2,681,95988,2,41379
14950834,0,2014-09-09 16:54:00,$10.85,Swipe Transaction,Farmington,MI,5411,No Error,Mastercard,Debit (Prepaid),YES,101,1,712,839,8,36764
10720784,0,2012-02-11 17:03:00,$81.12,Swipe Transaction,Lake Panasoffkee,FL,5814,No Error,Visa,Credit,YES,14800,1,751,20683,4,53464
18408907,0,2016-09-22 07:36:00,$1.63,Chip Transaction,Houston,TX,5411,No Error,Mastercard,Debit,YES,16109,2,773,70825,4,30495
13371283,0,2013-09-28 19:54:00,$46.31,Swipe Transaction,Acworth,GA,5499,No Error,Amex,Credit,YES,13300,1,746,126806,3,58846
21865719,0,2018-09-25 11:19:00,$2.28,Swipe Transaction,Charlevoix,MI,5411,No Error,Mastercard,Credit,NO,3800,1,718,17008,2,26613
15139296,0,2014-10-20 19:37:00,$38.27,Online Transaction,ONLINE,Unknown,4784,No Error,Visa,Credit,YES,8700,1,590,1639,2,16646
15034529,0,2014-09-28 07:36:00,$68.54,Swipe Transaction,Louisville,KY,5541,Technical Glitch,Mastercard,Credit,NO,13600,1,788,7226,4,51499
12731284,0,2013-05-11 07:43:00,$5.38,Swipe Transaction,Turlock,CA,5912,No Error,Mastercard,Debit (Prepaid),YES,67,2,635,57336,3,46487
9962354,0,2011-08-21 19:45:00,$151.01,Swipe Transaction,Metairie,LA,3390,No Error,Amex,Credit,YES,6800,2,730,44737,4,36319
23553262,1,2019-09-17 13:21:00,$62.72,Chip Transaction,Rome,Italy,5621,No Error,Visa,Debit,YES,7159,1,770,14743,3,20424
17487662,0,2016-03-09 10:41:00,$5.88,Chip Transaction,Grain Valley,MO,5812,No Error,Mastercard,Debit,YES,17206,2,727,0,3,49045
18734114,0,2016-11-30 12:26:00,$11.43,Chip Transaction,Bradenton,FL,5541,No Error,Mastercard,Debit,YES,10764,1,562,48465,4,35868
11016540,0,2012-04-20 08:38:00,$74.59,Swipe Transaction,Springwater,NY,5311,No Error,Mastercard,Debit,YES,17731,2,779,3628,8,54013
22659064,0,2019-03-12 11:23:00,$156.73,Online Transaction,ONLINE,Unknown,4899,No Error,Visa,Debit,NO,19171,2,744,82822,3,44344
7672963,0,2010-02-20 08:55:00,$68.92,Swipe Transaction,Orlando,FL,5300,No Error,Mastercard,Credit,YES,9200,3,636,93460,3,55571
11145357,0,2012-05-19 13:09:00,$75.38,Swipe Transaction,Parkers Prairie,MN,5411,Insufficient Balance,Visa,Debit,NO,20318,2,713,51924,4,31244
8168030,0,2010-06-23 06:47:00,$2.05,Swipe Transaction,Emeryville,CA,5812,No Error,Mastercard,Debit,YES,16597,1,749,63689,5,37607
23488619,1,2019-09-03 19:31:00,$109.99,Chip Transaction,Rome,Italy,5311,No Error,Mastercard,Credit,YES,10500,2,799,0,3,48810
23110306,0,2019-06-16 06:35:00,$-90.00,Chip Transaction,Alsip,IL,5499,Bad PIN,Mastercard,Debit,YES,1936,2,593,20874,5,33642
12384403,0,2013-02-23 07:21:00,$15.54,Swipe Transaction,Charleston,SC,5912,No Error,Mastercard,Debit,YES,4130,2,796,113529,5,84365
13496690,1,2013-10-26 12:01:00,$53.16,Online Transaction,ONLINE,Unknown,5311,No Error,Mastercard,Debit (Prepaid),YES,61,2,785,16040,5,21547
17231872,0,2016-01-13 15:42:00,$31.12,Online Transaction,ONLINE,Unknown,4121,No Error,Mastercard,Debit,YES,35175,1,730,3140,5,66999
21696712,0,2018-08-20 13:12:00,$40.55,Swipe Transaction,Boise,ID,7538,No Error,Mastercard,Credit,YES,9600,2,643,30595,4,38637
12932941,0,2013-06-24 14:29:00,$0.17,Swipe Transaction,Pompano Beach,FL,5499,No Error,Mastercard,Debit,YES,61324,1,692,112785,3,76305
12514791,0,2013-03-24 07:05:00,$20.32,Swipe Transaction,Chula Vista,CA,4121,No Error,Discover,Credit,YES,11200,1,675,105623,4,54963
12528830,0,2013-03-27 09:44:00,$5.03,Swipe Transaction,South Windsor,CT,5942,No Error,Mastercard,Debit (Prepaid),YES,66,2,633,29713,5,41902
13974895,1,2014-02-08 11:56:00,$90.94,Online Transaction,ONLINE,Unknown,5300,No Error,Mastercard,Debit,NO,27117,1,581,17440,3,48060
16511628,1,2015-08-12 15:48:00,$125.66,Chip Transaction,Dakota City,IA,5094,No Error,Discover,Credit,YES,15500,1,741,16827,6,18452
21694171,0,2018-08-19 20:54:00,$90.80,Chip Transaction,Midland,TX,5311,No Error,Mastercard,Debit,YES,14701,2,668,19404,4,30399
9796126,0,2011-07-14 10:58:00,$13.22,Swipe Transaction,Sarasota,FL,5812,No Error,Mastercard,Debit,YES,13013,1,663,94970,4,38872
16409032,0,2015-07-21 16:09:00,$57.40,Chip Transaction,Waianae,HI,3730,No Error,Mastercard,Debit,YES,9141,2,846,60506,2,34262
9082684,0,2011-01-28 11:31:00,$7.47,Swipe Transaction,Bloomfield,IN,7542,No Error,Mastercard,Debit (Prepaid),YES,40,2,685,58438,3,37115
12440626,0,2013-03-07 15:38:00,$24.31,Swipe Transaction,North Bend,NE,5300,No Error,Visa,Debit,YES,8845,2,692,43936,2,34460
15362299,0,2014-12-08 12:18:00,$56.66,Swipe Transaction,Sheffield Lake,OH,5541,Insufficient Balance,Visa,Debit,YES,9285,2,552,64661,3,30340
13747185,0,2013-12-20 15:48:00,$2.22,Swipe Transaction,Stuart,FL,5310,No Error,Mastercard,Debit,YES,15771,1,691,0,5,41420
18246718,0,2016-08-18 12:16:00,$129.79,Chip Transaction,Jenison,MI,3722,No Error,Mastercard,Debit,YES,7898,2,715,113194,3,45707
20051575,0,2017-09-05 17:58:00,$58.64,Online Transaction,ONLINE,Unknown,4784,No Error,Mastercard,Debit,YES,17229,1,686,0,3,50258
20882544,0,2018-03-01 01:24:00,$115.56,Chip Transaction,Kent,WA,7922,No Error,Visa,Credit,YES,16400,2,750,363,5,39110
14825475,0,2014-08-13 15:11:00,$100.00,Swipe Transaction,San Francisco,CA,5311,No Error,Mastercard,Debit,YES,34900,1,675,183855,1,109687
12803935,0,2013-05-27 07:58:00,$99.00,Swipe Transaction,Mount Holly,NC,5499,No Error,Amex,Credit,YES,8800,1,615,114746,2,45852
15344994,0,2014-12-04 18:01:00,$215.87,Swipe Transaction,Louisville,CO,5411,No Error,Mastercard,Credit,YES,10800,2,708,25355,3,61312
11369927,0,2012-07-09 08:20:00,$8.73,Swipe Transaction,Hillsboro,IL,5912,No Error,Mastercard,Debit (Prepaid),YES,74,2,839,80443,3,36080
21244960,0,2018-05-16 20:12:00,$35.73,Chip Transaction,Lubbock,TX,5912,No Error,Mastercard,Debit,YES,10348,2,681,54634,3,35565
8337611,0,2010-08-03 10:18:00,$57.00,Swipe Transaction,Berkeley Heights,NJ,5499,No Error,Mastercard,Debit,YES,25422,1,505,242379,1,109673
20996059,0,2018-03-25 05:57:00,$46.17,Online Transaction,ONLINE,Unknown,4784,No Error,Mastercard,Debit (Prepaid),NO,56,2,625,63194,3,44839
17132670,0,2015-12-23 12:57:00,$36.07,Chip Transaction,Lockport,IL,5942,No Error,Mastercard,Credit,YES,13200,1,760,69,7,38761
15442295,0,2014-12-25 19:13:00,$37.03,Swipe Transaction,Chino,CA,5814,No Error,Amex,Credit,YES,7900,2,645,24246,4,39263
17907713,0,2016-06-07 09:47:00,$33.52,Swipe Transaction,Dearborn,MI,5942,No Error,Mastercard,Debit,NO,34572,2,791,50003,4,69566
16176709,0,2015-06-02 08:24:00,$-86.00,Chip Transaction,Indianapolis,IN,5499,No Error,Visa,Credit,YES,18500,1,778,81402,8,67008
15603685,0,2015-01-29 15:33:00,$92.02,Chip Transaction,Fayetteville,NC,5411,No Error,Visa,Debit,YES,4660,2,666,73448,3,37468
22489661,0,2019-02-04 12:37:00,$82.49,Chip Transaction,Ridgefield,WA,7538,No Error,Mastercard,Debit,YES,24090,1,750,82696,4,55682
8602021,0,2010-10-05 21:23:00,$53.37,Online Transaction,ONLINE,Unknown,4784,No Error,Mastercard,Debit,YES,25422,1,505,242379,1,109673
10474986,0,2011-12-17 17:57:00,$60.19,Swipe Transaction,Bastrop,TX,5912,No Error,Mastercard,Debit,NO,19913,1,584,64715,1,41483
17892816,0,2016-06-04 08:24:00,$195.38,Online Transaction,ONLINE,Unknown,4900,No Error,Amex,Credit,YES,19900,1,713,68989,2,44766
12708424,0,2013-05-06 06:28:00,$1.60,Swipe Transaction,Auburn,AL,5411,No Error,Mastercard,Debit,YES,18627,2,550,64124,1,42379
15393496,0,2014-12-15 09:49:00,$1.88,Swipe Transaction,Saint Albans,NY,5499,No Error,Mastercard,Credit,YES,500,2,697,42168,2,43397
11608859,0,2012-09-01 08:42:00,$25.96,Swipe Transaction,Trion,GA,5499,No Error,Mastercard,Credit,YES,7500,2,792,47766,1,29594
7798988,0,2010-03-23 18:37:00,$16.63,Swipe Transaction,Cleveland,OH,5719,No Error,Amex,Credit,YES,9500,1,697,25986,3,40407
8426275,1,2010-08-24 14:19:00,$14.90,Online Transaction,ONLINE,Unknown,4214,No Error,Mastercard,Debit,YES,12762,2,614,56310,6,36583
10076431,0,2011-09-16 20:06:00,$2.88,Swipe Transaction,Bloomington,IN,5499,No Error,Visa,Debit,YES,12150,2,747,64875,4,38999
21653212,0,2018-08-11 10:02:00,$100.00,Chip Transaction,Southgate,MI,4829,No Error,Mastercard,Debit,YES,20913,2,784,80057,4,65403
22849608,0,2019-04-21 15:28:00,$-55.00,Chip Transaction,Olympia,WA,5499,No Error,Mastercard,Debit,YES,3934,2,583,66148,5,49023
16247045,0,2015-06-17 08:47:00,$179.55,Chip Transaction,Pascoag,RI,5300,No Error,Mastercard,Debit,YES,18573,1,705,123198,6,49464
17372707,0,2016-02-12 17:52:00,$52.09,Chip Transaction,Webster,TX,5812,No Error,Amex,Credit,YES,15600,2,710,120771,4,76288
8802402,1,2010-11-23 06:00:00,$-162.00,Online Transaction,ONLINE,Unknown,4722,No Error,Visa,Debit,YES,16094,1,733,0,7,24055
20343428,0,2017-11-06 16:34:00,$35.01,Chip Transaction,Weatherford,TX,5499,No Error,Mastercard,Credit,YES,9000,2,757,0,8,23371
18138165,0,2016-07-26 10:30:00,$101.84,Chip Transaction,Little Elm,TX,5942,No Error,Mastercard,Credit,YES,14900,2,593,108399,4,49677
12232781,0,2013-01-20 06:10:00,$2.14,Swipe Transaction,Seattle,WA,5499,No Error,Visa,Debit,YES,47372,2,646,192458,4,105515
9310847,0,2011-03-23 10:49:00,$17.48,Swipe Transaction,Germantown,MD,5411,No Error,Mastercard,Debit,NO,27974,1,605,24575,3,37789
22466418,0,2019-01-30 16:41:00,$35.58,Online Transaction,ONLINE,Unknown,4784,No Error,Mastercard,Debit,NO,18050,2,704,6955,2,104692
7741562,1,2010-03-09 11:12:00,$86.89,Online Transaction,ONLINE,Unknown,4121,No Error,Visa,Credit,YES,14900,2,743,27745,6,65362
10762282,0,2012-02-21 10:28:00,$1.72,Swipe Transaction,Apalachin,NY,5942,No Error,Visa,Debit,YES,10517,2,686,24637,5,35114
13816703,0,2014-01-04 18:25:00,$84.00,Swipe Transaction,Eight Mile,AL,5541,No Error,Mastercard,Credit,YES,8500,2,713,60527,4,31008
12864781,0,2013-06-09 14:58:00,$49.57,Online Transaction,ONLINE,Unknown,4784,No Error,Mastercard,Debit (Prepaid),YES,52,2,793,62695,3,40407
22837632,0,2019-04-19 09:08:00,$12.68,Chip Transaction,Philadelphia,PA,5411,No Error,Mastercard,Debit,YES,16640,1,711,60231,3,43828
15817539,0,2015-03-16 21:28:00,$52.67,Online Transaction,ONLINE,Unknown,4784,No Error,Visa,Credit,YES,7700,1,651,84935,3,34302
17306422,0,2016-01-29 14:27:00,$433.05,Swipe Transaction,Atlantic City,NJ,7995,No Error,Discover,Credit,YES,21000,2,632,117380,1,80526
17183037,0,2016-01-03 08:58:00,$2.55,Chip Transaction,Elizabeth,NJ,5541,No Error,Visa,Credit,YES,5700,2,779,71066,3,30942
23085764,0,2019-06-10 18:03:00,$27.98,Chip Transaction,Oceanside,NY,5499,No Error,Mastercard,Debit,YES,50521,2,698,144703,7,66885
22957296,0,2019-05-14 14:14:00,$53.76,Online Transaction,ONLINE,Unknown,4784,No Error,Amex,Credit,YES,9900,2,793,62695,3,40407
23529796,1,2019-09-12 14:15:00,$7.27,Chip Transaction,Rome,Italy,5411,No Error,Visa,Credit,YES,4400,1,765,121987,4,54537
20008286,0,2017-08-27 14:24:00,$106.79,Chip Transaction,Tulsa,OK,5411,No Error,Amex,Credit,YES,26900,1,707,0,5,94733
20487773,0,2017-12-07 08:28:00,$89.00,Chip Transaction,Clinton,TN,5499,No Error,Visa,Debit,YES,17383,1,681,127116,5,37422
18156673,0,2016-07-30 10:15:00,$1.91,Chip Transaction,San Francisco,CA,5499,No Error,Mastercard,Debit,YES,17848,1,760,151030,4,47227
10987019,1,2012-04-13 12:12:00,$83.15,Swipe Transaction,Knoxville,TN,5300,No Error,Mastercard,Credit,YES,10600,2,681,127116,5,37422
17553639,0,2016-03-23 13:25:00,$8.40,Chip Transaction,Athens,OH,4214,No Error,Visa,Debit,YES,17231,1,590,65822,2,33311
10559246,0,2012-01-06 01:02:00,$2.61,Swipe Transaction,Wethersfield,CT,5814,No Error,Mastercard,Debit,YES,16203,1,784,1692,6,22726
19127392,0,2017-02-22 09:13:00,$72.00,Chip Transaction,Scituate,MA,5499,No Error,Mastercard,Debit,YES,35968,2,695,64583,3,82019
12550390,0,2013-03-31 22:37:00,$46.31,Swipe Transaction,Belleville,IL,5812,No Error,Discover,Credit,YES,15000,2,721,30510,3,23011
10299590,0,2011-11-07 12:55:00,$19.55,Swipe Transaction,Sherman Oaks,CA,5411,No Error,Visa,Credit,YES,29800,1,684,106266,4,105963
21905679,1,2018-10-03 18:15:00,$55.77,Chip Transaction,Rome,Italy,5311,No Error,Mastercard,Credit,YES,7600,1,669,98713,3,33465
11374497,0,2012-07-10 08:52:00,$94.04,Swipe Transaction,Spencerport,NY,5912,No Error,Mastercard,Debit,YES,30547,1,779,3628,8,54013
10098405,0,2011-09-22 06:43:00,$2.82,Swipe Transaction,Waco,TX,5411,No Error,Mastercard,Debit,YES,13612,1,731,22976,3,23469
22206916,0,2018-12-06 15:22:00,$33.58,Swipe Transaction,Fort Worth,TX,7538,No Error,Mastercard,Credit,NO,8900,2,738,26672,2,18149
18113629,0,2016-07-21 06:06:00,$278.65,Chip Transaction,Las Vegas,NV,3775,No Error,Visa,Credit,YES,14900,2,743,27745,6,65362
8387012,1,2010-08-15 09:31:00,$56.37,Online Transaction,ONLINE,Unknown,5311,No Error,Mastercard,Debit,YES,9796,2,634,68220,2,38059
19483542,0,2017-05-08 20:43:00,$60.00,Swipe Transaction,New Oxford,PA,4829,No Error,Mastercard,Debit,NO,11194,1,724,91995,5,35489
12955823,0,2013-06-29 14:57:00,$7.96,Swipe Transaction,Springfield,OH,5921,No Error,Visa,Debit,YES,1462,2,726,30686,4,29243
9251999,0,2011-03-09 11:49:00,$278.45,Swipe Transaction,Bethpage,NY,5045,No Error,Mastercard,Debit,NO,22553,2,766,5700,8,110570
21218385,0,2018-05-11 08:07:00,$17.33,Chip Transaction,North Aurora,IL,5812,No Error,Visa,Debit,YES,42176,1,712,156949,5,92375
14320989,0,2014-04-25 10:56:00,$12.43,Swipe Transaction,Rochester,MN,5812,No Error,Visa,Debit,YES,21883,2,748,58381,4,53986
21689192,0,2018-08-18 20:14:00,$0.69,Swipe Transaction,Milford,DE,5499,No Error,Mastercard,Debit (Prepaid),YES,79,1,796,69614,3,37965
8623739,0,2010-10-11 07:55:00,$0.42,Swipe Transaction,Pleasantville,NJ,5499,No Error,Mastercard,Debit,YES,9059,1,749,42507,4,30910
11169907,0,2012-05-25 07:08:00,$58.11,Swipe Transaction,Forest Lake,MN,5311,No Error,Visa,Credit,YES,3800,1,601,74337,4,38615
23537309,0,2019-09-14 07:52:00,$178.54,Chip Transaction,Atlanta,GA,4111,No Error,Visa,Credit,YES,10300,1,773,51520,3,49335
17515501,1,2016-03-15 10:16:00,$99.95,Online Transaction,ONLINE,Unknown,7801,No Error,Visa,Debit,YES,2566,1,597,106161,2,51330
23594020,0,2019-09-26 09:25:00,$68.94,Chip Transaction,Joshua Tree,CA,4111,No Error,Discover,Credit,YES,5200,2,769,21869,6,26511
20016304,0,2017-08-29 10:20:00,$15.00,Chip Transaction,Prairie Village,KS,5942,No Error,Mastercard,Debit,YES,22409,2,703,152645,6,55351
16251245,0,2015-06-18 06:55:00,$1.27,Chip Transaction,Tulsa,OK,5411,No Error,Mastercard,Debit,YES,9431,1,712,1386,2,23718
13937330,0,2014-01-31 09:23:00,$108.79,Swipe Transaction,Chattanooga,TN,7538,No Error,Mastercard,Credit,YES,7200,1,625,70603,2,48337
17566745,0,2016-03-26 12:32:00,$80.00,Chip Transaction,Beaverton,OR,4829,No Error,Mastercard,Credit,YES,13200,1,706,103229,5,44249
23198840,0,2019-07-04 17:43:00,$14.63,Chip Transaction,Winder,GA,5813,No Error,Visa,Credit,YES,8700,2,753,75730,4,37056
11191530,0,2012-05-30 06:40:00,$95.00,Swipe Transaction,Oceanside,CA,5541,No Error,Mastercard,Debit,YES,14802,1,686,36540,3,34449
7861126,1,2010-04-08 10:28:00,$114.81,Online Transaction,ONLINE,Unknown,5310,No Error,Mastercard,Debit,YES,4729,1,638,23406,5,23082
18778626,0,2016-12-10 04:59:00,$167.66,Online Transaction,ONLINE,Unknown,4814,No Error,Visa,Credit,YES,12100,2,737,141151,4,58463
16967206,0,2015-11-18 10:37:00,$34.24,Online Transaction,ONLINE,Unknown,5661,No Error,Mastercard,Debit,NO,10538,2,747,1758,5,16342
23500988,0,2019-09-06 12:23:00,$42.63,Online Transaction,ONLINE,Unknown,4784,No Error,Mastercard,Debit,YES,14471,1,768,3112,3,36857
23499326,0,2019-09-06 07:32:00,$95.20,Chip Transaction,Lexington,KY,5300,No Error,Mastercard,Debit,YES,11919,1,724,58373,5,32128
19573220,0,2017-05-27 16:16:00,$17.87,Chip Transaction,Pearland,TX,4121,No Error,Mastercard,Debit,YES,43033,2,683,166395,1,73920
13699121,1,2013-12-10 03:06:00,$-158.00,Online Transaction,ONLINE,Unknown,3390,No Error,Visa,Credit,YES,11100,1,820,56622,4,34895
15126038,0,2014-10-18 05:18:00,$21.03,Swipe Transaction,Ridgefield,WA,5310,No Error,Visa,Credit,YES,11300,2,750,82696,4,55682
21996964,0,2018-10-23 08:57:00,$149.98,Chip Transaction,Greenville,OH,4900,No Error,Visa,Debit,YES,16017,1,679,83353,2,33339
22507800,0,2019-02-08 11:50:00,$14.53,Chip Transaction,San Jose,CA,4121,No Error,Mastercard,Debit (Prepaid),YES,70,1,737,37514,7,52929
18140840,0,2016-07-26 20:04:00,$32.73,Online Transaction,ONLINE,Unknown,4121,No Error,Amex,Credit,NO,2900,1,733,12777,5,44469
22966140,1,2019-05-16 13:22:00,$315.41,Chip Transaction,Rome,Italy,3509,No Error,Visa,Credit,YES,20700,1,821,370,7,33869
19846760,0,2017-07-24 12:29:00,$18.42,Chip Transaction,Chatham,NJ,5311,No Error,Amex,Credit,YES,5400,2,698,102611,2,76274
13887589,0,2014-01-20 10:04:00,$2.06,Swipe Transaction,Norfolk,NY,5812,No Error,Mastercard,Debit,YES,16320,1,686,24637,5,35114
12869248,0,2013-06-10 14:09:00,$80.00,Swipe Transaction,Leander,TX,4829,No Error,Mastercard,Debit,YES,12692,2,670,20031,3,22104
13811645,0,2014-01-03 16:49:00,$147.44,Swipe Transaction,Torrance,CA,8099,No Error,Visa,Credit,YES,22400,1,704,0,7,68010
10370944,0,2011-11-23 19:28:00,$10.28,Swipe Transaction,Albuquerque,NM,5912,No Error,Mastercard,Debit,NO,12708,2,707,0,3,31369
14216422,0,2014-04-02 10:08:00,$-51.00,Swipe Transaction,Seattle,WA,5499,No Error,Mastercard,Debit,YES,25422,1,505,242379,1,109673
23279557,0,2019-07-21 15:31:00,$27.05,Chip Transaction,Machesney Park,IL,5411,No Error,Visa,Credit,YES,13900,1,767,109623,3,50139
14704913,0,2014-07-18 11:59:00,$18.37,Swipe Transaction,Billings,MT,5411,No Error,Mastercard,Debit,YES,16187,1,695,42268,2,41249
22983232,0,2019-05-20 07:25:00,$1.60,Swipe Transaction,Westlake,OH,5499,No Error,Mastercard,Debit (Prepaid),NO,65,1,792,204251,3,74644
10172290,0,2011-10-09 09:41:00,$11.35,Swipe Transaction,Glade Valley,NC,5411,No Error,Visa,Credit,YES,9600,1,789,31064,1,23307
13419655,0,2013-10-09 15:26:00,$91.42,Swipe Transaction,Seabrook,TX,5411,No Error,Visa,Credit,YES,6200,2,710,120771,4,76288
20919809,0,2018-03-08 20:19:00,$34.24,Chip Transaction,Raceland,LA,5499,No Error,Mastercard,Credit,YES,5500,1,786,45409,4,39221
13744696,0,2013-12-20 08:01:00,$61.15,Swipe Transaction,North Little Rock,AR,5311,No Error,Mastercard,Debit,NO,33557,1,574,76898,2,50978
13384159,0,2013-10-01 16:56:00,$54.20,Swipe Transaction,Richardson,TX,7538,No Error,Mastercard,Debit,NO,3099,2,755,1433,5,32669
20815903,0,2018-02-14 18:06:00,$57.05,Chip Transaction,Whittier,CA,5411,No Error,Mastercard,Debit,YES,17612,1,702,0,2,51465
7731831,0,2010-03-07 02:13:00,$44.41,Swipe Transaction,Danville,IL,5311,No Error,Amex,Credit,YES,7700,2,590,1639,2,16646
13310758,0,2013-09-15 12:48:00,$23.24,Swipe Transaction,Somerville,AL,5411,No Error,Discover,Credit,YES,16800,2,745,81500,3,37785
13910258,1,2014-01-25 10:27:00,$199.75,Online Transaction,ONLINE,Unknown,5814,No Error,Mastercard,Debit (Prepaid),YES,92,2,674,2081,2,28134
18227126,0,2016-08-14 11:10:00,$36.80,Chip Transaction,Commerce City,CO,5310,No Error,Visa,Debit,YES,20225,1,761,46226,4,41839
14331223,0,2014-04-27 13:06:00,$77.83,Swipe Transaction,Saint Joseph,MN,5541,No Error,Amex,Credit,YES,8200,1,713,51924,4,31244
23330959,0,2019-08-01 14:15:00,$63.50,Chip Transaction,Waupaca,WI,4900,No Error,Mastercard,Debit,YES,1930,2,601,74337,4,38615
18558597,0,2016-10-24 08:03:00,$51.44,Chip Transaction,Trenton,NJ,5300,No Error,Visa,Credit,YES,13500,1,719,79980,3,46377
16383953,0,2015-07-16 12:01:00,$9.30,Chip Transaction,Bradenton,FL,5499,No Error,Mastercard,Debit,YES,10764,1,562,48465,4,35868
14896873,0,2014-08-29 07:48:00,$28.50,Online Transaction,ONLINE,Unknown,4121,No Error,Mastercard,Debit,YES,32704,1,750,121251,1,75711
15846678,0,2015-03-23 08:30:00,$41.09,Chip Transaction,Syracuse,NY,5211,No Error,Visa,Debit,YES,26222,1,681,95988,2,41379
20815518,0,2018-02-14 16:16:00,$28.40,Chip Transaction,Beacon Falls,CT,5912,No Error,Mastercard,Debit,YES,28390,2,768,113308,6,58749
20266780,0,2017-10-21 11:12:00,$22.45,Swipe Transaction,Ridgefield,CT,5812,No Error,Visa,Debit,NO,17145,2,760,70317,5,62669
13268967,0,2013-09-06 10:39:00,$9.41,Swipe Transaction,Granite Falls,NC,5541,Insufficient Balance,Visa,Credit,YES,9600,1,789,31064,1,23307
12572863,0,2013-04-06 03:17:00,$39.24,Swipe Transaction,Fontana,CA,5300,No Error,Mastercard,Debit,NO,12100,2,832,76538,3,31632
9915004,0,2011-08-10 21:48:00,$-78.00,Swipe Transaction,Moreno Valley,CA,5499,No Error,Mastercard,Credit,YES,8500,1,850,51667,4,30747
9669288,0,2011-06-15 06:05:00,$3.62,Swipe Transaction,Seguin,TX,5812,No Error,Mastercard,Debit (Prepaid),YES,48,2,723,60397,5,35560
17053956,0,2015-12-06 21:01:00,$33.73,Chip Transaction,Seattle,WA,5813,No Error,Visa,Debit,YES,38648,1,716,115362,5,76431
9895545,0,2011-08-06 12:35:00,$28.99,Swipe Transaction,Dallas,TX,5310,No Error,Visa,Debit,YES,18934,1,710,0,5,22873
7908678,0,2010-04-20 09:23:00,$49.39,Online Transaction,ONLINE,Unknown,4784,No Error,Mastercard,Debit (Prepaid),YES,59,1,734,17286,4,31772
7876206,0,2010-04-12 07:55:00,$167.71,Swipe Transaction,Elk Grove,CA,5300,No Error,Mastercard,Credit,YES,14000,2,680,144534,4,52904
17522625,0,2016-03-16 17:54:00,$8.07,Chip Transaction,Bellbrook,OH,5411,No Error,Visa,Debit,YES,7721,1,679,29300,1,59251
13358028,0,2013-09-26 05:40:00,$133.05,Online Transaction,ONLINE,Unknown,4814,No Error,Visa,Debit,YES,21087,1,635,64994,1,46108
21544974,0,2018-07-19 12:06:00,$66.49,Online Transaction,ONLINE,Unknown,6300,No Error,Visa,Debit,NO,10702,2,729,63938,3,31553
11820741,0,2012-10-19 04:37:00,$0.69,Swipe Transaction,Los Angeles,CA,5499,No Error,Mastercard,Credit,YES,2900,1,683,62461,4,22583
15870638,0,2015-03-28 11:29:00,$3.98,Chip Transaction,Annandale,VA,5812,No Error,Discover,Credit,YES,24400,2,741,95799,5,62432
8383010,0,2010-08-14 10:18:00,$39.30,Online Transaction,ONLINE,Unknown,4784,No Error,Mastercard,Debit,YES,2559,2,631,67164,4,51196
20216978,0,2017-10-10 18:54:00,$11.64,Swipe Transaction,Albuquerque,NM,5912,No Error,Mastercard,Debit,NO,12708,2,707,0,3,31369
8045611,0,2010-05-24 07:30:00,$-86.00,Swipe Transaction,Garland,TX,5541,No Error,Amex,Credit,YES,20400,2,629,96779,3,55172
8157852,0,2010-06-20 15:05:00,$17.63,Online Transaction,ONLINE,Unknown,4121,No Error,Visa,Credit,YES,22400,1,704,0,7,68010
18494432,0,2016-10-10 12:23:00,$16.08,Chip Transaction,Louisville,IL,5812,No Error,Mastercard,Credit,YES,10600,1,753,0,4,32576
22672885,0,2019-03-15 11:10:00,$154.59,Online Transaction,ONLINE,Unknown,4814,No Error,Mastercard,Debit,YES,19038,2,743,69620,2,46361
7539970,0,2010-01-17 14:07:00,$28.17,Swipe Transaction,Big Bear Lake,CA,5813,Insufficient Balance,Mastercard,Debit (Prepaid),YES,49,2,832,76538,3,31632
12863882,0,2013-06-09 12:20:00,$42.00,Swipe Transaction,Gilford,NH,5311,No Error,Mastercard,Credit,YES,14300,1,689,116394,2,56486
8658428,0,2010-10-19 12:35:00,$-63.00,Swipe Transaction,Katonah,NY,5541,No Error,Mastercard,Debit,YES,38048,1,542,5642,3,162709
23729497,0,2019-10-25 06:40:00,$2.22,Chip Transaction,Celina,OH,5814,No Error,Mastercard,Debit,YES,11399,1,768,3112,3,36857
23621806,0,2019-10-02 08:10:00,$40.73,Swipe Transaction,Lima,OH,5300,No Error,Mastercard,Debit (Prepaid),NO,56,2,625,63194,3,44839
7560607,0,2010-01-22 20:30:00,$109.40,Swipe Transaction,San Francisco,CA,7995,No Error,Mastercard,Credit,YES,13500,2,686,78610,6,46341
10213025,0,2011-10-18 13:34:00,$76.00,Swipe Transaction,Dyer,IN,5499,No Error,Mastercard,Debit (Prepaid),YES,91,1,773,0,3,57185
11265269,0,2012-06-15 14:28:00,$100.00,Swipe Transaction,Tucson,AZ,4829,No Error,Mastercard,Debit,YES,11858,1,661,55369,5,35602
23411700,0,2019-08-18 13:16:00,$180.00,Chip Transaction,Memphis,TN,4829,No Error,Visa,Credit,YES,25400,2,739,100163,2,56018
8511637,0,2010-09-14 08:31:00,$11.15,Swipe Transaction,Saint Paul,MN,5812,No Error,Visa,Credit,YES,23100,2,729,128174,3,67226
17941857,1,2016-06-14 13:00:00,$260.07,Online Transaction,ONLINE,Unknown,5816,No Error,Mastercard,Debit,YES,23154,2,687,37427,4,74550
22300160,0,2018-12-26 11:21:00,$69.00,Chip Transaction,Jackson,GA,5499,No Error,Visa,Credit,YES,4300,2,773,67263,1,35775
16731092,0,2015-09-28 16:33:00,$31.49,Online Transaction,ONLINE,Unknown,4784,No Error,Visa,Credit,YES,11000,1,686,2985,4,30349
7934187,0,2010-04-26 14:06:00,$120.00,Swipe Transaction,Leander,TX,4829,No Error,Visa,Debit,YES,4507,1,670,20031,3,22104
20730087,0,2018-01-27 11:51:00,$15.86,Chip Transaction,Snohomish,WA,5411,No Error,Mastercard,Debit (Prepaid),YES,64,1,737,111755,2,57166
13655635,0,2013-11-30 13:18:00,$60.00,Swipe Transaction,Littleton,MA,4829,No Error,Mastercard,Debit,YES,19728,2,850,58544,5,43560
8526645,0,2010-09-17 17:00:00,$96.39,Swipe Transaction,Crawford,GA,5814,No Error,Visa,Debit,YES,45377,2,770,210445,1,100880
22174874,0,2018-11-29 19:49:00,$43.66,Online Transaction,ONLINE,Unknown,4784,No Error,Visa,Debit,YES,20560,1,726,29627,7,61901
20975161,0,2018-03-20 17:03:00,$-80.00,Chip Transaction,Greenville,SC,5541,No Error,Visa,Debit,YES,21022,2,694,142314,3,49577
21215963,0,2018-05-10 15:19:00,$-88.00,Chip Transaction,Chicago,IL,5541,No Error,Amex,Credit,YES,11300,2,676,28929,2,36335
15245951,0,2014-11-13 10:46:00,$36.69,Swipe Transaction,Bedford,OH,5310,No Error,Mastercard,Debit (Prepaid),NO,65,1,792,204251,3,74644
8350734,0,2010-08-06 11:48:00,$30.33,Swipe Transaction,Houston,TX,7538,No Error,Mastercard,Debit,YES,16109,2,773,70825,4,30495
13515629,0,2013-10-30 16:03:00,$3.07,Swipe Transaction,Syracuse,NY,5411,No Error,Visa,Debit,YES,26222,1,681,95988,2,41379
12349392,0,2013-02-15 10:04:00,$-84.00,Swipe Transaction,Albuquerque,NM,5541,No Error,Mastercard,Debit,NO,12708,2,707,0,3,31369
12487181,0,2013-03-17 21:14:00,$9.36,Swipe Transaction,Keller,TX,5541,No Error,Visa,Credit,YES,0,2,750,5,2,3
20548760,0,2017-12-20 07:24:00,$2.15,Swipe Transaction,Plano,TX,5411,No Error,Visa,Debit,YES,19054,2,747,53595,4,32086
9321281,0,2011-03-25 16:23:00,$53.42,Swipe Transaction,Lebanon,PA,5300,No Error,Mastercard,Debit,YES,24656,2,709,3781,8,51110
17287459,1,2016-01-25 14:18:00,$6.54,Online Transaction,ONLINE,Unknown,3009,No Error,Mastercard,Debit,YES,18171,2,696,65106,3,46763
16244487,1,2015-06-16 15:43:00,$113.47,Online Transaction,ONLINE,Unknown,4829,No Error,Visa,Debit,YES,17108,1,689,18859,5,31177
22292917,0,2018-12-24 22:47:00,$160.00,Chip Transaction,Acworth,GA,4829,No Error,Amex,Credit,YES,13300,1,746,126806,3,58846
10251270,0,2011-10-27 09:46:00,$4.20,Swipe Transaction,Franklin,TX,5411,No Error,Visa,Debit,YES,17235,2,638,23406,5,23082
10416726,0,2011-12-04 13:24:00,$0.93,Swipe Transaction,Sandusky,OH,5499,No Error,Visa,Debit,YES,15485,2,654,46298,4,37645
18302995,0,2016-08-30 13:18:00,$-65.00,Chip Transaction,Houston,TX,5499,No Error,Mastercard,Debit,YES,53466,2,660,241571,1,193773
17294179,0,2016-01-26 23:29:00,$159.94,Swipe Transaction,Rochester,MN,8021,No Error,Mastercard,Debit,YES,10369,1,801,15691,6,40696
17009773,1,2015-11-27 13:48:00,$157.79,Online Transaction,ONLINE,Unknown,5300,No Error,Visa,Debit,YES,10676,2,725,907,4,34441
22312038,0,2018-12-28 18:50:00,$60.00,Chip Transaction,Fresno,CA,4829,No Error,Visa,Credit,YES,10600,2,622,42945,3,33934
23228626,0,2019-07-11 06:31:00,$38.25,Online Transaction,ONLINE,Unknown,4784,No Error,Mastercard,Debit,YES,16279,1,743,15336,5,30962
21271556,0,2018-05-22 14:55:00,$92.93,Online Transaction,ONLINE,Unknown,5311,No Error,Mastercard,Credit,NO,3800,1,807,65917,3,42883
12933002,0,2013-06-24 14:41:00,$1.56,Swipe Transaction,Bessemer,AL,5813,No Error,Mastercard,Debit,YES,20816,1,689,54899,4,40473
10561078,0,2012-01-06 11:33:00,$127.37,Online Transaction,ONLINE,Unknown,5311,No Error,Visa,Credit,YES,5000,2,706,21424,3,19581
20985005,1,2018-03-22 17:04:00,$0.08,Chip Transaction,Rome,Italy,5411,No Error,Mastercard,Credit,YES,5000,1,811,19085,4,24009
15756857,0,2015-03-03 18:20:00,$11.58,Chip Transaction,Gilbert,AZ,5812,No Error,Mastercard,Debit,YES,15416,2,719,113416,4,62304
7905180,0,2010-04-19 11:23:00,$19.12,Online Transaction,ONLINE,Unknown,4121,No Error,Mastercard,Debit,YES,25093,1,655,62509,1,49967
17095191,0,2015-12-15 14:06:00,$80.00,Chip Transaction,Westfield,IN,5541,No Error,Mastercard,Debit,YES,7589,1,748,15899,3,41513
16231416,0,2015-06-13 22:48:00,$53.68,Chip Transaction,Alvin,TX,5812,No Error,Mastercard,Debit,YES,13016,2,728,59862,3,44768
20749739,0,2018-01-31 15:18:00,$14.98,Chip Transaction,Tucson,AZ,5921,No Error,Mastercard,Debit,YES,11858,1,661,55369,5,35602
15984683,0,2015-04-21 20:47:00,$87.43,Chip Transaction,Magnolia,AR,5411,No Error,Mastercard,Debit,YES,14592,2,684,81825,5,44585
11016512,0,2012-04-20 08:31:00,$51.87,Online Transaction,ONLINE,Unknown,4784,No Error,Mastercard,Debit (Prepaid),YES,59,1,734,17286,4,31772
16455239,1,2015-07-31 15:56:00,$0.35,Online Transaction,ONLINE,Unknown,5311,No Error,Visa,Credit,YES,16400,2,739,110543,4,49611
22588209,0,2019-02-25 10:50:00,$140.01,Swipe Transaction,Gregory,TX,5300,No Error,Mastercard,Debit,NO,19554,1,745,54351,2,32126
10794135,1,2012-02-28 13:48:00,$38.79,Online Transaction,ONLINE,Unknown,5815,No Error,Mastercard,Debit,YES,1368,1,612,54474,1,27372
13795644,0,2013-12-31 09:04:00,$1.74,Swipe Transaction,Harvey,LA,5411,No Error,Mastercard,Debit (Prepaid),YES,77,1,728,0,4,38994
18447655,0,2016-09-30 12:19:00,$28.34,Chip Transaction,Inglewood,CA,5813,No Error,Mastercard,Debit,YES,6090,2,669,13411,1,28245
18908403,0,2017-01-06 14:47:00,$44.76,Chip Transaction,Hendersonville,TN,5912,No Error,Visa,Credit,YES,12700,1,688,106248,3,51303
18261277,0,2016-08-21 15:19:00,$78.38,Online Transaction,ONLINE,Unknown,4784,No Error,Mastercard,Debit,NO,14664,2,723,71859,5,39404
18892182,0,2017-01-03 09:42:00,$96.20,Chip Transaction,Orlando,FL,5912,No Error,Mastercard,Credit,YES,12400,2,767,127951,3,40000
22474706,0,2019-02-01 11:44:00,$105.50,Chip Transaction,Boulder,CO,7538,No Error,Visa,Debit,YES,27623,2,734,0,3,67589
7884909,0,2010-04-14 09:27:00,$105.55,Swipe Transaction,Sunnyvale,CA,5499,No Error,Mastercard,Credit,YES,19500,2,786,122254,6,92785
19580080,0,2017-05-29 10:03:00,$16.60,Chip Transaction,Stuart,FL,5411,No Error,Mastercard,Credit,YES,17400,1,610,2027,5,80493
7959765,1,2010-05-03 05:26:00,$-471.00,Online Transaction,ONLINE,Unknown,3596,No Error,Visa,Debit,YES,4817,2,637,58481,2,31373
19658168,0,2017-06-14 16:24:00,$29.67,Swipe Transaction,Oceanside,NY,4121,No Error,Mastercard,Debit,NO,45141,1,698,144703,7,66885
14595461,0,2014-06-24 11:26:00,$-78.00,Swipe Transaction,Orlando,FL,5541,No Error,Mastercard,Debit,YES,39870,2,692,193215,4,62791
8319962,1,2010-07-30 03:57:00,$216.09,Online Transaction,ONLINE,Unknown,3509,No Error,Visa,Debit,YES,8420,1,701,113137,3,48686
21261515,0,2018-05-20 10:41:00,$160.00,Chip Transaction,Kissimmee,FL,4829,No Error,Discover,Credit,YES,4000,2,850,80794,5,32928
9922885,0,2011-08-12 15:48:00,$100.00,Swipe Transaction,Buffalo,NY,4829,No Error,Visa,Credit,YES,14400,1,718,47793,4,39627
20263958,0,2017-10-20 18:26:00,$64.72,Chip Transaction,Annandale,VA,5814,No Error,Mastercard,Debit,YES,20933,2,524,18684,2,65298
20321541,0,2017-11-02 06:22:00,$38.56,Chip Transaction,Bloomfield,NJ,5942,No Error,Visa,Credit,YES,16900,1,726,1585,5,74753
7666524,0,2010-02-18 12:51:00,$14.57,Online Transaction,ONLINE,Unknown,5815,No Error,Visa,Debit,YES,57294,1,737,180865,5,109440
9303139,0,2011-03-21 13:55:00,$64.09,Swipe Transaction,Perris,CA,7538,No Error,Mastercard,Debit,YES,10644,1,785,3230,3,32847
17968620,0,2016-06-20 08:27:00,$3.64,Chip Transaction,Mckeesport,PA,5411,No Error,Visa,Credit,YES,9000,2,714,19719,5,29898
13192522,0,2013-08-20 14:40:00,$1.29,Swipe Transaction,Belfair,WA,5499,No Error,Mastercard,Debit,YES,16959,2,751,13730,4,44807
17032806,0,2015-12-02 10:06:00,$95.28,Chip Transaction,Mesa,AZ,5411,No Error,Amex,Credit,YES,12000,2,610,61826,3,34317
17420806,0,2016-02-23 04:39:00,$49.64,Chip Transaction,Leesburg,FL,5719,No Error,Mastercard,Debit,YES,9226,1,850,80794,5,32928
17642514,1,2016-04-11 14:49:00,$189.68,Online Transaction,ONLINE,Unknown,3509,No Error,Visa,Credit,YES,9700,2,714,87605,4,70673
22102164,0,2018-11-14 13:07:00,$13.94,Chip Transaction,Republic,OH,5541,No Error,Mastercard,Debit,YES,14850,2,654,46298,4,37645
20985380,1,2018-03-22 19:19:00,$459.27,Chip Transaction,Rome,Italy,5211,No Error,Mastercard,Credit,YES,14100,2,682,43630,3,39898
13620903,0,2013-11-22 21:17:00,$84.11,Swipe Transaction,Texas City,TX,5311,No Error,Visa,Credit,YES,6200,2,710,120771,4,76288
13739972,0,2013-12-19 07:45:00,$21.95,Online Transaction,ONLINE,Unknown,4784,No Error,Mastercard,Debit,YES,4317,2,788,93126,5,46683
13070922,0,2013-07-24 19:58:00,$12.90,Swipe Transaction,Miami,FL,5814,No Error,Mastercard,Debit,YES,13461,2,744,111115,1,35519
8583221,0,2010-10-01 11:02:00,$79.31,Swipe Transaction,Abbeville,LA,7538,No Error,Mastercard,Debit,YES,9496,2,810,81262,1,38190
11615198,0,2012-09-02 16:18:00,$110.15,Swipe Transaction,El Paso,TX,5541,No Error,Visa,Debit,NO,2508,1,681,101323,4,50177
22498022,0,2019-02-06 11:55:00,$82.69,Swipe Transaction,Houston,TX,5541,No Error,Visa,Debit (Prepaid),NO,85,2,747,140526,5,63355
17044497,0,2015-12-04 22:36:00,$45.05,Chip Transaction,Schaumburg,IL,5300,No Error,Mastercard,Debit,YES,26277,1,796,166903,4,54122
8753993,1,2010-11-11 11:11:00,$54.70,Online Transaction,ONLINE,Unknown,5816,No Error,Amex,Credit,YES,12100,1,701,87775,3,47334
15775291,0,2015-03-07 19:26:00,$44.75,Chip Transaction,Pana,IL,5814,No Error,Mastercard,Debit (Prepaid),YES,73,1,771,12347,6,31957
8792039,0,2010-11-20 14:08:00,$20.60,Swipe Transaction,Santa Barbara,CA,5921,No Error,Mastercard,Debit,YES,32557,2,575,30887,3,35404
17512852,0,2016-03-14 16:56:00,$521.53,Chip Transaction,Philadelphia,PA,3132,No Error,Amex,Credit,YES,13000,1,547,74022,4,36715
15358406,0,2014-12-07 15:09:00,$12.70,Swipe Transaction,Garland,TX,5300,No Error,Visa,Debit,YES,19436,2,717,63386,3,37536
15702441,0,2015-02-20 07:24:00,$38.68,Chip Transaction,Brooklyn,NY,5912,No Error,Amex,Credit,YES,6800,1,689,42745,4,30288
11516350,0,2012-08-11 08:47:00,$3.76,Swipe Transaction,Seattle,WA,5942,No Error,Amex,Credit,YES,19300,1,716,115362,5,76431
13157853,0,2013-08-12 21:29:00,$6.05,Swipe Transaction,Philadelphia,PA,5541,No Error,Mastercard,Debit,YES,12852,2,761,69070,6,54587
22380252,0,2019-01-12 10:59:00,$3.35,Chip Transaction,Holland,IN,5541,No Error,Visa,Debit,YES,15981,1,684,36933,2,38527
17895672,0,2016-06-04 18:59:00,$10.85,Chip Transaction,Jacksonville,FL,5912,No Error,Mastercard,Credit,YES,12400,2,767,127951,3,40000
10491581,0,2011-12-21 13:47:00,$2.75,Swipe Transaction,Longview,TX,5541,No Error,Mastercard,Debit,YES,2093,2,676,60911,4,41865
10000589,0,2011-08-30 13:44:00,$97.00,Swipe Transaction,Belleville,IL,5541,No Error,Visa,Debit,YES,24617,2,721,30510,3,23011
14356831,0,2014-05-03 08:21:00,$2.39,Swipe Transaction,Philadelphia,PA,5812,No Error,Mastercard,Debit,YES,16640,1,711,60231,3,43828
22379766,0,2019-01-12 09:31:00,$34.05,Chip Transaction,Santa Barbara,CA,5912,No Error,Mastercard,Debit,YES,37318,1,687,1785,7,48580
21883567,0,2018-09-29 06:36:00,$4.29,Swipe Transaction,Ann Arbor,MI,9402,No Error,Mastercard,Debit,NO,34572,2,791,50003,4,69566
22594723,0,2019-02-26 17:59:00,$39.61,Chip Transaction,Lincoln,NE,7832,No Error,Visa,Credit,YES,8800,1,684,33657,4,36753
17488381,0,2016-03-09 12:47:00,$11.07,Chip Transaction,Jasper,IN,5812,No Error,Mastercard,Debit,YES,17023,2,685,33165,5,31170
11249437,0,2012-06-12 08:09:00,$159.09,Swipe Transaction,Marbury,AL,5411,No Error,Mastercard,Debit,YES,9180,1,729,63938,3,31553
7790716,0,2010-03-21 18:13:00,$1.59,Swipe Transaction,East Peoria,IL,5499,No Error,Mastercard,Debit,YES,7898,2,715,113194,3,45707
16817514,0,2015-10-17 09:52:00,$7.12,Chip Transaction,San Jose,CA,5411,No Error,Mastercard,Debit,YES,29716,1,728,25844,4,31287
23273813,0,2019-07-20 13:00:00,$48.77,Online Transaction,ONLINE,Unknown,7349,No Error,Mastercard,Debit,NO,415,1,745,30574,2,36440
21327455,0,2018-06-03 11:13:00,$-100.00,Chip Transaction,Arnold,MO,5541,No Error,Mastercard,Debit,YES,1807,2,684,55173,5,44334
20466330,0,2017-12-02 14:09:00,$-100.00,Chip Transaction,North Hollywood,CA,5541,No Error,Mastercard,Debit,YES,27447,2,725,907,4,34441
8266111,0,2010-07-17 05:42:00,$127.59,Online Transaction,ONLINE,Unknown,4814,No Error,Visa,Debit,YES,576,2,737,42852,4,52186
16812660,1,2015-10-16 09:34:00,$64.63,Swipe Transaction,Leo,IN,5193,No Error,Visa,Debit,YES,25977,1,770,70328,2,35264
7665843,0,2010-02-18 10:41:00,$93.66,Swipe Transaction,Merritt Island,FL,5912,No Error,Mastercard,Debit,YES,12047,2,606,85160,1,53702
11371029,0,2012-07-09 12:38:00,$50.00,Swipe Transaction,Bothell,WA,5499,Insufficient Balance,Amex,Credit,YES,13900,1,804,76650,3,67747
8784064,1,2010-11-18 13:53:00,$56.04,Swipe Transaction,Port au Prince,Haiti,5310,Bad PIN,Visa,Debit,YES,16094,1,733,0,7,24055
22419519,0,2019-01-20 15:00:00,$186.61,Chip Transaction,Belleville,IL,5912,No Error,Mastercard,Debit,YES,20447,1,712,58582,4,49967
18528305,0,2016-10-17 15:31:00,$16.45,Swipe Transaction,Vacaville,CA,4121,No Error,Mastercard,Debit,YES,25297,1,821,370,7,33869
9568944,0,2011-05-22 16:22:00,$11.37,Swipe Transaction,Goshen,IN,5814,No Error,Amex,Credit,YES,12600,1,712,111495,4,56562
14838997,0,2014-08-16 14:30:00,$1.86,Swipe Transaction,Bessemer,AL,5813,No Error,Mastercard,Debit,YES,20816,1,689,54899,4,40473
21169006,0,2018-04-30 15:28:00,$8.15,Online Transaction,ONLINE,Unknown,4121,No Error,Mastercard,Debit,YES,21895,1,753,75730,4,37056
18248583,0,2016-08-18 18:58:00,$24.59,Online Transaction,ONLINE,Unknown,4784,No Error,Mastercard,Debit,YES,41057,2,771,46160,4,77288
10452704,0,2011-12-12 16:37:00,$100.00,Swipe Transaction,Oneonta,AL,5541,No Error,Mastercard,Debit (Prepaid),YES,51,2,768,107734,3,41886
11227697,0,2012-06-07 08:32:00,$9.87,Swipe Transaction,Rainsville,AL,9402,No Error,Mastercard,Debit,YES,11372,1,786,3225,3,11029
23690828,0,2019-10-16 20:47:00,$68.22,Chip Transaction,Christiana,TN,5812,No Error,Amex,Credit,YES,7100,1,684,51751,4,35196
21221680,0,2018-05-11 18:57:00,$43.26,Chip Transaction,Laurel,MT,5812,No Error,Mastercard,Debit,YES,14216,2,849,59472,4,40012
16445334,1,2015-07-29 12:13:00,$359.97,Online Transaction,ONLINE,Unknown,4899,No Error,Mastercard,Credit,YES,9600,2,643,30595,4,38637
11158102,0,2012-05-22 12:58:00,$8.88,Swipe Transaction,North Hollywood,CA,5812,No Error,Visa,Debit,YES,16619,1,806,879,7,28644
8452995,1,2010-08-31 06:22:00,$66.44,Online Transaction,ONLINE,Unknown,5732,No Error,Mastercard,Debit,YES,24215,2,693,0,3,61646
18215522,0,2016-08-11 17:23:00,$16.06,Swipe Transaction,Monroeville,PA,5719,No Error,Mastercard,Debit (Prepaid),YES,87,2,653,39959,2,30172
16546787,0,2015-08-20 09:42:00,$1.92,Chip Transaction,Jefferson,MD,5814,No Error,Mastercard,Debit,YES,14116,2,746,1493,5,38499
10609510,0,2012-01-17 13:17:00,$289.07,Swipe Transaction,Brentwood,MD,4112,No Error,Visa,Debit,NO,30160,1,821,132181,3,71593
17865393,1,2016-05-29 11:24:00,$113.27,Online Transaction,ONLINE,Unknown,4121,No Error,Mastercard,Debit,YES,15518,2,752,43645,5,49570
18191053,0,2016-08-06 15:58:00,$60.55,Chip Transaction,Duluth,MN,7538,No Error,Visa,Credit,YES,9900,1,788,14408,4,27772
10146873,0,2011-10-03 10:43:00,$41.31,Swipe Transaction,Aurora,CO,5541,No Error,Mastercard,Debit,YES,27377,1,617,102318,3,50666
18630148,1,2016-11-08 11:16:00,$2505.58,Online Transaction,ONLINE,Unknown,4411,No Error,Mastercard,Debit,YES,30044,1,573,73325,2,59815
11786363,0,2012-10-11 09:43:00,$8.58,Swipe Transaction,Des Moines,IA,5411,No Error,Visa,Credit,NO,8000,2,800,57727,2,37857
16520258,0,2015-08-14 16:10:00,$-315.00,Chip Transaction,Anchorage,AK,3780,No Error,Visa,Credit,YES,6100,2,689,1196,5,29494
18769121,0,2016-12-07 21:36:00,$47.69,Online Transaction,ONLINE,Unknown,4900,No Error,Mastercard,Debit,YES,13569,1,683,52134,1,37298
18543898,0,2016-10-20 22:36:00,$38.24,Online Transaction,ONLINE,Unknown,4121,No Error,Mastercard,Debit,YES,27491,1,737,141151,4,58463
8031935,0,2010-05-20 15:06:00,$56.42,Swipe Transaction,Corpus Christi,TX,5499,No Error,Visa,Debit,YES,16516,1,706,14272,5,37503
23463831,0,2019-08-29 15:00:00,$1.16,Online Transaction,ONLINE,Unknown,4784,No Error,Mastercard,Debit,YES,16422,1,660,51741,6,35418
15753430,0,2015-03-03 06:47:00,$34.96,Chip Transaction,Louisville,KY,4121,No Error,Mastercard,Debit,YES,29964,1,672,102286,3,51500
18891134,0,2017-01-03 06:33:00,$27.85,Online Transaction,ONLINE,Unknown,4121,No Error,Mastercard,Debit,YES,6090,2,669,13411,1,28245
8338067,1,2010-08-03 11:40:00,$2.31,Online Transaction,ONLINE,Unknown,4214,No Error,Visa,Credit,YES,11300,1,756,66300,4,38568
19921432,0,2017-08-09 09:08:00,$20.00,Swipe Transaction,Tavares,FL,4829,No Error,Visa,Debit,NO,793,2,689,5244,3,26574
21804927,0,2018-09-12 11:29:00,$14.65,Chip Transaction,Inman,SC,5812,No Error,Visa,Debit,YES,29950,1,850,0,3,38539
23697427,0,2019-10-18 09:08:00,$11.21,Swipe Transaction,Palm Bay,FL,5499,No Error,Mastercard,Debit,YES,8262,2,748,14408,4,16302
14693458,0,2014-07-15 17:53:00,$-74.00,Swipe Transaction,Fayetteville,NC,5541,No Error,Visa,Debit,YES,4660,2,666,73448,3,37468
8965549,0,2010-12-31 16:35:00,$16.39,Online Transaction,ONLINE,Unknown,4121,No Error,Visa,Debit,YES,29041,1,821,370,7,33869
17204151,0,2016-01-07 15:35:00,$57.01,Chip Transaction,Jonesville,NC,5411,No Error,Mastercard,Debit,YES,9883,1,694,13351,4,28988
21769205,0,2018-09-04 19:27:00,$62.79,Chip Transaction,Los Angeles,CA,5814,No Error,Mastercard,Debit,YES,17612,1,702,0,2,51465
23291838,0,2019-07-24 10:50:00,$3.69,Chip Transaction,San Jose,Costa Rica,5411,No Error,Mastercard,Debit,YES,62760,2,700,100192,6,192269
10948097,0,2012-04-04 15:37:00,$52.81,Swipe Transaction,Brooklyn,NY,5499,No Error,Visa,Debit,YES,2289,1,695,94014,4,45789
14422609,0,2014-05-17 15:04:00,$-82.00,Swipe Transaction,Saint Louis,MO,5499,No Error,Mastercard,Debit,YES,19597,1,558,131828,4,57853
17803771,0,2016-05-16 08:31:00,$6.35,Chip Transaction,Montgomery,AL,4214,No Error,Mastercard,Debit,YES,21448,1,786,3225,3,11029
15845824,0,2015-03-23 04:48:00,$5.07,Chip Transaction,Batesville,MS,5541,No Error,Visa,Debit,YES,10360,1,742,59817,7,31308
8422329,0,2010-08-23 15:19:00,$41.94,Swipe Transaction,Pittsburgh,PA,5541,No Error,Visa,Credit,YES,8400,1,687,28449,3,37495
18136171,0,2016-07-25 22:00:00,$6.81,Online Transaction,ONLINE,Unknown,5815,No Error,Visa,Credit,YES,7400,2,748,14408,4,16302
15356493,0,2014-12-07 09:16:00,$71.00,Swipe Transaction,Union City,NJ,5499,No Error,Mastercard,Debit,YES,9789,2,810,39242,7,34190
12798566,0,2013-05-26 05:21:00,$45.69,Online Transaction,ONLINE,Unknown,4814,No Error,Mastercard,Debit,YES,21701,2,706,103229,5,44249
15173762,0,2014-10-28 11:07:00,$1.38,Swipe Transaction,Carencro,LA,5499,No Error,Visa,Credit,YES,17100,1,675,105623,4,54963
10665629,0,2012-01-30 10:33:00,$12.14,Swipe Transaction,Jackson,GA,5812,No Error,Visa,Credit,YES,4300,2,773,67263,1,35775
8595197,0,2010-10-04 09:47:00,$13.12,Swipe Transaction,Brooklyn,NY,5812,No Error,Mastercard,Debit,YES,22100,1,691,68957,4,46232
9502668,0,2011-05-07 06:26:00,$14.73,Swipe Transaction,Tacoma,WA,7542,No Error,Mastercard,Debit,YES,19807,1,775,75415,4,64262
16972952,0,2015-11-19 14:54:00,$29.12,Chip Transaction,Belle Fourche,SD,7538,No Error,Visa,Credit,YES,9700,1,826,25393,5,32819
19834734,0,2017-07-21 17:42:00,$11.34,Chip Transaction,Westfield,NC,5921,No Error,Visa,Debit,YES,20161,2,777,19798,5,27266
20158211,0,2017-09-28 10:48:00,$8.26,Swipe Transaction,Cedarville,MI,5921,No Error,Mastercard,Credit,NO,3800,1,718,17008,2,26613
16882458,0,2015-10-31 09:26:00,$2.01,Chip Transaction,Rego Park,NY,5499,No Error,Mastercard,Debit,YES,2559,2,631,67164,4,51196
18815279,0,2016-12-17 19:03:00,$104.20,Chip Transaction,Louisville,KY,7802,No Error,Visa,Debit,YES,14249,1,695,86837,6,41091
8439024,0,2010-08-27 15:22:00,$9.13,Swipe Transaction,Charleston,SC,9402,No Error,Mastercard,Debit,YES,4130,2,796,113529,5,84365
18313628,0,2016-09-01 16:07:00,$20.46,Chip Transaction,Corona,NY,5813,No Error,Discover,Credit,YES,8000,1,826,19529,5,26865
22540758,0,2019-02-15 11:45:00,$13.04,Chip Transaction,West Palm Beach,FL,5814,No Error,Mastercard,Debit,YES,13035,1,718,55010,5,37119
22365990,0,2019-01-09 11:44:00,$8.84,Chip Transaction,Clinton Township,MI,5541,No Error,Mastercard,Debit,YES,16668,1,701,9107,4,34408
16817928,0,2015-10-17 11:07:00,$17.62,Chip Transaction,Bowling Green,KY,5541,No Error,Mastercard,Debit,YES,17401,2,707,0,5,54166
7683529,0,2010-02-22 18:19:00,$165.37,Swipe Transaction,Havre De Grace,MD,5300,No Error,Mastercard,Debit,YES,21160,1,699,0,5,56897
8570828,0,2010-09-28 11:39:00,$60.00,Swipe Transaction,Montesano,WA,4829,Insufficient Balance,Visa,Debit,YES,11239,2,583,66148,5,49023
22700630,0,2019-03-21 09:05:00,$39.86,Chip Transaction,Hendersonville,NC,7230,No Error,Visa,Debit,YES,14007,1,714,2573,5,23993
15362812,0,2014-12-08 13:54:00,$30.53,Swipe Transaction,Springfield,NJ,5541,No Error,Visa,Credit,NO,57200,1,752,91367,5,280199
15326518,0,2014-11-30 15:57:00,$49.30,Swipe Transaction,Dallas,TX,5912,No Error,Visa,Credit,YES,1900,2,706,44404,4,25883
17951440,0,2016-06-16 12:31:00,$40.00,Chip Transaction,Wilmington,NC,4829,No Error,Mastercard,Debit,YES,11219,1,737,16549,5,30605
18303071,1,2016-08-30 13:31:00,$210.73,Online Transaction,ONLINE,Unknown,5816,No Error,Mastercard,Debit,YES,34799,2,667,66085,4,52172
20770913,0,2018-02-05 07:06:00,$8.35,Online Transaction,ONLINE,Unknown,5815,No Error,Amex,Credit,YES,13300,1,746,25277,3,35227
13762670,1,2013-12-24 01:57:00,$-379.00,Online Transaction,ONLINE,Unknown,3771,No Error,Visa,Debit,YES,29041,1,821,370,7,33869
23126910,0,2019-06-19 15:30:00,$107.10,Swipe Transaction,Miami,FL,5411,No Error,Visa,Debit,YES,23001,2,627,114394,5,64481
13878299,1,2014-01-18 10:19:00,$420.05,Online Transaction,ONLINE,Unknown,4722,No Error,Visa,Debit (Prepaid),YES,45,3,655,59247,4,34057
15523048,0,2015-01-12 07:49:00,$66.82,Chip Transaction,Reisterstown,MD,5541,No Error,Visa,Credit,YES,19400,1,714,0,6,67643
13602883,0,2013-11-18 18:11:00,$56.20,Swipe Transaction,Pana,IL,5814,No Error,Mastercard,Debit (Prepaid),YES,73,1,771,12347,6,31957
14283474,0,2014-04-17 06:36:00,$-69.00,Swipe Transaction,Charleston,SC,5541,No Error,Amex,Credit,YES,7300,2,765,134631,3,34982
23465706,0,2019-08-30 05:56:00,$40.00,Chip Transaction,Meridian,ID,4829,No Error,Mastercard,Debit,YES,11986,2,624,101847,1,30432
7908633,1,2010-04-20 09:15:00,$28.87,Online Transaction,ONLINE,Unknown,5311,Insufficient Balance,Visa,Credit,YES,10700,2,700,51428,3,30774
12425637,0,2013-03-04 09:07:00,$74.00,Swipe Transaction,Mount Vernon,OH,5499,No Error,Mastercard,Debit,YES,1837,2,612,71719,2,36743
8990310,0,2011-01-06 13:54:00,$10.33,Swipe Transaction,Wauconda,IL,5300,No Error,Mastercard,Debit,YES,23740,2,782,1574,6,40787
20163674,0,2017-09-29 12:45:00,$9.92,Swipe Transaction,El Paso,TX,5411,No Error,Visa,Debit (Prepaid),NO,60,2,651,84935,3,34302
22739469,1,2019-03-29 11:38:00,$46.00,Chip Transaction,Rome,Italy,3389,No Error,Mastercard,Debit,YES,20743,1,702,23650,7,39303
10750327,0,2012-02-18 12:31:00,$38.69,Swipe Transaction,Salisbury,NC,5300,No Error,Mastercard,Debit,YES,4976,1,609,50559,2,38179
9273357,0,2011-03-14 13:38:00,$12.86,Swipe Transaction,Trenton,GA,5411,No Error,Visa,Debit,YES,5579,2,639,50155,1,32522
23092194,0,2019-06-12 10:19:00,$10.48,Chip Transaction,Candor,NY,5300,No Error,Mastercard,Debit,YES,16678,1,698,6908,5,40516
16460899,0,2015-08-01 20:21:00,$79.25,Chip Transaction,Acworth,GA,5812,No Error,Visa,Debit,YES,2942,2,746,126806,3,58846
9008586,0,2011-01-10 22:52:00,$47.55,Swipe Transaction,Brooklyn,NY,5812,No Error,Visa,Debit,YES,11254,2,710,12623,4,34637
10112315,0,2011-09-25 11:51:00,$64.77,Swipe Transaction,Clinton Township,MI,5970,No Error,Visa,Credit,YES,10300,1,701,9107,4,34408
17525365,1,2016-03-17 11:11:00,$0.16,Swipe Transaction,Dardanelle,AR,5813,No Error,Mastercard,Debit,YES,18244,2,774,1636,3,34406
14947637,0,2014-09-09 07:15:00,$104.94,Swipe Transaction,Mendham,NJ,5211,No Error,Mastercard,Debit,YES,54057,2,621,461854,5,185909
8964560,1,2010-12-31 12:57:00,$314.00,Swipe Transaction,Port au Prince,Haiti,7011,No Error,Mastercard,Debit,NO,12091,1,689,1196,5,29494
16270580,1,2015-06-22 09:39:00,$248.09,Online Transaction,ONLINE,Unknown,5094,No Error,Mastercard,Debit (Prepaid),NO,80,1,681,18693,4,27943
12812964,0,2013-05-29 09:42:00,$60.23,Swipe Transaction,Garland,TX,4111,No Error,Mastercard,Credit,YES,6600,3,711,56777,2,28951
21412126,1,2018-06-21 11:27:00,$4.70,Chip Transaction,Rome,Italy,5812,No Error,Amex,Credit,YES,6900,1,779,71066,3,30942
11658425,0,2012-09-12 10:56:00,$66.68,Swipe Transaction,Sacramento,CA,5300,No Error,Mastercard,Debit,YES,10775,2,737,72162,2,51854
17235270,0,2016-01-14 11:29:00,$1.06,Chip Transaction,Las Vegas,NV,5499,No Error,Mastercard,Debit (Prepaid),YES,65,2,770,18870,4,39508
16017599,0,2015-04-29 00:47:00,$28.70,Chip Transaction,Grand Forks,ND,5411,No Error,Visa,Debit,YES,23452,1,716,117616,5,48750
14315334,0,2014-04-24 07:04:00,$94.89,Online Transaction,ONLINE,Unknown,4899,No Error,Mastercard,Debit,YES,26534,2,699,67836,6,41800
19859638,0,2017-07-27 07:05:00,$13.38,Chip Transaction,Keller,TX,5411,No Error,Visa,Credit,YES,0,2,750,5,2,3
12270944,0,2013-01-28 15:37:00,$-59.00,Swipe Transaction,Amarillo,TX,5541,No Error,Mastercard,Debit,YES,15820,1,683,49951,3,37947
11968717,0,2012-11-21 13:43:00,$1568.17,Swipe Transaction,Durham,NC,8062,No Error,Visa,Debit,YES,20173,1,650,106753,3,46256
12997310,0,2013-07-08 14:30:00,$100.00,Swipe Transaction,Chicago Heights,IL,5541,No Error,Mastercard,Debit,YES,12189,2,760,69,7,38761
16224067,0,2015-06-12 12:04:00,$20.16,Chip Transaction,Jackson Center,PA,5411,No Error,Mastercard,Debit,YES,2290,2,765,39514,4,34272
20252704,0,2017-10-18 12:33:00,$3.63,Chip Transaction,Columbia City,IN,5310,No Error,Mastercard,Debit,YES,24926,1,686,2985,4,30349
15609773,0,2015-01-31 06:20:00,$16.05,Swipe Transaction,Spencer,WI,5311,No Error,Visa,Debit,YES,17405,2,708,36094,4,34255
22323847,0,2018-12-31 11:26:00,$59.00,Swipe Transaction,San Francisco,CA,5541,No Error,Mastercard,Credit,NO,14900,2,736,1676,6,65055
14630316,0,2014-07-01 23:18:00,$358.00,Online Transaction,ONLINE,Unknown,4722,No Error,Mastercard,Credit,YES,8200,2,683,49951,3,37947
11119485,0,2012-05-13 17:17:00,$31.48,Online Transaction,ONLINE,Unknown,4784,No Error,Amex,Credit,YES,6100,1,696,53023,4,26510
16430352,1,2015-07-26 10:57:00,$5.78,Online Transaction,ONLINE,Unknown,5912,No Error,Visa,Debit,YES,21749,1,712,44190,3,71909
18231391,0,2016-08-15 09:22:00,$21.33,Chip Transaction,Henniker,NH,4214,No Error,Mastercard,Debit,YES,14054,1,663,113190,5,38681
16615801,0,2015-09-04 07:21:00,$27.25,Chip Transaction,Waupaca,WI,5411,No Error,Mastercard,Debit,YES,1930,2,601,74337,4,38615
23461551,0,2019-08-29 08:23:00,$1.53,Chip Transaction,Berea,KY,5812,No Error,Mastercard,Debit,YES,17889,1,724,58373,5,32128
13701397,0,2013-12-10 14:15:00,$2.36,Swipe Transaction,Palm Coast,FL,5912,No Error,Visa,Credit,YES,9800,2,755,614,6,31805
19565540,0,2017-05-26 07:34:00,$1.05,Swipe Transaction,Barberton,OH,5499,No Error,Mastercard,Debit,YES,23688,1,715,31815,2,36405
16321124,0,2015-07-03 06:50:00,$3.24,Chip Transaction,Twin Falls,ID,5411,No Error,Visa,Debit,YES,16717,1,588,57774,2,33395
22573849,1,2019-02-22 11:03:00,$18.73,Chip Transaction,Rome,Italy,5814,No Error,Amex,Credit,YES,8100,2,638,24100,7,63502
21832852,0,2018-09-18 11:08:00,$60.00,Chip Transaction,Montgomery,AL,4829,No Error,Mastercard,Debit,YES,11372,1,786,3225,3,11029
9533434,0,2011-05-14 10:09:00,$239.53,Swipe Transaction,Louisville,KY,8011,No Error,Mastercard,Credit,YES,11200,2,672,102286,3,51500
17515805,1,2016-03-15 11:12:00,$294.05,Online Transaction,ONLINE,Unknown,5311,No Error,Visa,Debit,YES,20887,1,698,68358,3,45475
13145165,1,2013-08-10 08:16:00,$7.56,Online Transaction,ONLINE,Unknown,4829,No Error,Mastercard,Debit,YES,7176,2,651,58806,3,27013
20862110,0,2018-02-24 14:10:00,$0.53,Chip Transaction,Red Bluff,CA,5499,No Error,Mastercard,Debit,YES,15702,1,717,62926,3,27981
16792302,0,2015-10-11 20:15:00,$56.44,Chip Transaction,Frazeysburg,OH,5311,No Error,Mastercard,Debit,YES,11087,2,769,28260,2,32522
13136430,0,2013-08-08 09:24:00,$-81.00,Swipe Transaction,Salisbury,NC,5499,No Error,Mastercard,Debit,YES,2001,1,768,70877,1,40026
23585680,1,2019-09-24 11:42:00,$99.66,Chip Transaction,Rome,Italy,5310,No Error,Mastercard,Debit,YES,19948,1,715,31815,2,36405
23371220,0,2019-08-10 00:10:00,$24.49,Online Transaction,ONLINE,Unknown,4784,No Error,Visa,Debit,YES,7967,1,799,25138,3,23212
7924117,0,2010-04-24 06:42:00,$46.29,Swipe Transaction,Red Hook,NY,5942,No Error,Visa,Credit,YES,14300,1,674,73030,3,53478
19843167,0,2017-07-23 15:06:00,$57.80,Chip Transaction,Katonah,NY,5541,No Error,Mastercard,Debit,YES,38048,1,542,5642,3,162709
14234924,1,2014-04-06 11:07:00,$19.35,Online Transaction,ONLINE,Unknown,5311,No Error,Visa,Debit,YES,15504,1,714,2573,5,23993
8764440,0,2010-11-14 03:05:00,$4.53,Online Transaction,ONLINE,Unknown,5815,No Error,Visa,Debit,YES,42176,1,712,156949,5,92375
8488533,0,2010-09-08 14:39:00,$31.75,Online Transaction,ONLINE,Unknown,4784,No Error,Visa,Debit,YES,1484,2,725,2667,3,47542
17349711,1,2016-02-07 21:16:00,$448.00,Online Transaction,ONLINE,Unknown,3771,No Error,Visa,Debit (Prepaid),YES,90,1,755,21221,3,29388
12697289,0,2013-05-03 14:55:00,$23.25,Swipe Transaction,Detroit,MI,5411,No Error,Visa,Debit,NO,4976,1,682,40038,3,19800
12140692,0,2012-12-30 09:30:00,$97.00,Swipe Transaction,Seattle,WA,5499,No Error,Mastercard,Debit,YES,30074,2,748,15899,3,41513
7762264,0,2010-03-14 15:37:00,$96.41,Swipe Transaction,Wallins Creek,KY,4814,No Error,Mastercard,Debit,YES,898,2,498,54290,1,26130
23740407,0,2019-10-27 11:01:00,$10.39,Chip Transaction,Linton,IN,5921,No Error,Amex,Credit,YES,8800,2,689,116394,2,56486
13077255,0,2013-07-26 08:31:00,$9.20,Swipe Transaction,Rainsville,AL,9402,No Error,Mastercard,Debit,YES,21448,1,786,3225,3,11029
17069254,0,2015-12-10 06:13:00,$8.01,Swipe Transaction,Greenwood,IN,5541,No Error,Mastercard,Debit,YES,28601,1,766,5700,8,110570
19781923,0,2017-07-10 16:52:00,$94.77,Chip Transaction,Machesney Park,IL,5411,No Error,Visa,Credit,YES,13900,1,767,109623,3,50139
18188407,0,2016-08-06 06:56:00,$60.68,Chip Transaction,Lucama,NC,5300,No Error,Visa,Debit,YES,9998,1,682,24515,3,32491
8739260,0,2010-11-07 22:05:00,$-142.00,Swipe Transaction,Winslow,IN,3359,No Error,Visa,Credit,YES,12500,2,685,58438,3,37115
16091178,0,2015-05-14 22:25:00,$18.89,Swipe Transaction,Oklahoma City,OK,5813,No Error,Amex,Credit,NO,8300,1,704,49681,5,29496
10357401,0,2011-11-20 19:02:00,$77.00,Swipe Transaction,Memphis,TN,5541,No Error,Mastercard,Debit,YES,48344,1,616,219213,2,97455
7913040,0,2010-04-21 09:46:00,$15.62,Swipe Transaction,Miami,FL,5541,No Error,Discover,Credit,YES,19000,1,755,41381,2,47395
16584530,0,2015-08-28 12:02:00,$30.00,Chip Transaction,Chestnut Hill,MA,5300,No Error,Visa,Debit,YES,58234,1,685,28869,2,126775
7613746,0,2010-02-05 11:05:00,$11.67,Swipe Transaction,Crown Point,IN,5814,No Error,Mastercard,Debit,NO,37634,2,685,128676,5,53350
7763869,0,2010-03-15 06:35:00,$3.86,Swipe Transaction,Newburgh,NY,5541,No Error,Mastercard,Debit,YES,11401,2,847,0,7,46408
16519851,0,2015-08-14 14:39:00,$14.75,Swipe Transaction,Mantua,NJ,7538,No Error,Mastercard,Debit (Prepaid),NO,78,1,661,8332,5,46031
11158991,1,2012-05-22 15:59:00,$3.91,Online Transaction,ONLINE,Unknown,5311,No Error,Visa,Debit,YES,1740,1,682,2206,7,33811
14919341,0,2014-09-02 21:41:00,$16.46,Swipe Transaction,Albuquerque,NM,5812,No Error,Visa,Debit,YES,4817,2,637,58481,2,31373
17814509,0,2016-05-18 11:52:00,$36.54,Chip Transaction,Waterford,MI,5942,No Error,Visa,Credit,YES,15400,2,771,98102,5,66111
11592528,0,2012-08-28 14:37:00,$58.05,Swipe Transaction,Suffolk,VA,5300,No Error,Visa,Credit,YES,8600,2,807,9222,2,41496
8227831,0,2010-07-07 14:52:00,$93.00,Swipe Transaction,Richmond,CA,5499,No Error,Mastercard,Debit,YES,14710,2,684,81825,5,44585
17859797,0,2016-05-28 07:57:00,$299.83,Online Transaction,ONLINE,Unknown,4899,No Error,Visa,Credit,NO,5200,2,609,4031,2,79870
7626115,0,2010-02-08 12:05:00,$8.75,Swipe Transaction,Tucson,AZ,5310,No Error,Mastercard,Debit,YES,39533,2,726,2261,6,57732
23633217,0,2019-10-04 13:46:00,$28.26,Chip Transaction,Tucson,AZ,7542,No Error,Visa,Credit,YES,6100,2,661,55369,5,35602
8322187,0,2010-07-30 14:59:00,$50.82,Online Transaction,ONLINE,Unknown,5311,No Error,Mastercard,Debit,YES,12594,2,751,49024,3,34947
20210697,0,2017-10-09 13:47:00,$61.21,Swipe Transaction,Brownsville,TX,5912,No Error,Mastercard,Debit,NO,14404,2,607,42050,3,25861
8154393,0,2010-06-19 18:29:00,$-258.00,Swipe Transaction,Houma,LA,3684,No Error,Mastercard,Debit,YES,17206,2,727,0,3,49045
15556935,0,2015-01-19 11:41:00,$6.88,Chip Transaction,Union City,CA,5812,No Error,Mastercard,Debit,YES,13201,1,799,10619,4,33556
23220063,0,2019-07-09 08:08:00,$1.33,Chip Transaction,New York,NY,5814,No Error,Mastercard,Debit (Prepaid),YES,73,1,771,12347,6,31957
22019831,0,2018-10-27 22:53:00,$34.37,Chip Transaction,Urbandale,IA,7832,No Error,Mastercard,Debit,YES,1936,2,593,20874,5,33642
20362104,0,2017-11-10 14:18:00,$-54.00,Chip Transaction,College Park,MD,5541,No Error,Visa,Credit,YES,15700,2,751,20683,4,53464
16468213,0,2015-08-03 11:20:00,$40.00,Chip Transaction,Livonia,MI,4829,No Error,Visa,Debit,YES,11254,1,811,19085,4,24009
17288754,0,2016-01-25 19:37:00,$76.99,Swipe Transaction,Hingham,MA,5411,No Error,Mastercard,Debit,NO,42537,2,711,133421,2,72470
11531126,0,2012-08-14 14:56:00,$59.33,Swipe Transaction,Bowling Green,KY,5499,No Error,Visa,Debit,YES,18744,2,812,24172,5,30252
15082627,0,2014-10-08 13:44:00,$2.53,Swipe Transaction,Long Beach,CA,5411,No Error,Amex,Credit,YES,7500,2,812,0,7,11410
13082790,0,2013-07-27 10:42:00,$44.12,Online Transaction,ONLINE,Unknown,4784,No Error,Mastercard,Debit (Prepaid),YES,52,2,793,62695,3,40407
10111137,0,2011-09-25 06:56:00,$38.90,Swipe Transaction,Sunland Park,NM,7538,No Error,Mastercard,Debit,YES,10863,2,705,23394,4,30217
22834762,0,2019-04-18 15:17:00,$3.85,Chip Transaction,Turlock,CA,5912,No Error,Mastercard,Debit,YES,20552,1,635,57336,3,46487
13069037,0,2013-07-24 12:21:00,$46.43,Swipe Transaction,Memphis,TN,7538,No Error,Visa,Credit,YES,5700,2,779,71066,3,30942
14250123,0,2014-04-09 16:25:00,$128.95,Swipe Transaction,Ames,IA,5300,No Error,Amex,Credit,YES,15500,2,785,73370,3,53395
13609972,0,2013-11-20 13:24:00,$24.43,Online Transaction,ONLINE,Unknown,4121,No Error,Mastercard,Debit,YES,18281,1,668,31354,5,57824
17193178,1,2016-01-05 11:09:00,$170.50,Online Transaction,ONLINE,Unknown,5732,No Error,Visa,Credit,YES,12800,2,841,11243,5,27939
20370370,0,2017-11-12 11:08:00,$137.59,Chip Transaction,Las Vegas,NV,5300,No Error,Visa,Credit,YES,2500,1,624,87970,3,56605
11380447,0,2012-07-11 13:07:00,$60.00,Swipe Transaction,Banning,CA,4829,No Error,Discover,Credit,YES,5200,2,769,21869,6,26511
21419017,1,2018-06-22 18:19:00,$7.74,Chip Transaction,Rome,Italy,5311,No Error,Mastercard,Credit,YES,6100,1,712,1386,2,23718
8203376,1,2010-07-01 15:00:00,$166.00,Online Transaction,ONLINE,Unknown,3684,No Error,Visa,Credit,YES,8700,1,590,1639,2,16646
18563396,0,2016-10-25 08:01:00,$5.80,Swipe Transaction,Walnut Creek,CA,5499,No Error,Visa,Credit,NO,5200,2,609,4031,2,79870
13777466,1,2013-12-27 09:10:00,$9.96,Online Transaction,ONLINE,Unknown,5942,No Error,Visa,Debit,NO,20827,1,725,173887,5,59248
16538835,1,2015-08-18 14:03:00,$137.31,Online Transaction,ONLINE,Unknown,5310,No Error,Mastercard,Debit,YES,8887,1,740,23004,4,32820
23353987,1,2019-08-06 10:54:00,$9.88,Chip Transaction,Rome,Italy,4121,No Error,Mastercard,Debit,YES,30950,2,729,133935,6,42652
21408519,0,2018-06-20 14:51:00,$29.04,Chip Transaction,Wellington,FL,5311,No Error,Mastercard,Debit,YES,18776,2,598,58679,1,29422
15665941,0,2015-02-12 07:07:00,$-77.00,Chip Transaction,Dallas,TX,5499,No Error,Mastercard,Debit,YES,11415,2,706,44404,4,25883
17237071,1,2016-01-14 16:48:00,$99.92,Chip Transaction,Roswell,GA,5921,No Error,Visa,Credit,YES,400,1,680,3154,3,1426
9975243,0,2011-08-24 16:41:00,$1.10,Swipe Transaction,Kerhonkson,NY,5499,No Error,Mastercard,Debit,YES,13930,1,732,66,4,9766
14971587,0,2014-09-14 11:38:00,$5.59,Swipe Transaction,Columbus,OH,5310,No Error,Visa,Debit,YES,21591,2,691,51679,2,38088
17141055,0,2015-12-25 11:05:00,$195.68,Chip Transaction,Las Vegas,NV,4900,No Error,Visa,Credit,YES,2500,1,624,87970,3,56605
7750995,0,2010-03-11 16:07:00,$63.24,Swipe Transaction,Pearland,TX,7538,No Error,Mastercard,Debit,YES,43033,2,683,166395,1,73920
22894304,0,2019-05-01 08:57:00,$21.46,Swipe Transaction,Massillon,OH,5541,No Error,Mastercard,Debit,YES,22115,1,692,136748,3,42379
22074378,0,2018-11-08 14:00:00,$34.29,Chip Transaction,Albany,NY,5300,No Error,Mastercard,Debit,YES,28790,1,735,162462,3,55059
11759432,0,2012-10-05 07:50:00,$54.68,Swipe Transaction,Cordova,TN,5411,No Error,Amex,Credit,YES,7200,2,531,114223,1,60292
8042324,0,2010-05-23 10:32:00,$34.39,Swipe Transaction,Hollywood,FL,7538,No Error,Mastercard,Debit,YES,18861,2,738,107765,6,40194
21497523,0,2018-07-09 11:38:00,$58.48,Online Transaction,ONLINE,Unknown,4900,No Error,Mastercard,Debit,YES,47833,2,527,119230,3,57348
14149632,0,2014-03-18 13:30:00,$75.00,Swipe Transaction,Black Mountain,NC,5541,No Error,Mastercard,Debit,YES,19928,2,702,0,3,28733
10369551,0,2011-11-23 13:30:00,$92.94,Swipe Transaction,Tulsa,OK,5300,No Error,Mastercard,Debit,YES,39080,2,707,0,5,94733
18158142,0,2016-07-30 14:55:00,$16.43,Chip Transaction,Alcoa,TN,9402,No Error,Mastercard,Debit,YES,15612,1,775,0,4,39809
11207720,0,2012-06-02 14:36:00,$18.28,Swipe Transaction,Manahawkin,NJ,7538,No Error,Mastercard,Debit (Prepaid),NO,78,1,661,8332,5,46031
15676729,0,2015-02-14 13:03:00,$0.86,Chip Transaction,Sandusky,OH,5499,No Error,Visa,Credit,YES,12400,2,654,46298,4,37645
22451438,0,2019-01-27 11:26:00,$61.29,Chip Transaction,Orange,CT,5411,No Error,Visa,Credit,YES,16900,2,583,126015,2,61740
20408649,0,2017-11-20 13:02:00,$1.17,Chip Transaction,Oak View,CA,5499,No Error,Amex,Credit,YES,11100,2,701,16437,4,36724
18205922,0,2016-08-09 18:16:00,$58.81,Chip Transaction,Lenoir,NC,5912,No Error,Mastercard,Debit,YES,9883,1,694,13351,4,28988
18373088,0,2016-09-14 12:16:00,$10.99,Chip Transaction,Auburn,CA,5814,No Error,Visa,Debit,YES,16410,2,716,9235,6,22290
15577980,0,2015-01-24 06:25:00,$3.60,Chip Transaction,Broken Bow,OK,5411,No Error,Mastercard,Debit,YES,14624,2,689,50872,4,28163
18599380,1,2016-11-01 18:38:00,$86.63,Chip Transaction,Bushland,TX,5411,Bad PIN,Mastercard,Debit,YES,15820,1,683,49951,3,37947
12598185,0,2013-04-11 15:13:00,$9.62,Swipe Transaction,Melbourne,FL,5411,No Error,Mastercard,Debit,YES,23932,3,698,72357,4,32295
15961890,0,2015-04-17 02:05:00,$32.67,Chip Transaction,Fontana,CA,5300,No Error,Mastercard,Debit,YES,11475,2,682,0,6,18100
9790771,0,2011-07-13 08:30:00,$9.81,Swipe Transaction,Newark,NJ,5411,No Error,Mastercard,Debit,YES,15353,1,660,51741,6,35418
10569502,1,2012-01-08 10:52:00,$2.00,Swipe Transaction,Camas,WA,7210,No Error,Amex,Credit,YES,19500,2,591,147913,4,63673
10963846,0,2012-04-08 08:22:00,$111.72,Swipe Transaction,San Francisco,CA,5300,No Error,Visa,Credit,YES,6800,2,628,10400,2,28357
7550222,0,2010-01-20 08:20:00,$4.07,Swipe Transaction,Oakland,CA,5812,No Error,Mastercard,Debit,YES,51051,1,713,177353,6,86113
17191714,0,2016-01-05 06:55:00,$94.00,Swipe Transaction,Chicago,IL,5499,No Error,Mastercard,Debit,YES,8882,2,793,63295,4,24372
15771296,0,2015-03-07 04:22:00,$89.00,Chip Transaction,Ridgefield,WA,5499,No Error,Visa,Credit,YES,11300,2,750,82696,4,55682
16065150,0,2015-05-09 11:09:00,$82.48,Swipe Transaction,Atlantic City,NJ,7995,No Error,Mastercard,Debit,YES,20165,2,520,19314,5,30457
12320090,0,2013-02-08 16:42:00,$76.00,Swipe Transaction,Granville,IA,5499,No Error,Mastercard,Debit,YES,11121,1,752,54634,4,34456
20463292,0,2017-12-02 00:15:00,$4.33,Swipe Transaction,La Porte,TX,5300,No Error,Visa,Debit,NO,25658,1,690,114266,5,53357
12089784,0,2012-12-18 20:53:00,$18.12,Swipe Transaction,Lake Forest,CA,5947,No Error,Mastercard,Debit (Prepaid),YES,70,1,767,686,4,61793
11882572,0,2012-11-02 06:05:00,$48.55,Swipe Transaction,Cancun,Mexico,5411,No Error,Visa,Debit,YES,47372,2,646,192458,4,105515
9049873,0,2011-01-20 15:37:00,$21.71,Swipe Transaction,Battle Creek,MI,5499,No Error,Mastercard,Debit,YES,1298,2,850,107162,1,44124
17152137,1,2015-12-27 14:24:00,$120.53,Online Transaction,ONLINE,Unknown,5094,No Error,Visa,Debit,YES,27706,2,655,39078,5,70554
18138237,1,2016-07-26 10:42:00,$315.00,Online Transaction,ONLINE,Unknown,3775,No Error,Visa,Debit,YES,11254,1,689,83940,4,45422
13965082,0,2014-02-06 10:37:00,$60.00,Swipe Transaction,Hendersonville,NC,4829,No Error,Mastercard,Credit,YES,5600,1,714,2573,5,23993
14055980,0,2014-02-26 06:57:00,$4.94,Swipe Transaction,Newark,DE,5812,No Error,Mastercard,Debit,YES,25993,2,695,56485,4,64672
18047292,0,2016-07-06 23:43:00,$15.13,Chip Transaction,Cosby,TN,5310,No Error,Visa,Debit,YES,8333,1,722,3880,4,23967
16488331,0,2015-08-07 18:01:00,$-208.00,Chip Transaction,New York,NY,3509,No Error,Mastercard,Credit,YES,16700,1,761,69070,6,54587
14300701,0,2014-04-20 19:27:00,$31.34,Swipe Transaction,Chicago,IL,5541,No Error,Mastercard,Credit,YES,6200,1,641,56953,2,30509
12692402,0,2013-05-02 13:44:00,$7.96,Swipe Transaction,New York,NY,9402,No Error,Visa,Credit,YES,25300,1,721,110589,4,48676
8295067,0,2010-07-24 05:23:00,$-238.00,Swipe Transaction,Lake Zurich,IL,3684,No Error,Visa,Credit,YES,1200,3,719,73726,4,39871
11508589,0,2012-08-09 12:43:00,$16.57,Swipe Transaction,Seymour,WI,5411,No Error,Visa,Debit,YES,21757,1,614,65643,4,40810
23675764,0,2019-10-13 13:29:00,$3.93,Chip Transaction,Brunswick,OH,5310,No Error,Visa,Credit,YES,5200,2,704,83238,6,48038
19449995,0,2017-05-01 17:30:00,$452.00,Chip Transaction,Mcminnville,OR,3504,No Error,Visa,Credit,YES,7700,1,748,14408,4,16302
18191538,0,2016-08-06 18:02:00,$87.77,Swipe Transaction,Chelsea,MA,5912,No Error,Mastercard,Debit,NO,32636,1,750,363,5,39110
14625515,0,2014-06-30 22:37:00,$75.00,Swipe Transaction,Berkeley Heights,NJ,5499,No Error,Mastercard,Debit,YES,25422,1,505,242379,1,109673
16562265,1,2015-08-23 14:23:00,$120.16,Online Transaction,ONLINE,Unknown,4829,No Error,Mastercard,Debit,YES,21160,1,699,0,5,56897
23583513,0,2019-09-23 20:18:00,$-90.00,Chip Transaction,Mcalester,OK,5499,No Error,Mastercard,Debit,YES,7597,1,757,10019,5,30983
18661733,0,2016-11-15 07:55:00,$34.65,Chip Transaction,Colorado Springs,CO,7538,No Error,Visa,Debit,YES,15206,1,713,11845,6,31942
15946620,1,2015-04-13 15:57:00,$121.63,Online Transaction,ONLINE,Unknown,7996,No Error,Mastercard,Debit (Prepaid),YES,50,2,728,0,4,38994
22136857,0,2018-11-21 21:07:00,$366.00,Chip Transaction,Schofield,WI,3722,No Error,Visa,Credit,YES,13400,1,685,128676,5,53350
20342966,0,2017-11-06 15:19:00,$19.23,Chip Transaction,Golden,CO,5300,No Error,Visa,Debit,YES,27623,2,734,0,3,67589
16014063,1,2015-04-28 09:02:00,$147.11,Online Transaction,ONLINE,Unknown,5300,No Error,Discover,Credit,NO,9700,1,806,879,7,28644
11460752,0,2012-07-29 16:31:00,$783.66,Swipe Transaction,Riverside,RI,3001,No Error,Mastercard,Debit,YES,40176,2,759,211919,1,79271
16648636,0,2015-09-11 07:26:00,$41.57,Chip Transaction,Cincinnati,OH,7538,No Error,Visa,Credit,YES,17300,1,503,181429,2,82974
17483907,0,2016-03-08 13:40:00,$21.09,Online Transaction,ONLINE,Unknown,7922,No Error,Mastercard,Credit,NO,6500,1,756,25987,7,28147
19865493,0,2017-07-28 10:10:00,$248.36,Chip Transaction,Staten Island,NY,5719,No Error,Mastercard,Credit,YES,11200,1,595,54354,3,35940
17086971,0,2015-12-13 20:29:00,$99.00,Chip Transaction,Mcalester,OK,5541,No Error,Mastercard,Debit,YES,7597,1,757,10019,5,30983
16866464,0,2015-10-27 16:10:00,$129.38,Chip Transaction,Edmonds,WA,8099,No Error,Mastercard,Debit,YES,11108,2,630,2182,4,31912
12090392,0,2012-12-19 06:10:00,$2.89,Swipe Transaction,Lake Havasu City,AZ,5812,Bad PIN,Visa,Debit,YES,17013,2,755,36482,3,28983
17046781,1,2015-12-05 11:39:00,$4.67,Online Transaction,ONLINE,Unknown,4829,No Error,Visa,Debit,YES,11678,2,786,55643,6,34671
11145549,1,2012-05-19 13:45:00,$186.09,Online Transaction,ONLINE,Unknown,4829,No Error,Visa,Debit,YES,41221,1,735,61817,4,80156
20241282,0,2017-10-16 00:29:00,$7.72,Online Transaction,ONLINE,Unknown,5815,No Error,Visa,Credit,YES,7700,1,745,19507,5,28553
10570434,0,2012-01-08 14:09:00,$75.94,Online Transaction,ONLINE,Unknown,5311,No Error,Mastercard,Debit,YES,18627,2,602,132409,1,52538
22309803,1,2018-12-28 11:07:00,$7.13,Chip Transaction,Rome,Italy,5311,No Error,Mastercard,Credit,YES,8500,2,713,60527,4,31008
8418940,0,2010-08-22 19:16:00,$40.75,Swipe Transaction,Guadalajara,Mexico,5813,No Error,Visa,Debit,YES,35268,1,775,75415,4,64262
12527789,0,2013-03-27 01:42:00,$99.93,Swipe Transaction,Marion,IA,4900,No Error,Amex,Credit,YES,13100,2,745,58509,6,51528
17018599,1,2015-11-29 10:54:00,$118.61,Online Transaction,ONLINE,Unknown,4829,No Error,Visa,Debit,YES,17314,2,678,64420,3,40900
18943776,0,2017-01-14 07:49:00,$40.10,Chip Transaction,Milton,PA,5211,No Error,Visa,Debit,YES,26982,1,703,60156,4,34531
22498255,0,2019-02-06 12:36:00,$17.08,Chip Transaction,Sherman Oaks,CA,5812,No Error,Visa,Debit,YES,39389,2,684,106266,4,105963
14051452,0,2014-02-25 07:24:00,$2.54,Swipe Transaction,Como,MS,5411,No Error,Amex,Credit,YES,8300,1,734,19465,4,25051
18736901,0,2016-12-01 06:16:00,$16.09,Chip Transaction,Montgomery,AL,5912,No Error,Visa,Credit,YES,12600,2,725,86014,4,43021
22560962,0,2019-02-19 15:05:00,$14.50,Online Transaction,ONLINE,Unknown,5815,No Error,Visa,Debit,YES,24308,1,804,93795,6,67470
8845773,1,2010-12-03 11:27:00,$51.93,Online Transaction,ONLINE,Unknown,5311,No Error,Visa,Credit,YES,19700,2,715,56547,4,49076
21079508,1,2018-04-11 17:58:00,$9.36,Swipe Transaction,Rome,Italy,5932,No Error,Mastercard,Credit,NO,10000,2,701,53696,4,42701
16524438,0,2015-08-15 14:09:00,$17.83,Online Transaction,ONLINE,Unknown,5815,No Error,Visa,Credit,NO,2000,2,850,74820,6,38386
18457671,0,2016-10-02 15:00:00,$53.70,Chip Transaction,Monroe,NY,5300,No Error,Mastercard,Debit,YES,38048,1,542,5642,3,162709
9711192,0,2011-06-24 15:10:00,$34.85,Swipe Transaction,Gorham,NH,5499,No Error,Visa,Debit,YES,19103,2,628,54157,3,43144
21189928,0,2018-05-05 07:22:00,$2.98,Swipe Transaction,Clever,MO,5814,No Error,Discover,Credit,NO,11400,1,850,57463,3,35119
17489954,0,2016-03-09 18:33:00,$18.34,Chip Transaction,Colcord,OK,5300,No Error,Mastercard,Debit,YES,16815,2,759,69401,3,25524
10263960,0,2011-10-30 09:20:00,$5.14,Swipe Transaction,Fontana,CA,5411,No Error,Visa,Credit,YES,6900,2,691,0,4,28007
11605687,0,2012-08-31 12:55:00,$2.35,Swipe Transaction,Huntington,WV,5411,No Error,Visa,Debit,YES,12721,1,702,107410,4,44534
16955221,0,2015-11-15 19:39:00,$-73.00,Chip Transaction,Wethersfield,CT,5499,No Error,Mastercard,Debit,YES,30424,1,685,101148,3,58225
18828305,0,2016-12-20 13:59:00,$42.48,Swipe Transaction,Jacksonville,FL,7538,No Error,Visa,Debit,NO,14708,1,688,0,3,42229
8162137,0,2010-06-21 15:16:00,$145.46,Swipe Transaction,Covington,GA,7538,No Error,Visa,Debit,YES,34877,2,675,162012,1,89152
19574555,0,2017-05-28 02:41:00,$4.08,Chip Transaction,Vancouver,WA,5921,No Error,Mastercard,Credit,YES,12600,2,705,90682,4,44963
11432215,0,2012-07-23 10:33:00,$11.37,Swipe Transaction,Dallas,TX,5541,No Error,Mastercard,Debit,NO,39431,1,730,3140,5,66999
12412612,0,2013-03-01 11:25:00,$110.22,Online Transaction,ONLINE,Unknown,4899,No Error,Mastercard,Debit,YES,1846,1,721,89762,5,36925
9127032,0,2011-02-08 02:56:00,$100.00,Swipe Transaction,Rolla,MO,4829,No Error,Mastercard,Debit,NO,6326,1,648,75377,1,40017
7581836,1,2010-01-28 08:47:00,$201.57,Online Transaction,ONLINE,Unknown,5311,No Error,Mastercard,Debit (Prepaid),YES,15,2,688,812,6,9678
14009658,0,2014-02-16 06:41:00,$100.00,Swipe Transaction,San Jose,CA,4829,No Error,Visa,Debit,YES,20723,1,731,33122,5,34496
22018738,0,2018-10-27 16:12:00,$156.83,Swipe Transaction,Yorba Linda,CA,5541,No Error,Visa,Credit,NO,18900,2,685,4344,4,99825
17366061,1,2016-02-11 10:25:00,$49.30,Online Transaction,ONLINE,Unknown,5815,Bad Expiration,Mastercard,Debit,YES,10638,2,760,69,7,38761
20418862,0,2017-11-22 14:21:00,$100.00,Chip Transaction,Newtown,PA,4829,No Error,Mastercard,Debit,YES,20060,2,727,0,2,54124
23689567,0,2019-10-16 14:59:00,$-50.00,Chip Transaction,Saint Louis,MO,5541,No Error,Visa,Debit,YES,51504,1,558,131828,4,57853
15799583,0,2015-03-13 06:38:00,$30.54,Swipe Transaction,Orlando,FL,5411,No Error,Amex,Credit,YES,18000,2,850,93513,1,67444
10626492,1,2012-01-21 10:18:00,$12.77,Online Transaction,ONLINE,Unknown,5311,No Error,Visa,Credit,YES,5900,2,513,44388,4,29597
18214245,0,2016-08-11 13:13:00,$68.58,Chip Transaction,Richmond,CA,5499,No Error,Mastercard,Debit,YES,43673,1,688,130605,4,59482
17701912,0,2016-04-24 11:04:00,$16.76,Chip Transaction,Waianae,HI,5411,No Error,Mastercard,Debit,YES,16392,2,732,54455,3,35016
12385279,0,2013-02-23 10:11:00,$53.28,Swipe Transaction,Port Orchard,WA,5912,No Error,Mastercard,Debit (Prepaid),YES,99,2,763,35766,4,30248
12671819,0,2013-04-27 22:32:00,$21.94,Swipe Transaction,Saint Louis,MO,5813,No Error,Mastercard,Debit,YES,12451,1,801,81572,5,40522
22618356,0,2019-03-03 18:34:00,$25.34,Chip Transaction,Chula Vista,CA,4121,No Error,Mastercard,Debit (Prepaid),YES,57,1,675,105623,4,54963
16191606,0,2015-06-05 12:23:00,$37.17,Online Transaction,ONLINE,Unknown,5311,No Error,Amex,Credit,YES,8400,1,717,47179,6,32150
16431078,0,2015-07-26 12:58:00,$1272.13,Swipe Transaction,San Francisco,CA,3132,No Error,Visa,Credit,NO,18900,2,685,4344,4,99825
20719223,0,2018-01-25 08:17:00,$59.38,Chip Transaction,Saginaw,MI,5970,No Error,Mastercard,Debit (Prepaid),YES,107,1,712,839,8,36764
10119039,0,2011-09-26 21:37:00,$26.76,Online Transaction,ONLINE,Unknown,4784,No Error,Discover,Credit,YES,22800,2,664,71544,3,56368
22047027,0,2018-11-02 16:32:00,$30.13,Online Transaction,ONLINE,Unknown,4121,No Error,Mastercard,Debit,YES,21284,2,590,216,2,23572
19141214,0,2017-02-25 07:17:00,$55.00,Swipe Transaction,Cream Ridge,NJ,7538,No Error,Mastercard,Debit,NO,25206,1,690,83932,3,49788
17703110,0,2016-04-24 14:30:00,$58.00,Swipe Transaction,Bronx,NY,8041,No Error,Mastercard,Debit,YES,17749,1,753,87549,2,52063
8400033,0,2010-08-18 09:49:00,$1.88,Swipe Transaction,Wedowee,AL,5411,No Error,Mastercard,Debit,YES,11203,1,786,116794,5,36710
19088448,0,2017-02-14 01:31:00,$63.75,Swipe Transaction,Gainesville,FL,5300,No Error,Amex,Credit,YES,19300,1,725,68559,4,52630
22911104,1,2019-05-04 17:03:00,$61.48,Swipe Transaction,Rome,Italy,5733,No Error,Visa,Debit,NO,793,2,689,5244,3,26574
12531166,0,2013-03-27 17:52:00,$22.26,Swipe Transaction,Independence,KY,5411,No Error,Mastercard,Debit,YES,2468,1,740,104480,4,49378
17659284,0,2016-04-15 08:23:00,$3.39,Swipe Transaction,Thompsons Station,TN,5411,No Error,Mastercard,Credit,NO,12300,1,808,120125,4,56350
10162160,0,2011-10-06 17:13:00,$49.60,Swipe Transaction,Cushing,OK,5192,No Error,Visa,Credit,YES,7100,3,731,107898,4,35142
8468162,0,2010-09-03 16:31:00,$278.75,Swipe Transaction,Cabo San Lucas,Mexico,3359,No Error,Mastercard,Credit,YES,10700,2,770,42011,3,44681
10004504,0,2011-08-31 11:56:00,$1.38,Swipe Transaction,Tonawanda,NY,5499,No Error,Visa,Debit,YES,13821,1,718,47793,4,39627
8242468,0,2010-07-11 10:01:00,$62.94,Online Transaction,ONLINE,Unknown,4784,No Error,Visa,Credit,NO,5200,2,609,4031,2,79870
12304679,0,2013-02-05 09:34:00,$23.05,Online Transaction,ONLINE,Unknown,5311,No Error,Visa,Debit,YES,23798,1,713,11845,6,31942
9652333,0,2011-06-11 07:12:00,$208.69,Online Transaction,ONLINE,Unknown,4900,No Error,Mastercard,Credit,YES,19500,2,786,122254,6,92785
20331000,0,2017-11-04 04:04:00,$98.83,Swipe Transaction,Ottumwa,IA,5912,No Error,Mastercard,Credit,YES,10600,1,790,58252,7,45876
9370856,0,2011-04-06 11:08:00,$16.49,Swipe Transaction,North Lawrence,OH,5541,No Error,Visa,Credit,YES,3600,2,685,96831,2,43229
10249901,0,2011-10-26 23:36:00,$14.00,Swipe Transaction,Cosby,TN,5310,No Error,Visa,Debit,YES,8333,1,722,3880,4,23967
20515372,0,2017-12-13 06:40:00,$1.13,Swipe Transaction,Hollywood,FL,5814,No Error,Visa,Debit,NO,27231,1,738,107765,6,40194
11477793,0,2012-08-02 13:35:00,$9.70,Swipe Transaction,Lincolnwood,IL,5411,No Error,Visa,Debit (Prepaid),YES,70,1,712,839,8,36764
10435211,0,2011-12-08 15:12:00,$0.84,Swipe Transaction,Carthage,NY,5499,No Error,Visa,Debit,YES,10517,2,686,24637,5,35114
11046959,0,2012-04-27 08:01:00,$3.84,Swipe Transaction,Sterling Heights,MI,5411,No Error,Visa,Debit,YES,22601,2,736,66529,2,46843
16528277,1,2015-08-16 11:23:00,$77.48,Online Transaction,ONLINE,Unknown,4829,No Error,Mastercard,Debit,YES,12346,2,655,22961,2,28210
12496515,0,2013-03-20 06:22:00,$27.43,Swipe Transaction,Pahrump,NV,5499,No Error,Mastercard,Debit,YES,5753,1,767,686,4,61793
23030294,0,2019-05-30 09:20:00,$12.39,Online Transaction,ONLINE,Unknown,4784,No Error,Mastercard,Debit,YES,17332,2,698,58236,6,33717
22133862,0,2018-11-21 09:35:00,$7.08,Chip Transaction,Bean Station,TN,5912,No Error,Mastercard,Debit,YES,15612,1,775,0,4,39809
17434092,1,2016-02-25 16:49:00,$47.34,Online Transaction,ONLINE,Unknown,5651,No Error,Mastercard,Debit,YES,23404,1,827,3080,5,47993
12403765,0,2013-02-27 12:46:00,$409.76,Swipe Transaction,Vienna,Austria,3509,No Error,Visa,Credit,YES,22500,2,721,73401,2,96661
15543580,0,2015-01-16 14:56:00,$98.92,Chip Transaction,Elmira,NY,5300,No Error,Mastercard,Debit,YES,23956,1,726,14135,4,43070
21776731,0,2018-09-06 10:53:00,$2.27,Chip Transaction,Tucson,AZ,5499,No Error,Mastercard,Debit,YES,17614,2,823,84935,1,43826
17431315,0,2016-02-25 08:42:00,$4.99,Chip Transaction,Highlands,NC,5411,No Error,Visa,Debit,YES,17297,1,758,84507,4,32418
12024730,0,2012-12-04 09:06:00,$26.69,Swipe Transaction,Cherry Hill,NJ,4121,No Error,Mastercard,Debit,YES,26136,1,803,3867,2,80794
14803799,0,2014-08-09 01:58:00,$44.51,Swipe Transaction,Arlington,MA,5921,No Error,Visa,Credit,YES,17300,1,503,181429,2,82974
16662038,1,2015-09-14 04:24:00,$285.68,Online Transaction,ONLINE,Unknown,3405,No Error,Mastercard,Debit,YES,1807,2,684,55173,5,44334
11726129,0,2012-09-27 15:10:00,$11.53,Online Transaction,ONLINE,Unknown,5311,No Error,Visa,Credit,YES,13200,2,700,65525,3,36323
17198948,0,2016-01-06 14:27:00,$34.50,Online Transaction,ONLINE,Unknown,4784,No Error,Mastercard,Debit,YES,29828,1,798,75608,5,68765
14045158,0,2014-02-23 17:06:00,$78.00,Swipe Transaction,Monroe,MI,5541,No Error,Visa,Debit,YES,9073,2,641,74352,5,40246
16920773,1,2015-11-08 12:21:00,$203.54,Online Transaction,ONLINE,Unknown,5732,No Error,Mastercard,Debit (Prepaid),YES,58,1,850,0,3,43084
12963779,0,2013-07-01 10:41:00,$10.18,Swipe Transaction,San Antonio,TX,5912,No Error,Visa,Credit,NO,8100,1,702,59827,4,25585
18165160,0,2016-08-01 07:00:00,$2.18,Chip Transaction,Alhambra,CA,5812,No Error,Visa,Credit,YES,9200,1,764,36832,5,43180
20888655,0,2018-03-02 09:34:00,$1.18,Chip Transaction,Warner Robins,GA,5499,No Error,Visa,Debit,YES,16109,1,712,20902,4,31066
19647324,0,2017-06-12 12:44:00,$60.00,Chip Transaction,Littleton,MA,4829,No Error,Visa,Debit,YES,19158,1,850,58544,5,43560
22657501,0,2019-03-12 01:13:00,$42.29,Online Transaction,ONLINE,Unknown,4900,No Error,Mastercard,Credit,NO,8000,1,713,49182,3,37384
21145040,0,2018-04-25 14:26:00,$49.92,Online Transaction,ONLINE,Unknown,5311,No Error,Mastercard,Debit,YES,17598,1,695,57746,3,37617
20807895,0,2018-02-13 06:39:00,$55.00,Chip Transaction,Dallas,TX,5541,No Error,Mastercard,Debit,YES,11415,2,706,44404,4,25883
16100859,0,2015-05-17 06:09:00,$5.64,Chip Transaction,Hurst,TX,5812,No Error,Mastercard,Debit,YES,20111,2,791,93406,5,63030
10106866,0,2011-09-24 01:35:00,$2.84,Swipe Transaction,Sulphur,LA,5541,No Error,Mastercard,Debit,YES,12852,2,761,69070,6,54587
22734805,1,2019-03-28 12:01:00,$37.40,Chip Transaction,Rome,Italy,3509,No Error,Mastercard,Debit,YES,20743,1,702,23650,7,39303
11290397,0,2012-06-21 09:36:00,$23.67,Online Transaction,ONLINE,Unknown,4784,No Error,Discover,Credit,YES,7600,1,734,66681,6,28269
23470779,0,2019-08-31 06:43:00,$4.76,Chip Transaction,Sacramento,CA,5411,No Error,Visa,Credit,YES,18400,2,635,200435,1,63583
20178821,0,2017-10-02 18:33:00,$10.55,Chip Transaction,Jacksonville,FL,5411,No Error,Mastercard,Credit,YES,12400,2,767,127951,3,40000
20481930,0,2017-12-05 23:06:00,$97.32,Chip Transaction,High Point,NC,5541,No Error,Visa,Debit,YES,41084,2,813,79960,7,48944
13603988,0,2013-11-19 06:27:00,$41.88,Online Transaction,ONLINE,Unknown,4784,No Error,Mastercard,Credit,YES,22500,1,701,182809,5,96901
23648543,0,2019-10-07 16:17:00,$43.79,Chip Transaction,David City,NE,7538,No Error,Visa,Debit,YES,8845,2,692,43936,2,34460
10681726,0,2012-02-02 21:36:00,$35.72,Swipe Transaction,Danville,VA,5812,No Error,Mastercard,Debit,YES,16266,1,745,19507,5,28553
12275249,0,2013-01-29 16:18:00,$209.90,Swipe Transaction,Chardon,OH,8021,No Error,Amex,Credit,YES,11100,2,701,80367,1,52130
17518185,0,2016-03-15 20:16:00,$39.42,Chip Transaction,Skiatook,OK,5541,No Error,Mastercard,Credit,YES,11800,1,690,90238,4,43290
11639722,0,2012-09-08 07:22:00,$-87.00,Swipe Transaction,Dallas,TX,5499,No Error,Mastercard,Debit,YES,11415,2,706,44404,4,25883
7524289,0,2010-01-13 12:38:00,$83.45,Swipe Transaction,Burnham,ME,5411,No Error,Mastercard,Debit,YES,5796,1,792,0,4,44134
20173134,0,2017-10-01 13:24:00,$35.46,Online Transaction,ONLINE,Unknown,4121,No Error,Discover,Credit,YES,21000,2,632,117380,1,80526
16295420,0,2015-06-27 14:43:00,$-54.00,Chip Transaction,Dinuba,CA,5499,No Error,Visa,Debit (Prepaid),YES,31,2,714,691,4,17016
12443589,0,2013-03-08 10:18:00,$47.77,Swipe Transaction,Gainesville,GA,5411,No Error,Mastercard,Debit,YES,19132,1,625,43097,1,32245
17890719,0,2016-06-03 16:03:00,$9.99,Chip Transaction,Shelton,CT,5499,No Error,Mastercard,Debit,YES,36344,1,733,206000,3,65736
15861328,0,2015-03-26 10:22:00,$70.96,Chip Transaction,Sacramento,CA,4900,No Error,Visa,Debit,YES,17108,1,689,18859,5,31177
14741893,0,2014-07-26 12:01:00,$6.57,Swipe Transaction,Skokie,IL,5411,No Error,Visa,Credit,YES,17700,1,711,12409,5,44452
19546286,0,2017-05-22 07:14:00,$59.00,Chip Transaction,Novato,CA,5499,No Error,Visa,Debit,YES,23018,1,722,12525,4,61846
15854183,0,2015-03-24 16:45:00,$-56.00,Chip Transaction,Chiefland,FL,5541,No Error,Visa,Debit,YES,15878,2,738,70128,3,40156
18425362,0,2016-09-25 16:18:00,$71.50,Online Transaction,ONLINE,Unknown,4784,No Error,Mastercard,Debit,YES,15967,2,687,63264,5,35699
10130855,0,2011-09-29 14:35:00,$97.00,Swipe Transaction,Rockwall,TX,5499,No Error,Visa,Credit,YES,9700,2,714,87605,4,70673
22345926,0,2019-01-05 06:55:00,$0.34,Chip Transaction,Boulder,CO,5499,No Error,Visa,Debit,YES,27623,2,734,0,3,67589
19225872,0,2017-03-15 08:41:00,$80.00,Chip Transaction,Fontana,CA,4829,No Error,Mastercard,Credit,YES,6000,1,704,62224,6,47242
17704491,0,2016-04-24 21:07:00,$80.54,Swipe Transaction,Richmond,CA,5912,No Error,Mastercard,Credit,NO,5600,2,684,81825,5,44585
16019603,1,2015-04-29 11:29:00,$118.40,Swipe Transaction,Stephenville,TX,7832,No Error,Mastercard,Debit (Prepaid),NO,80,1,681,18693,4,27943
20435432,0,2017-11-26 03:49:00,$-169.00,Chip Transaction,Covelo,CA,7011,No Error,Visa,Credit,YES,29200,2,646,156474,5,87030
12417077,0,2013-03-02 11:15:00,$14.36,Swipe Transaction,Billings,MT,5310,No Error,Mastercard,Debit,YES,14216,2,849,59472,4,40012
13898945,0,2014-01-22 18:22:00,$33.82,Online Transaction,ONLINE,Unknown,4121,No Error,Mastercard,Credit,YES,21200,1,726,29627,7,61901
14977407,0,2014-09-15 15:07:00,$13.37,Swipe Transaction,South Gate,CA,5300,No Error,Mastercard,Debit (Prepaid),YES,71,1,730,0,3,29621
18658640,0,2016-11-14 12:51:00,$77.41,Chip Transaction,Alta,IA,5661,No Error,Visa,Credit,YES,10000,1,752,54634,4,34456
9768063,0,2011-07-07 19:47:00,$133.74,Swipe Transaction,Lake Charles,LA,5541,No Error,Mastercard,Debit,YES,12852,2,761,69070,6,54587
22924285,1,2019-05-07 14:16:00,$654.84,Swipe Transaction,Rome,Italy,3005,No Error,Mastercard,Debit,NO,16923,2,701,59062,3,39700
7673663,0,2010-02-20 12:02:00,$22.21,Swipe Transaction,Rutledge,TN,4214,No Error,Visa,Debit,YES,8333,1,722,3880,4,23967
20649722,0,2018-01-10 12:57:00,$147.02,Chip Transaction,Warrington,PA,5311,No Error,Mastercard,Debit,YES,29333,1,755,2895,5,42509
19665458,0,2017-06-16 09:01:00,$252.61,Online Transaction,ONLINE,Unknown,4899,No Error,Mastercard,Debit,YES,51302,1,741,247623,2,104049
9628442,0,2011-06-05 15:53:00,$22.38,Swipe Transaction,Garner,NC,5300,No Error,Visa,Debit,YES,20173,1,650,106753,3,46256
23507548,0,2019-09-07 18:46:00,$23.21,Chip Transaction,Olympia,WA,5541,No Error,Visa,Debit,YES,32075,2,583,66148,5,49023
21995477,0,2018-10-22 20:04:00,$5.95,Chip Transaction,Pryor,OK,5814,No Error,Mastercard,Debit,YES,22409,2,703,152645,6,55351
14769881,0,2014-08-01 13:56:00,$88.20,Swipe Transaction,Freeport,NY,5300,No Error,Visa,Debit,YES,15094,2,703,87837,3,48010
14939665,0,2014-09-07 11:38:00,$11.14,Swipe Transaction,Detroit,MI,5942,No Error,Visa,Credit,YES,14000,1,641,74352,5,40246
14642592,0,2014-07-04 17:13:00,$72.74,Swipe Transaction,College Park,MD,5814,No Error,Visa,Credit,YES,14800,1,751,20683,4,53464
22818302,0,2019-04-15 07:33:00,$8.35,Chip Transaction,Black Diamond,WA,5541,No Error,Visa,Debit,YES,29734,1,786,13015,8,56635
10724699,0,2012-02-12 17:10:00,$71.30,Swipe Transaction,Copiague,NY,5814,No Error,Mastercard,Debit,YES,9120,2,748,58765,3,42976
16607341,0,2015-09-02 08:29:00,$3.66,Chip Transaction,Oak Harbor,WA,5814,No Error,Mastercard,Debit,YES,12358,1,698,58236,6,33717
8222685,0,2010-07-06 11:37:00,$194.51,Swipe Transaction,Oceanside,CA,8049,No Error,Mastercard,Debit,YES,14802,1,686,36540,3,34449
14511622,0,2014-06-06 08:29:00,$-53.00,Swipe Transaction,Valley Stream,NY,5499,No Error,Visa,Credit,YES,20700,2,672,104134,4,56640
9629678,0,2011-06-05 22:40:00,$42.38,Swipe Transaction,Rockwall,TX,5812,No Error,Mastercard,Debit,YES,6940,2,714,87605,4,70673
17253997,0,2016-01-18 11:24:00,$32.77,Chip Transaction,Blackwood,NJ,5300,No Error,Mastercard,Debit,YES,25422,1,505,242379,1,109673
12370054,0,2013-02-19 21:22:00,$1.00,Swipe Transaction,Bessemer,AL,5814,No Error,Visa,Debit,YES,15814,1,689,54899,4,40473
11317347,0,2012-06-27 10:47:00,$8.51,Swipe Transaction,Woodway,TX,5812,No Error,Mastercard,Debit,NO,16726,1,606,153374,4,53138
12460277,0,2013-03-11 20:32:00,$37.49,Swipe Transaction,Philadelphia,PA,5541,No Error,Visa,Debit,YES,7159,1,770,14743,3,20424
10702251,1,2012-02-07 15:33:00,$4.70,Online Transaction,ONLINE,Unknown,4121,No Error,Mastercard,Debit,YES,24481,1,781,0,5,39214
20870345,1,2018-02-26 11:04:00,$21.16,Chip Transaction,Rome,Italy,5311,No Error,Mastercard,Credit,YES,5000,1,811,19085,4,24009
20072648,0,2017-09-10 07:22:00,$53.14,Chip Transaction,Conover,NC,5541,No Error,Mastercard,Debit,YES,17598,1,695,57746,3,37617
21627435,0,2018-08-05 17:24:00,$-86.00,Chip Transaction,Cedar Lake,IN,5541,No Error,Visa,Credit,YES,4400,2,738,70128,3,40156
10902937,1,2012-03-25 10:15:00,$7.58,Online Transaction,ONLINE,Unknown,4829,No Error,Visa,Debit,YES,45854,2,714,2279,5,41763
15428805,0,2014-12-22 20:31:00,$40.00,Swipe Transaction,Camillus,NY,4829,No Error,Mastercard,Debit,YES,22625,1,709,18724,8,48750
12284767,0,2013-01-31 21:08:00,$64.03,Swipe Transaction,Rock City,IL,5814,No Error,Visa,Debit,YES,15265,2,716,36994,5,37898
9539793,0,2011-05-15 20:04:00,$48.88,Swipe Transaction,Davenport,IA,7230,No Error,Visa,Debit,YES,21587,2,704,0,3,41997
16156010,0,2015-05-28 18:07:00,$37.00,Chip Transaction,Camp Lejeune,NC,5912,No Error,Mastercard,Debit,YES,9883,1,694,13351,4,28988
14173803,0,2014-03-23 22:59:00,$119.75,Swipe Transaction,Detroit,MI,8021,No Error,Mastercard,Debit,YES,10005,1,682,37929,2,28181
18086608,0,2016-07-15 10:32:00,$30.27,Chip Transaction,Cadillac,MI,5311,No Error,Visa,Debit,YES,8643,2,631,22171,4,42812
15951377,1,2015-04-14 15:37:00,$207.59,Online Transaction,ONLINE,Unknown,5300,No Error,Visa,Debit,YES,21148,1,746,1493,5,38499
21978462,0,2018-10-19 09:27:00,$2.41,Swipe Transaction,Sparks,GA,5411,No Error,Mastercard,Debit,NO,13460,1,501,33332,2,26996
17693112,0,2016-04-22 11:52:00,$38.60,Chip Transaction,San Jose,CA,5812,No Error,Visa,Debit,YES,31896,1,737,37514,7,52929
18568601,0,2016-10-26 09:06:00,$74.31,Swipe Transaction,Cedar Rapids,IA,5651,No Error,Mastercard,Debit,YES,19651,2,790,58252,7,45876
8884059,0,2010-12-12 13:46:00,$228.79,Swipe Transaction,Marietta,GA,8099,No Error,Visa,Debit,NO,37656,1,638,24100,7,63502
11478218,0,2012-08-02 15:02:00,$120.00,Swipe Transaction,Danville,AL,4829,No Error,Visa,Credit,YES,18700,1,701,113137,3,48686
10783556,0,2012-02-26 05:08:00,$31.15,Swipe Transaction,Chicago Heights,IL,5813,No Error,Visa,Credit,YES,22500,1,791,0,4,82298
16099069,0,2015-05-16 15:18:00,$18.66,Chip Transaction,Dearborn,MI,5211,No Error,Visa,Debit,YES,20943,1,733,9097,6,56542
13732362,0,2013-12-17 11:33:00,$46.80,Online Transaction,ONLINE,Unknown,4784,No Error,Visa,Debit,YES,4653,2,707,42369,7,44383
15791792,0,2015-03-11 10:13:00,$59.14,Chip Transaction,Ogden,UT,4111,No Error,Visa,Debit,YES,3415,2,785,53368,3,44992
7577158,0,2010-01-27 06:13:00,$3.20,Swipe Transaction,Jackson Center,PA,5411,No Error,Mastercard,Debit,YES,14713,2,765,39514,4,34272
18141743,0,2016-07-27 06:28:00,$83.53,Chip Transaction,Cleveland,OH,5661,No Error,Amex,Credit,YES,11100,2,701,80367,1,52130
13727789,0,2013-12-16 10:36:00,$23.23,Online Transaction,ONLINE,Unknown,4784,No Error,Visa,Debit,YES,26410,1,771,46160,4,77288
16161662,0,2015-05-30 06:28:00,$4.37,Chip Transaction,Los Angeles,CA,5921,No Error,Visa,Debit (Prepaid),YES,83,2,688,65179,1,25205
14026591,0,2014-02-19 17:16:00,$14.58,Swipe Transaction,Pomona,CA,5261,No Error,Visa,Credit,YES,8600,1,693,44434,3,32678
14405708,0,2014-05-13 18:08:00,$46.05,Swipe Transaction,College Park,MD,5912,No Error,Visa,Credit,YES,15700,2,751,20683,4,53464
14460674,0,2014-05-25 22:54:00,$28.88,Swipe Transaction,Modesto,CA,5211,No Error,Mastercard,Debit,YES,1326,2,724,93592,5,26535
12597063,0,2013-04-11 11:36:00,$30.38,Swipe Transaction,San Antonio,TX,4814,No Error,Mastercard,Debit,YES,13019,2,739,84949,4,36711
8579997,0,2010-09-30 13:11:00,$13.95,Swipe Transaction,Everett,PA,5411,No Error,Mastercard,Debit,YES,11857,1,746,1493,5,38499
9388005,0,2011-04-10 12:24:00,$20.46,Swipe Transaction,Orfordville,WI,5942,No Error,Amex,Credit,YES,9600,1,698,2192,3,43386
10737847,1,2012-02-15 16:06:00,$40.06,Swipe Transaction,Palmetto,FL,5921,No Error,Visa,Debit,YES,5933,1,562,48465,4,35868
17738675,0,2016-05-02 09:46:00,$43.73,Online Transaction,ONLINE,Unknown,4784,No Error,Mastercard,Debit (Prepaid),NO,56,2,625,63194,3,44839
17652499,0,2016-04-13 16:26:00,$24.64,Online Transaction,ONLINE,Unknown,4121,No Error,Mastercard,Debit,YES,26838,2,828,98613,5,52065
7777069,0,2010-03-18 10:27:00,$80.00,Swipe Transaction,Newburgh,NY,4829,No Error,Visa,Debit,YES,8280,1,847,0,7,46408
17477937,0,2016-03-07 10:28:00,$8.01,Online Transaction,ONLINE,Unknown,4784,No Error,Visa,Credit,YES,21000,1,679,135319,1,52308
13897575,0,2014-01-22 12:58:00,$20.83,Swipe Transaction,Donaldsonville,LA,7538,No Error,Visa,Debit (Prepaid),YES,75,1,737,2007,1,27150
10818878,0,2012-03-06 09:27:00,$92.92,Swipe Transaction,Windsor,CO,4900,No Error,Mastercard,Debit,YES,25900,1,690,1807,6,60080
23523390,0,2019-09-11 09:09:00,$27.49,Chip Transaction,Vienna,VA,5499,No Error,Mastercard,Debit,YES,19670,2,764,236393,4,123540
16878761,0,2015-10-30 12:34:00,$12.65,Online Transaction,ONLINE,Unknown,5815,No Error,Mastercard,Debit,YES,32165,1,655,22961,2,28210
9939557,0,2011-08-16 13:54:00,$-86.00,Swipe Transaction,Hitchcock,TX,5499,No Error,Mastercard,Debit,NO,2159,2,710,57199,3,43181
8374427,0,2010-08-12 07:09:00,$7.16,Swipe Transaction,Victor,NY,5814,No Error,Visa,Debit (Prepaid),YES,45,3,655,59247,4,34057
7742833,0,2010-03-09 15:46:00,$33.14,Online Transaction,ONLINE,Unknown,7349,No Error,Visa,Debit,NO,9781,2,702,85457,4,39238
15093236,0,2014-10-10 20:32:00,$10.37,Swipe Transaction,San Francisco,CA,5411,No Error,Mastercard,Debit (Prepaid),YES,86,1,789,1082,5,47213
18238544,1,2016-08-16 16:56:00,$32.11,Online Transaction,ONLINE,Unknown,5311,No Error,Visa,Debit,YES,20773,1,797,126175,6,43529
14082020,0,2014-03-03 16:53:00,$112.92,Swipe Transaction,Easton,PA,4814,No Error,Visa,Debit,YES,15322,2,767,32793,5,50696
7899560,0,2010-04-18 06:27:00,$9.38,Swipe Transaction,Louisville,OH,5411,No Error,Visa,Debit,YES,16641,2,755,93255,5,38611
7751321,0,2010-03-11 17:43:00,$53.10,Swipe Transaction,Spring Hill,FL,5812,No Error,Visa,Debit,YES,13116,2,694,142314,3,49577
23536905,0,2019-09-14 06:33:00,$3.46,Chip Transaction,Morristown,TN,5411,No Error,Mastercard,Debit,YES,17667,1,745,51984,3,34868
17124224,1,2015-12-21 17:12:00,$13.98,Online Transaction,ONLINE,Unknown,5912,No Error,Visa,Debit,YES,4589,1,763,69869,2,41690
16497213,1,2015-08-09 15:10:00,$152.51,Online Transaction,ONLINE,Unknown,5732,No Error,Mastercard,Debit,YES,37303,1,683,161166,6,80957
8659971,0,2010-10-19 19:22:00,$48.75,Swipe Transaction,Melbourne,FL,5814,No Error,Mastercard,Debit,YES,23932,3,698,72357,4,32295
14798024,0,2014-08-07 17:49:00,$0.00,Swipe Transaction,Omaha,NE,4829,No Error,Mastercard,Credit,YES,13800,1,745,0,4,67761
13299472,0,2013-09-13 06:18:00,$2.88,Swipe Transaction,Milpitas,CA,5812,No Error,Mastercard,Debit,YES,47153,1,755,35669,2,68827
19335257,0,2017-04-07 11:44:00,$55.00,Chip Transaction,Silver Spring,MD,5499,No Error,Mastercard,Debit,YES,39870,2,692,193215,4,62791
12202786,0,2013-01-13 09:06:00,$9.26,Swipe Transaction,Overton,NV,5812,No Error,Mastercard,Debit,YES,13177,2,624,87970,3,56605
16046070,0,2015-05-05 07:46:00,$4.90,Swipe Transaction,Tulsa,OK,5812,No Error,Visa,Debit (Prepaid),YES,51,2,707,0,5,94733
19621550,0,2017-06-07 05:24:00,$20.77,Chip Transaction,Sioux Falls,SD,5812,No Error,Mastercard,Debit,YES,16681,1,850,8764,6,52380
21679475,0,2018-08-16 19:54:00,$27.73,Chip Transaction,Dallas,TX,5813,No Error,Visa,Debit,YES,9310,2,797,88482,6,28137
11729962,0,2012-09-28 12:40:00,$11.77,Swipe Transaction,Tokyo,Japan,5812,No Error,Amex,Credit,YES,12100,1,701,87775,3,47334
21439951,0,2018-06-27 10:10:00,$15.71,Chip Transaction,Fort Knox,KY,5300,No Error,Mastercard,Credit,YES,10400,1,588,65919,4,32378
22245686,0,2018-12-14 21:00:00,$20.30,Chip Transaction,Gloucester,VA,5411,No Error,Mastercard,Debit,YES,19955,1,802,111007,6,42900
8971620,0,2011-01-02 08:10:00,$60.06,Swipe Transaction,Brownsville,TX,4814,No Error,Mastercard,Credit,YES,12000,1,713,101549,3,45497
18341661,0,2016-09-07 16:11:00,$88.00,Chip Transaction,Yorba Linda,CA,5541,No Error,Mastercard,Debit,YES,19959,2,685,4344,4,99825
16978058,0,2015-11-20 17:42:00,$22.69,Chip Transaction,Quincy,FL,5411,No Error,Visa,Debit,YES,10211,2,767,1809,7,10142
23152358,0,2019-06-24 20:38:00,$27.92,Chip Transaction,Lakeside,CA,5812,No Error,Mastercard,Debit,YES,19038,2,743,69620,2,46361
8590412,1,2010-10-03 08:00:00,$25.78,Online Transaction,ONLINE,Unknown,5815,No Error,Visa,Debit,YES,7946,2,711,12409,5,44452
9551218,0,2011-05-18 12:53:00,$81.00,Swipe Transaction,Pinole,CA,5499,No Error,Mastercard,Debit,YES,12346,2,655,22961,2,28210
15648489,0,2015-02-08 11:57:00,$38.58,Online Transaction,ONLINE,Unknown,4784,No Error,Amex,Credit,YES,13200,2,828,98613,5,52065
8167017,0,2010-06-22 18:29:00,$21.03,Swipe Transaction,Chicago,IL,7538,No Error,Mastercard,Debit (Prepaid),NO,39,1,694,54279,2,29564
22167010,0,2018-11-28 09:24:00,$29.52,Online Transaction,ONLINE,Unknown,4784,No Error,Visa,Debit,YES,33539,2,746,126806,3,58846
7650385,0,2010-02-14 13:30:00,$80.00,Swipe Transaction,Fort Worth,TX,4829,No Error,Visa,Debit,YES,1241,2,590,60261,1,24827
18789047,0,2016-12-12 08:52:00,$4.50,Chip Transaction,Pleasantville,NJ,5541,No Error,Mastercard,Credit,YES,6300,2,749,42507,4,30910
18493481,0,2016-10-10 09:33:00,$10.55,Chip Transaction,Fresno,CA,9402,No Error,Discover,Credit,YES,5300,2,697,1213,5,26126
16204300,0,2015-06-08 07:19:00,$68.00,Chip Transaction,Gainesville,FL,5499,No Error,Mastercard,Debit,YES,18627,2,602,132409,1,52538
18742365,0,2016-12-02 08:29:00,$5.14,Chip Transaction,Placentia,CA,5812,No Error,Visa,Debit,YES,31504,2,682,17835,4,46945
20708087,0,2018-01-22 19:02:00,$26.59,Chip Transaction,Washington,DC,7832,No Error,Visa,Debit,YES,15204,1,796,69614,3,37965
10881763,0,2012-03-20 13:11:00,$107.05,Swipe Transaction,Thompsons Station,TN,5541,Insufficient Balance,Mastercard,Credit,NO,12300,1,808,120125,4,56350
11804409,0,2012-10-15 11:36:00,$-99.00,Swipe Transaction,Aurora,CO,5499,No Error,Mastercard,Debit,YES,27377,1,617,102318,3,50666
8042612,0,2010-05-23 11:34:00,$99.68,Swipe Transaction,Kingman,AZ,5300,No Error,Visa,Credit,YES,11100,1,820,56622,4,34895
15926153,0,2015-04-09 09:26:00,$22.94,Chip Transaction,Houston,TX,7210,No Error,Mastercard,Debit,YES,18462,1,691,64269,5,53872
16439592,0,2015-07-28 09:30:00,$2.66,Chip Transaction,Friedens,PA,5814,No Error,Mastercard,Debit,YES,11857,1,746,1493,5,38499
8418061,1,2010-08-22 14:55:00,$1.72,Online Transaction,ONLINE,Unknown,5942,No Error,Visa,Debit,YES,27317,2,703,87837,3,48010
21212365,0,2018-05-09 21:39:00,$46.22,Chip Transaction,Providence,RI,5942,No Error,Mastercard,Debit,YES,36502,1,693,6197,5,49328
16523943,0,2015-08-15 12:43:00,$92.00,Chip Transaction,Township Of Washington,NJ,5541,No Error,Mastercard,Debit,YES,41057,2,771,46160,4,77288
10964518,0,2012-04-08 11:04:00,$15.01,Swipe Transaction,San Diego,CA,5411,No Error,Mastercard,Debit,YES,8212,2,746,40722,5,34854
14069559,1,2014-03-01 07:43:00,$91.12,Online Transaction,ONLINE,Unknown,5300,No Error,Visa,Debit,YES,9062,1,491,61861,3,39521
12438780,0,2013-03-07 09:28:00,$2.22,Swipe Transaction,Dover,OH,5499,No Error,Mastercard,Debit,YES,24425,2,748,93284,6,38318
16331410,0,2015-07-05 09:48:00,$66.31,Chip Transaction,Garland,TX,4111,No Error,Mastercard,Debit,YES,1447,2,711,56777,2,28951
18432932,0,2016-09-27 09:57:00,$2.73,Chip Transaction,Flushing,NY,5411,No Error,Mastercard,Debit,YES,9278,2,807,375,6,17150
17346824,1,2016-02-07 10:21:00,$110.97,Swipe Transaction,Short Hills,NJ,5813,No Error,Visa,Credit,NO,57200,1,752,91367,5,280199
13850822,1,2014-01-12 09:19:00,$170.46,Online Transaction,ONLINE,Unknown,3260,No Error,Amex,Credit,YES,9800,1,749,63689,5,37607
18575919,0,2016-10-27 16:47:00,$88.82,Chip Transaction,Melrose,MN,5411,No Error,Mastercard,Debit,YES,7546,1,491,61861,3,39521
23693135,0,2019-10-17 10:57:00,$29.33,Online Transaction,ONLINE,Unknown,4784,No Error,Mastercard,Debit,YES,23231,1,737,6707,6,49531
19138870,0,2017-02-24 14:28:00,$50.00,Swipe Transaction,Columbia,SC,5541,No Error,Visa,Debit,YES,24230,1,771,143208,6,48762
14319361,0,2014-04-25 05:04:00,$4.18,Swipe Transaction,Tacoma,WA,5541,No Error,Discover,Credit,YES,10600,1,721,64098,2,41483
16793495,0,2015-10-12 07:28:00,$88.00,Chip Transaction,Morristown,NJ,5499,No Error,Mastercard,Debit,YES,62703,1,709,44432,2,112875
17511540,0,2016-03-14 12:47:00,$17.09,Swipe Transaction,Eight Mile,AL,5411,No Error,Mastercard,Debit,NO,16257,1,713,60527,4,31008
16931223,0,2015-11-10 14:45:00,$18.53,Chip Transaction,Berea,OH,5300,No Error,Visa,Credit,YES,4000,1,693,43140,3,31814
14908381,0,2014-08-31 14:54:00,$14.56,Swipe Transaction,Clear Lake,MN,4214,No Error,Mastercard,Debit,YES,17257,2,758,25867,7,38800
10024335,0,2011-09-05 06:16:00,$103.08,Swipe Transaction,Rockville Centre,NY,5499,No Error,Amex,Credit,YES,13400,1,831,39076,3,103294
21507653,0,2018-07-11 14:04:00,$140.00,Chip Transaction,Livonia,MI,4829,No Error,Mastercard,Debit,YES,2504,1,701,36262,6,48690
15644319,0,2015-02-07 13:22:00,$8.62,Chip Transaction,Warner Robins,GA,5812,No Error,Mastercard,Debit,YES,11457,2,751,12054,3,28104
19211578,0,2017-03-12 06:34:00,$72.00,Chip Transaction,Honolulu,HI,5541,No Error,Mastercard,Debit,YES,36309,1,651,149968,9,62005
17046592,0,2015-12-05 11:07:00,$69.88,Chip Transaction,Bellbrook,OH,5211,No Error,Visa,Debit,YES,7721,1,679,29300,1,59251
19431760,0,2017-04-27 19:15:00,$34.94,Swipe Transaction,Foxboro,MA,5814,No Error,Mastercard,Debit,NO,42537,2,711,133421,2,72470
12810458,0,2013-05-28 15:21:00,$54.80,Swipe Transaction,Louisville,MS,5651,No Error,Discover,Credit,YES,7400,2,681,40499,3,31231
10112447,0,2011-09-25 12:19:00,$2.22,Swipe Transaction,Okeechobee,FL,5499,No Error,Visa,Debit,YES,47372,2,646,192458,4,105515
12446809,0,2013-03-09 05:08:00,$121.58,Swipe Transaction,Poughkeepsie,NY,5300,No Error,Visa,Debit,YES,23404,1,730,82173,3,63796
8291739,0,2010-07-23 07:52:00,$17.27,Swipe Transaction,Marietta,GA,9402,No Error,Mastercard,Debit,YES,26328,1,804,93795,6,67470
15552171,0,2015-01-18 11:29:00,$1.94,Chip Transaction,Shippensburg,PA,5499,No Error,Visa,Debit,YES,12754,2,724,91995,5,35489
16610381,0,2015-09-02 18:38:00,$-99.00,Chip Transaction,Odessa,FL,5541,No Error,Visa,Credit,YES,18300,1,721,28332,4,26660
7663051,0,2010-02-17 15:21:00,$13.44,Swipe Transaction,East Hartford,CT,5921,No Error,Mastercard,Debit (Prepaid),YES,52,2,784,1692,6,22726
17852637,0,2016-05-26 13:04:00,$18.05,Chip Transaction,Golden,CO,5812,No Error,Visa,Debit,YES,27623,2,734,0,3,67589
19335359,0,2017-04-07 12:03:00,$-93.00,Chip Transaction,Shelbyville,IN,5541,No Error,Visa,Debit,YES,12106,2,703,21600,4,37362
12123247,0,2012-12-26 11:03:00,$30.03,Online Transaction,ONLINE,Unknown,4784,No Error,Visa,Debit,YES,32043,1,741,80763,4,69747
22904455,0,2019-05-03 11:24:00,$29.37,Swipe Transaction,Whitehouse Station,NJ,5411,No Error,Mastercard,Debit,NO,18050,2,704,6955,2,104692
7555644,0,2010-01-21 13:23:00,$4.66,Swipe Transaction,Massena,NY,5310,No Error,Mastercard,Debit,YES,14418,2,748,58765,3,42976
15578639,0,2015-01-24 08:34:00,$16.04,Chip Transaction,Williston Park,NY,5814,No Error,Mastercard,Debit,YES,37303,1,683,161166,6,80957
22156626,0,2018-11-25 22:11:00,$-57.00,Swipe Transaction,Buffalo,NY,5541,No Error,Mastercard,Credit,YES,7000,2,686,57818,2,31525
7682277,0,2010-02-22 13:04:00,$-77.00,Swipe Transaction,Merritt Island,FL,5541,No Error,Mastercard,Debit,YES,12047,2,606,85160,1,53702
23663889,0,2019-10-11 07:02:00,$-77.00,Chip Transaction,York,NE,5499,No Error,Visa,Debit,YES,11347,2,684,33657,4,36753
15497511,0,2015-01-06 14:32:00,$71.65,Chip Transaction,Houston,TX,7538,No Error,Mastercard,Debit,YES,24274,1,704,140107,5,63356
7848204,0,2010-04-05 07:48:00,$4.79,Swipe Transaction,Decatur,GA,5942,No Error,Mastercard,Credit,YES,23500,2,703,157723,3,92017
19917432,0,2017-08-08 11:56:00,$42.39,Chip Transaction,Santa Rosa,CA,7538,No Error,Mastercard,Debit,YES,20552,1,635,57336,3,46487
22921338,0,2019-05-06 19:48:00,$58.00,Chip Transaction,Mcalester,OK,5541,No Error,Mastercard,Debit (Prepaid),YES,40,1,757,10019,5,30983
23281038,0,2019-07-22 02:38:00,$27.26,Chip Transaction,New Kensington,PA,5813,No Error,Visa,Debit,YES,14277,1,729,9452,5,39796
15051351,0,2014-10-01 17:12:00,$39.52,Swipe Transaction,Pickerington,OH,5814,No Error,Mastercard,Debit,NO,3099,2,755,1433,5,32669
15437545,0,2014-12-24 19:19:00,$12.03,Swipe Transaction,Lancaster,NY,5541,No Error,Mastercard,Debit,NO,11460,2,733,36288,5,52841
17240221,0,2016-01-15 12:42:00,$84.00,Chip Transaction,Houston,TX,5499,No Error,Mastercard,Debit,YES,53466,2,660,241571,1,193773
16367155,0,2015-07-12 20:13:00,$94.75,Swipe Transaction,Venus,TX,5912,No Error,Mastercard,Credit,YES,9000,2,757,0,8,23371
20980333,1,2018-03-21 18:09:00,$10.90,Chip Transaction,Rome,Italy,5411,No Error,Visa,Credit,YES,13600,2,747,135478,1,53966
12759156,0,2013-05-17 10:23:00,$25.75,Swipe Transaction,Aurora,CO,5411,No Error,Visa,Debit,YES,23878,1,718,9066,4,45754
19763660,0,2017-07-06 18:16:00,$15.50,Online Transaction,ONLINE,Unknown,4121,No Error,Mastercard,Debit,YES,1866,1,812,23451,2,35933
13013729,0,2013-07-12 10:07:00,$2.51,Swipe Transaction,Chesterfield,VA,5411,No Error,Visa,Debit,NO,23636,2,700,3584,4,54881
16516251,0,2015-08-13 16:50:00,$152.62,Chip Transaction,Fort Lauderdale,FL,8011,No Error,Visa,Debit,YES,20447,2,661,90049,7,44170
17189729,0,2016-01-04 14:51:00,$50.20,Chip Transaction,North Hollywood,CA,5499,No Error,Visa,Debit,YES,10676,2,725,907,4,34441
17597695,0,2016-04-01 22:57:00,$22.36,Chip Transaction,Cedar Rapids,IA,5300,No Error,Mastercard,Debit,YES,16898,1,745,58509,6,51528
17110883,0,2015-12-19 05:52:00,$153.55,Chip Transaction,Spring Grove,IL,4111,No Error,Visa,Debit,YES,7946,2,711,12409,5,44452
10353457,0,2011-11-19 18:44:00,$10.63,Swipe Transaction,Imlay City,MI,7832,No Error,Mastercard,Credit,YES,10800,2,814,108449,5,46244
14969588,0,2014-09-14 01:38:00,$8.03,Swipe Transaction,Dickinson,TX,5411,No Error,Mastercard,Debit,YES,16339,1,706,108192,2,49374
17167942,0,2015-12-30 20:50:00,$44.72,Chip Transaction,Selma,AL,5812,No Error,Amex,Credit,YES,8400,2,765,114563,3,43496
14545674,0,2014-06-13 14:55:00,$46.21,Swipe Transaction,Miami,FL,7538,No Error,Mastercard,Debit (Prepaid),NO,52,1,627,114394,5,64481
14563077,0,2014-06-17 10:37:00,$10.58,Swipe Transaction,Inman,SC,5541,No Error,Visa,Credit,YES,4600,2,850,0,3,38539
9897044,0,2011-08-06 18:51:00,$45.75,Swipe Transaction,Auburn,CA,5814,No Error,Visa,Debit,YES,5520,2,716,9235,6,22290
10856604,0,2012-03-14 17:29:00,$37.44,Swipe Transaction,Indiantown,FL,4121,No Error,Mastercard,Debit,YES,32895,2,741,95799,5,62432
17370628,0,2016-02-12 10:48:00,$4.53,Chip Transaction,Wilton,CT,5411,No Error,Mastercard,Debit (Prepaid),YES,62,1,700,100192,6,192269
21629512,0,2018-08-06 09:34:00,$25.08,Swipe Transaction,Portage,WI,5411,No Error,Mastercard,Debit,YES,17611,2,787,0,3,40029
21327970,0,2018-06-03 12:43:00,$17.20,Chip Transaction,Atlanta,GA,5411,No Error,Visa,Debit (Prepaid),YES,60,2,773,51520,3,49335
7671440,0,2010-02-19 18:00:00,$13.98,Swipe Transaction,West Sacramento,CA,5411,No Error,Visa,Debit,YES,2572,2,698,151162,4,51454
18806165,1,2016-12-15 16:29:00,$241.00,Online Transaction,ONLINE,Unknown,3684,No Error,Mastercard,Debit (Prepaid),YES,83,1,766,1767,4,24947
11079496,0,2012-05-04 14:07:00,$100.00,Swipe Transaction,Great Falls,MT,4829,No Error,Mastercard,Debit,YES,16187,1,695,42268,2,41249
15149532,0,2014-10-23 08:28:00,$86.89,Swipe Transaction,Mount Vernon,NY,5211,No Error,Amex,Credit,YES,22800,1,840,35135,6,112695
13031529,0,2013-07-16 06:38:00,$95.00,Swipe Transaction,Newtown Square,PA,5541,No Error,Mastercard,Debit (Prepaid),YES,76,1,815,75999,3,107075
17525682,0,2016-03-17 12:12:00,$19.39,Online Transaction,ONLINE,Unknown,4784,No Error,Visa,Debit,YES,27646,1,720,92603,4,35590
21224091,0,2018-05-12 10:53:00,$59.00,Chip Transaction,Aurora,CO,5541,No Error,Mastercard,Credit,YES,10400,1,617,102318,3,50666
13656919,0,2013-11-30 18:18:00,$62.04,Swipe Transaction,Stanwood,IA,5541,No Error,Visa,Debit,NO,20827,1,725,173887,5,59248
16762554,1,2015-10-05 13:00:00,$44.12,Chip Transaction,Cold Spring Harbor,NY,5813,No Error,Visa,Credit,YES,20100,1,721,136853,4,71103
12436865,0,2013-03-06 19:37:00,$76.29,Swipe Transaction,Dallas,TX,5812,No Error,Discover,Credit,YES,16100,2,759,94579,2,75918
13759887,0,2013-12-23 11:23:00,$25.98,Swipe Transaction,Maywood,IL,4121,No Error,Mastercard,Credit,YES,7400,2,655,59730,4,31505
13824259,0,2014-01-06 11:56:00,$11.11,Swipe Transaction,Las Vegas,NV,5814,No Error,Mastercard,Debit,YES,41057,2,771,46160,4,77288
15940705,0,2015-04-12 12:10:00,$4.35,Chip Transaction,Brunswick,OH,7230,No Error,Mastercard,Debit,YES,14480,2,704,83238,6,48038
12696937,0,2013-05-03 13:48:00,$-72.00,Swipe Transaction,Columbia,SC,5541,No Error,Visa,Debit,YES,19636,1,771,143208,6,48762
22638381,0,2019-03-08 07:23:00,$140.00,Chip Transaction,Brooklyn,NY,4829,No Error,Mastercard,Debit,YES,447,2,691,68957,4,46232
20720699,1,2018-01-25 12:38:00,$7.63,Swipe Transaction,Rome,Italy,5211,No Error,Visa,Debit,NO,25429,1,729,128174,3,67226
21169768,1,2018-04-30 18:50:00,$87.70,Chip Transaction,Rome,Italy,5311,No Error,Visa,Debit,YES,21757,1,614,65643,4,40810
11904569,0,2012-11-07 06:43:00,$87.59,Swipe Transaction,Austin,TX,7538,No Error,Amex,Credit,YES,16000,1,737,42852,4,52186
21494591,0,2018-07-08 16:14:00,$36.22,Chip Transaction,Houston,TX,7349,No Error,Mastercard,Debit,YES,29936,1,747,140526,5,63355
7843156,0,2010-04-03 22:32:00,$20.04,Swipe Transaction,Augusta,GA,5812,No Error,Mastercard,Debit,YES,7623,2,733,58712,2,32125
22332777,0,2019-01-02 10:05:00,$185.20,Chip Transaction,Marion,NC,4814,No Error,Mastercard,Credit,YES,10600,1,758,84507,4,32418
8419765,0,2010-08-23 06:14:00,$35.73,Swipe Transaction,Van Buren,AR,5211,No Error,Mastercard,Debit,YES,16986,1,746,40722,5,34854
18818910,1,2016-12-18 14:08:00,$117.50,Swipe Transaction,Camp Hill,PA,5193,No Error,Mastercard,Debit,YES,8024,2,526,69066,3,33387
11818770,0,2012-10-18 13:47:00,$37.42,Swipe Transaction,Cleveland,OH,5912,No Error,Visa,Debit,YES,4488,2,698,21486,2,41109
21951235,0,2018-10-13 12:02:00,$6.87,Chip Transaction,Fernwood,ID,5541,No Error,Mastercard,Debit,YES,15409,2,746,34007,3,25723
20314987,0,2017-10-31 15:31:00,$64.05,Chip Transaction,Warsaw,IN,4111,No Error,Visa,Credit,YES,10000,1,752,54634,4,34456
9475352,0,2011-04-30 16:25:00,$50.80,Online Transaction,ONLINE,Unknown,4784,No Error,Visa,Debit (Prepaid),YES,63,2,687,63264,5,35699
13113384,0,2013-08-03 07:30:00,$56.54,Swipe Transaction,Porum,OK,7538,No Error,Visa,Credit,YES,8600,1,591,1371,6,27864
10559355,0,2012-01-06 04:22:00,$71.19,Swipe Transaction,Osseo,WI,7538,No Error,Visa,Credit,YES,8100,2,733,1370,5,26676
9255243,0,2011-03-10 08:12:00,$33.13,Swipe Transaction,San Rafael,CA,4121,No Error,Visa,Credit,YES,18600,2,850,86171,3,62837
7790749,0,2010-03-21 18:33:00,$40.36,Swipe Transaction,Washington Court House,OH,5411,Insufficient Balance,Mastercard,Debit,YES,17527,1,763,0,4,33729
23747799,0,2019-10-28 21:13:00,$30.08,Chip Transaction,Cleveland,OH,7832,No Error,Mastercard,Debit,YES,957,1,772,10928,4,13089
9251594,0,2011-03-09 10:34:00,$56.84,Swipe Transaction,Traverse City,MI,5970,No Error,Visa,Debit,YES,1112,2,631,22171,4,42812
14450753,0,2014-05-23 18:52:00,$10.39,Swipe Transaction,Lawrence,KS,5812,No Error,Mastercard,Debit,YES,22409,2,703,152645,6,55351
17295919,1,2016-01-27 10:25:00,$-139.00,Online Transaction,ONLINE,Unknown,3390,No Error,Mastercard,Credit,YES,21200,1,726,29627,7,61901
14109862,0,2014-03-09 20:48:00,$115.00,Swipe Transaction,Albuquerque,NM,3359,No Error,Mastercard,Credit,YES,8000,2,793,22641,5,34540
20572385,0,2017-12-25 08:23:00,$113.35,Chip Transaction,Virginia Beach,VA,5300,No Error,Mastercard,Debit,YES,36912,2,500,1741,3,41843
21782644,0,2018-09-07 14:49:00,$51.39,Chip Transaction,Fort Walton Beach,FL,5541,No Error,Mastercard,Debit,YES,11203,1,786,116794,5,36710
13427748,0,2013-10-11 10:55:00,$13.18,Online Transaction,ONLINE,Unknown,4121,No Error,Mastercard,Credit,YES,9100,1,834,112139,5,36853
14861020,0,2014-08-21 11:57:00,$14.95,Swipe Transaction,Pensacola,FL,5814,No Error,Mastercard,Debit,YES,4534,1,581,17440,3,48060
22539260,0,2019-02-15 07:26:00,$-99.00,Chip Transaction,Dallas,TX,5499,No Error,Visa,Credit,YES,1900,2,706,44404,4,25883
12369817,0,2013-02-19 19:45:00,$59.98,Swipe Transaction,Acworth,GA,5812,No Error,Amex,Credit,YES,13300,1,746,126806,3,58846
7627207,0,2010-02-08 16:03:00,$48.83,Online Transaction,ONLINE,Unknown,4784,No Error,Mastercard,Debit,NO,18050,2,704,6955,2,104692
20189233,0,2017-10-04 22:43:00,$35.24,Chip Transaction,Valdosta,GA,5812,No Error,Mastercard,Debit,YES,10776,1,684,3723,3,8526
8179925,0,2010-06-26 05:05:00,$9.44,Swipe Transaction,Lakewood,NJ,5912,No Error,Visa,Debit,YES,12778,1,771,396,7,9795
8776210,1,2010-11-16 16:17:00,$21.03,Online Transaction,ONLINE,Unknown,5719,No Error,Visa,Credit,YES,9200,2,590,65822,2,33311
18172229,0,2016-08-02 13:55:00,$87.19,Swipe Transaction,Rockford,IL,5211,No Error,Mastercard,Debit,YES,8165,2,708,47186,1,38554
17517109,1,2016-03-15 15:21:00,$7.42,Online Transaction,ONLINE,Unknown,4112,No Error,Mastercard,Debit,YES,20605,1,564,1620,4,22326
8157850,0,2010-06-20 15:05:00,$-100.00,Swipe Transaction,Alburtis,PA,5541,No Error,Visa,Debit,YES,31535,2,724,98151,3,41473
14443703,0,2014-05-22 10:07:00,$87.48,Swipe Transaction,Pierceton,IN,5912,No Error,Visa,Debit,YES,25977,1,770,70328,2,35264
18976812,0,2017-01-21 08:15:00,$77.00,Chip Transaction,Aurora,CO,5541,No Error,Mastercard,Credit,YES,10200,2,718,9066,4,45754
14620104,0,2014-06-29 17:47:00,$180.00,Swipe Transaction,New Waterford,OH,4829,No Error,Mastercard,Debit,YES,27132,1,804,7049,4,67344
16039862,0,2015-05-03 18:46:00,$1.63,Swipe Transaction,Muscatine,IA,5499,No Error,Visa,Debit,NO,34329,1,715,113194,3,45707
8098954,0,2010-06-06 10:38:00,$147.24,Swipe Transaction,Orlando,FL,5300,No Error,Mastercard,Credit,YES,12100,1,726,20432,6,42806
17347370,0,2016-02-07 11:54:00,$8.60,Chip Transaction,Seguin,TX,5411,No Error,Mastercard,Debit,YES,1778,2,723,60397,5,35560
23692404,0,2019-10-17 08:43:00,$3.28,Chip Transaction,Harrod,OH,5812,No Error,Visa,Credit,YES,10700,1,498,1597,5,21815
17449491,0,2016-03-01 07:51:00,$2.07,Chip Transaction,Saint Albans,NY,5541,No Error,Mastercard,Credit,YES,500,2,697,42168,2,43397
11034571,1,2012-04-24 11:21:00,$135.69,Swipe Transaction,Morrisville,PA,5300,No Error,Visa,Credit,YES,13500,1,719,79980,3,46377
14022715,0,2014-02-18 18:56:00,$77.90,Swipe Transaction,Matthews,NC,5812,No Error,Mastercard,Debit,YES,2778,1,698,76181,6,55569
20997031,0,2018-03-25 09:01:00,$56.54,Online Transaction,ONLINE,Unknown,4784,No Error,Mastercard,Credit,YES,6600,2,734,17286,4,31772
23389194,1,2019-08-13 18:08:00,$72.87,Chip Transaction,Rome,Italy,5411,No Error,Mastercard,Debit,YES,9676,1,680,64030,5,37346
9818036,0,2011-07-19 12:42:00,$56.61,Online Transaction,ONLINE,Unknown,4121,No Error,Mastercard,Debit (Prepaid),YES,110,2,822,120733,2,85694
8853642,0,2010-12-05 10:28:00,$48.57,Swipe Transaction,Charlestown,NH,5912,No Error,Visa,Debit,YES,19103,2,628,54157,3,43144
17330438,0,2016-02-03 15:54:00,$46.96,Online Transaction,ONLINE,Unknown,4784,No Error,Mastercard,Debit,NO,18050,2,704,6955,2,104692
9606992,0,2011-05-31 14:30:00,$111.26,Swipe Transaction,Bothell,WA,5499,No Error,Amex,Credit,YES,13900,1,804,76650,3,67747
15006811,0,2014-09-22 07:14:00,$-62.00,Swipe Transaction,Chattanooga,TN,5499,No Error,Visa,Credit,YES,11200,2,705,20906,3,44831
16675507,0,2015-09-16 18:09:00,$40.00,Chip Transaction,Fresno,CA,4829,No Error,Visa,Credit,YES,10600,2,622,42945,3,33934
17213626,0,2016-01-09 19:55:00,$93.51,Chip Transaction,Maywood,IL,3387,No Error,Visa,Debit,YES,24302,1,747,54011,2,40576
13562526,0,2013-11-10 02:52:00,$33.77,Swipe Transaction,New Kensington,PA,5813,Insufficient Balance,Visa,Debit,YES,14277,1,729,9452,5,39796
23554559,1,2019-09-17 18:13:00,$54.86,Chip Transaction,Rome,Italy,5541,No Error,Mastercard,Debit,YES,19948,1,715,31815,2,36405
18404788,0,2016-09-21 09:25:00,$-353.00,Chip Transaction,Las Vegas,NV,3775,No Error,Mastercard,Debit,YES,5500,2,673,90940,4,41845
16637357,0,2015-09-08 14:53:00,$1.05,Chip Transaction,New Market,TN,5499,No Error,Mastercard,Debit,YES,10707,2,715,32300,2,29371
9336336,0,2011-03-29 10:38:00,$73.07,Swipe Transaction,Hamburg,AR,5499,No Error,Mastercard,Debit,YES,13350,2,760,77180,3,34287
19261096,0,2017-03-22 17:28:00,$94.34,Chip Transaction,Camillus,NY,4900,No Error,Visa,Credit,YES,14700,1,709,18724,8,48750
22735832,1,2019-03-28 15:14:00,$11.76,Chip Transaction,Rome,Italy,5541,No Error,Visa,Debit,YES,12721,1,702,107410,4,44534
21429822,0,2018-06-25 06:36:00,$17.03,Swipe Transaction,Moss Landing,CA,5411,No Error,Mastercard,Debit,YES,47153,1,755,35669,2,68827
16267874,0,2015-06-21 15:59:00,$37.76,Swipe Transaction,Evans,GA,7538,No Error,Mastercard,Debit (Prepaid),YES,78,2,731,29433,4,32520
17522008,0,2016-03-16 15:28:00,$100.29,Chip Transaction,Grantville,GA,4111,Insufficient Balance,Visa,Debit,YES,17280,2,666,73448,3,37468
7916891,0,2010-04-22 08:44:00,$1.54,Swipe Transaction,Brooklyn,NY,5912,No Error,Discover,Credit,YES,0,1,667,0,6,2
16474322,1,2015-08-04 15:14:00,$205.42,Online Transaction,ONLINE,Unknown,3144,No Error,Mastercard,Debit,YES,19756,2,672,9645,3,42102
13951650,0,2014-02-03 09:50:00,$15.47,Swipe Transaction,Maywood,IL,5411,No Error,Mastercard,Credit,YES,7400,2,655,59730,4,31505
21942284,0,2018-10-11 13:51:00,$35.15,Online Transaction,ONLINE,Unknown,7393,No Error,Mastercard,Debit,YES,26425,1,710,57199,3,43181
19947735,0,2017-08-14 19:50:00,$159.38,Online Transaction,ONLINE,Unknown,4900,No Error,Mastercard,Debit,YES,29078,1,794,61722,3,51943
7625119,0,2010-02-08 08:42:00,$2.37,Swipe Transaction,Lebanon,OR,5411,No Error,Mastercard,Debit (Prepaid),YES,57,1,786,55643,6,34671
20257365,0,2017-10-19 12:13:00,$73.71,Chip Transaction,Cedar Rapids,IA,5311,No Error,Amex,Credit,YES,9500,1,698,68358,3,45475
11523422,0,2012-08-12 19:45:00,$32.87,Swipe Transaction,Newton,NC,5310,No Error,Mastercard,Debit,NO,17515,3,686,32087,5,26546
16628124,0,2015-09-06 16:17:00,$0.83,Chip Transaction,Sarasota,FL,5499,No Error,Mastercard,Debit,YES,23016,1,724,127892,4,57646
18577780,0,2016-10-28 08:30:00,$3.99,Chip Transaction,Six Mile,SC,5812,No Error,Mastercard,Debit,YES,12782,1,758,84507,4,32418
17150866,1,2015-12-27 10:43:00,$40.24,Online Transaction,ONLINE,Unknown,5311,No Error,Visa,Credit,YES,18600,1,836,8942,5,38689
11011285,0,2012-04-19 06:14:00,$4.08,Swipe Transaction,Tacoma,WA,5814,No Error,Mastercard,Debit,YES,14027,2,721,64098,2,41483
9610499,0,2011-06-01 11:38:00,$54.38,Online Transaction,ONLINE,Unknown,4784,No Error,Mastercard,Credit,YES,12100,1,726,20432,6,42806
19976289,0,2017-08-20 20:32:00,$31.18,Chip Transaction,Los Angeles,CA,5812,No Error,Visa,Credit,YES,4900,2,536,9102,4,11566
21326125,0,2018-06-03 07:26:00,$4.41,Chip Transaction,Bellaire,TX,5814,No Error,Visa,Debit,YES,6076,2,540,317964,1,161276
18240742,0,2016-08-17 08:53:00,$4.54,Chip Transaction,Honolulu,HI,5411,No Error,Mastercard,Debit,YES,24550,1,651,149968,9,62005
19937961,0,2017-08-12 15:02:00,$62.50,Chip Transaction,Gretna,LA,7538,No Error,Mastercard,Credit,YES,13200,1,785,5377,4,39832
10954897,0,2012-04-06 08:27:00,$75.83,Swipe Transaction,Hampden,ME,5541,No Error,Mastercard,Credit,NO,14400,2,697,77465,5,49467
9866501,0,2011-07-30 16:23:00,$12.67,Swipe Transaction,Anaheim,CA,7832,No Error,Mastercard,Debit,YES,10644,1,785,3230,3,32847
23463484,0,2019-08-29 14:00:00,$85.90,Chip Transaction,Miami,FL,5912,No Error,Mastercard,Debit,YES,29391,1,755,41381,2,47395
13436588,1,2013-10-13 09:09:00,$37.46,Swipe Transaction,Strasburg,OH,5300,No Error,Mastercard,Debit,YES,12664,2,705,16946,6,22540
7740514,0,2010-03-09 07:40:00,$10.21,Swipe Transaction,Alhambra,CA,5812,No Error,Mastercard,Debit,YES,16055,1,698,196,5,33483
16786572,0,2015-10-10 15:36:00,$3.58,Chip Transaction,Bunn,NC,5541,No Error,Mastercard,Debit,YES,18035,1,699,4427,4,29041
12417375,0,2013-03-02 12:08:00,$-99.00,Swipe Transaction,Vacaville,CA,5499,No Error,Amex,Credit,YES,14800,1,701,59062,3,39700
7899217,0,2010-04-18 00:13:00,$100.00,Swipe Transaction,Vista,CA,4829,No Error,Mastercard,Debit,YES,18109,2,686,36540,3,34449
15940555,0,2015-04-12 11:44:00,$2.25,Chip Transaction,Hebbronville,TX,5541,No Error,Mastercard,Debit,YES,12759,1,745,54351,2,32126
11516797,0,2012-08-11 10:03:00,$10.52,Swipe Transaction,Brooklyn,NY,5812,No Error,Mastercard,Debit,YES,12905,2,691,68957,4,46232
10590969,0,2012-01-13 09:05:00,$80.00,Swipe Transaction,Overland Park,KS,4829,No Error,Mastercard,Debit,YES,40628,2,694,225017,3,107683
11752013,0,2012-10-03 12:47:00,$142.68,Swipe Transaction,Telford,PA,5541,No Error,Mastercard,Debit,YES,26546,2,755,2895,5,42509
7887628,0,2010-04-14 21:53:00,$990.55,Swipe Transaction,Reading,PA,5533,No Error,Amex,Credit,YES,13300,1,766,74288,5,57658
9504656,0,2011-05-07 14:34:00,$6.24,Swipe Transaction,Brandon,WI,5300,No Error,Visa,Debit,YES,24806,1,719,114254,2,48279
18168686,0,2016-08-01 18:37:00,$110.59,Swipe Transaction,Rio Rico,AZ,5912,No Error,Mastercard,Debit,NO,12091,1,689,1196,5,29494
22508222,0,2019-02-08 13:01:00,$42.43,Chip Transaction,Nashville,TN,5541,No Error,Mastercard,Debit,YES,2041,2,765,1658,6,38273
18145957,0,2016-07-27 22:03:00,$238.79,Online Transaction,ONLINE,Unknown,4900,No Error,Mastercard,Credit,YES,17600,1,763,36199,4,59613
11979138,0,2012-11-23 20:01:00,$39.63,Swipe Transaction,Wichita Falls,TX,5814,No Error,Mastercard,Debit (Prepaid),NO,80,1,681,18693,4,27943
17360968,0,2016-02-10 09:31:00,$14.07,Online Transaction,ONLINE,Unknown,4784,No Error,Visa,Debit,YES,19882,2,667,66085,4,52172
13274787,0,2013-09-07 13:41:00,$9.87,Swipe Transaction,Taswell,IN,5921,No Error,Mastercard,Debit (Prepaid),YES,90,1,788,7226,4,51499
8605165,0,2010-10-06 15:19:00,$8.19,Online Transaction,ONLINE,Unknown,5193,No Error,Mastercard,Credit,YES,0,2,691,0,3,4
16732957,0,2015-09-29 07:40:00,$6.85,Chip Transaction,Mosinee,WI,5812,No Error,Mastercard,Debit,YES,23792,2,698,47012,4,40177
12326405,0,2013-02-10 07:37:00,$103.87,Swipe Transaction,Grantville,GA,4111,No Error,Visa,Credit,YES,9500,1,681,0,4,34437
12221172,0,2013-01-17 12:36:00,$24.20,Swipe Transaction,Lees Summit,MO,5300,No Error,Mastercard,Debit,YES,18235,1,727,0,3,49045
23491048,0,2019-09-04 12:04:00,$80.00,Chip Transaction,Littleton,MA,4829,No Error,Mastercard,Debit,YES,19728,2,850,58544,5,43560
10591288,0,2012-01-13 10:08:00,$2.90,Swipe Transaction,Dearborn,MI,5942,No Error,Visa,Credit,YES,15800,2,733,9097,6,56542
23136477,1,2019-06-21 14:32:00,$59.40,Chip Transaction,Rome,Italy,5310,No Error,Visa,Credit,YES,400,1,680,3154,3,1426
23075636,0,2019-06-08 15:55:00,$9.35,Swipe Transaction,Columbus,OH,7542,No Error,Visa,Debit (Prepaid),NO,59,1,778,72514,3,37558
12826889,0,2013-06-01 09:22:00,$3.41,Swipe Transaction,Oceanside,CA,5814,No Error,Visa,Debit,YES,18365,1,778,1642,6,33279
23197353,0,2019-07-04 12:27:00,$14.06,Chip Transaction,Durham,NC,5814,No Error,Visa,Debit,YES,4599,2,714,2279,5,41763
9528381,0,2011-05-13 07:12:00,$-60.00,Swipe Transaction,York,NE,5499,No Error,Visa,Debit,YES,11347,2,684,33657,4,36753
16643192,0,2015-09-09 19:48:00,$33.55,Chip Transaction,Skokie,IL,5812,No Error,Mastercard,Debit,YES,11969,2,711,12409,5,44452
22833641,0,2019-04-18 11:44:00,$11.24,Chip Transaction,Jacksonville,FL,5310,No Error,Mastercard,Debit,YES,14830,1,688,0,3,42229
17134179,0,2015-12-23 18:23:00,$10.82,Chip Transaction,Prichard,WV,5411,No Error,Amex,Credit,YES,1400,2,701,109785,3,36528
16838883,1,2015-10-21 16:55:00,$202.18,Online Transaction,ONLINE,Unknown,5732,No Error,Mastercard,Debit,YES,28815,1,835,87082,5,52680
18456108,0,2016-10-02 10:20:00,$23.19,Chip Transaction,Seattle,WA,5411,No Error,Visa,Debit,YES,38648,1,716,115362,5,76431
18686715,1,2016-11-20 12:32:00,$96.49,Chip Transaction,Carmel,CA,5655,No Error,Mastercard,Debit,YES,30366,1,688,130605,4,59482
8388170,1,2010-08-15 13:19:00,$44.97,Online Transaction,ONLINE,Unknown,5815,No Error,Mastercard,Debit,YES,9796,2,634,68220,2,38059
19040205,0,2017-02-03 16:01:00,$29.11,Chip Transaction,High Point,NC,7538,No Error,Visa,Debit,YES,26714,1,813,79960,7,48944
18029660,0,2016-07-03 09:50:00,$1.47,Chip Transaction,Bronx,NY,5541,No Error,Visa,Debit (Prepaid),YES,100,2,712,45540,4,25434
20746875,0,2018-01-31 06:34:00,$1.92,Chip Transaction,Des Moines,IA,5499,No Error,Mastercard,Credit,YES,10800,2,800,57727,2,37857
22480612,0,2019-02-02 14:57:00,$61.01,Swipe Transaction,Jamaica,NY,5499,No Error,Mastercard,Debit,YES,21434,1,616,75213,6,42332
11271672,0,2012-06-17 01:32:00,$20.00,Swipe Transaction,Pinetop,AZ,4829,No Error,Mastercard,Debit,YES,3141,2,726,2261,6,57732
18790115,0,2016-12-12 11:57:00,$17.08,Chip Transaction,Torrance,CA,5814,No Error,Visa,Debit,YES,14858,1,720,8746,5,29130
23406568,0,2019-08-17 12:39:00,$85.80,Chip Transaction,Detroit,MI,8099,No Error,Mastercard,Debit,YES,8052,2,690,0,6,22650
23256161,0,2019-07-16 17:44:00,$38.98,Chip Transaction,Cookeville,TN,5541,No Error,Mastercard,Debit (Prepaid),YES,79,1,705,74331,3,32527
11326774,0,2012-06-29 11:57:00,$80.00,Swipe Transaction,Orange,CT,4829,No Error,Visa,Debit,YES,1325,1,583,126015,2,61740
14396383,0,2014-05-11 19:23:00,$150.11,Swipe Transaction,Oakland,CA,5812,No Error,Mastercard,Debit,YES,40628,2,694,225017,3,107683
11820826,0,2012-10-19 06:01:00,$3.99,Swipe Transaction,Lancaster,PA,5411,No Error,Visa,Debit,YES,18365,1,778,1642,6,33279
16315780,0,2015-07-01 19:40:00,$12.40,Chip Transaction,Lawrence,KS,5812,No Error,Visa,Debit (Prepaid),YES,74,1,703,152645,6,55351
20352701,0,2017-11-08 15:08:00,$43.34,Swipe Transaction,Knoxville,TN,5813,No Error,Mastercard,Debit,YES,27046,2,733,12777,5,44469
21622533,0,2018-08-04 16:39:00,$8.83,Chip Transaction,Baltimore,MD,5411,No Error,Visa,Debit,YES,21744,1,656,252106,4,53890
18071675,0,2016-07-12 07:58:00,$18.83,Chip Transaction,Laurel Hill,NC,7538,No Error,Mastercard,Credit,YES,9000,1,710,42046,3,27896
11559902,0,2012-08-21 08:55:00,$61.00,Swipe Transaction,Oklahoma City,OK,5499,No Error,Mastercard,Credit,YES,6600,2,704,49681,5,29496
20527769,0,2017-12-15 14:42:00,$92.37,Online Transaction,ONLINE,Unknown,6300,No Error,Mastercard,Credit,YES,9700,2,791,93406,5,63030
15481930,0,2015-01-03 10:06:00,$-95.00,Chip Transaction,Blue Springs,MO,5541,No Error,Mastercard,Debit,YES,18235,1,727,0,3,49045
8435599,0,2010-08-26 17:10:00,$71.93,Online Transaction,ONLINE,Unknown,7922,Insufficient Balance,Mastercard,Debit,YES,14408,2,699,4427,4,29041
13165261,0,2013-08-14 16:04:00,$16.57,Swipe Transaction,Eastman,GA,5813,No Error,Mastercard,Debit,YES,1470,1,703,46043,2,29413
15732488,0,2015-02-26 14:43:00,$60.56,Swipe Transaction,Kansas City,MO,5541,No Error,Visa,Debit,NO,23898,2,683,0,4,19682
20264041,0,2017-10-20 18:53:00,$25.00,Chip Transaction,Edinburgh,IN,5812,No Error,Visa,Credit,YES,9000,2,850,49101,2,35854
18753987,0,2016-12-04 16:47:00,$38.71,Chip Transaction,Arlington,SD,5912,No Error,Mastercard,Debit,YES,16681,1,850,8764,6,52380
17127871,0,2015-12-22 13:17:00,$20.68,Online Transaction,ONLINE,Unknown,4121,No Error,Mastercard,Debit,NO,25878,1,717,418,5,51717
20988482,1,2018-03-23 12:41:00,$71.25,Chip Transaction,Rome,Italy,5311,No Error,Mastercard,Credit,YES,5000,1,811,19085,4,24009
10179035,0,2011-10-10 17:45:00,$82.71,Swipe Transaction,Davenport,IA,5311,No Error,Visa,Debit,YES,21587,2,704,0,3,41997
7992685,0,2010-05-11 06:59:00,$22.71,Swipe Transaction,Osseo,MN,5942,No Error,Mastercard,Debit,YES,17257,2,758,25867,7,38800
8528721,0,2010-09-18 10:10:00,$16.22,Swipe Transaction,Nevada,MO,5541,No Error,Mastercard,Debit,YES,19132,1,625,43097,1,32245
20906739,0,2018-03-06 08:08:00,$5.21,Chip Transaction,Placentia,CA,5541,No Error,Mastercard,Debit,YES,26162,1,682,17835,4,46945
9927610,0,2011-08-13 18:38:00,$100.00,Swipe Transaction,San Jose,CA,4829,No Error,Mastercard,Credit,YES,11500,2,731,33122,5,34496
18329577,0,2016-09-05 08:35:00,$12.52,Swipe Transaction,Houston,TX,5912,No Error,Mastercard,Credit,YES,7300,2,773,70825,4,30495
12620204,0,2013-04-16 13:08:00,$1.46,Swipe Transaction,Ann Arbor,MI,5499,No Error,Mastercard,Debit,NO,34572,2,791,50003,4,69566
23061314,0,2019-06-05 17:24:00,$41.07,Chip Transaction,Marion,IA,7538,No Error,Mastercard,Debit,YES,28666,1,745,58509,6,51528
22695413,0,2019-03-20 06:51:00,$95.00,Chip Transaction,Glyndon,MN,5499,No Error,Mastercard,Credit,YES,6700,2,679,63276,1,36092
23122464,0,2019-06-18 15:07:00,$8.08,Online Transaction,ONLINE,Unknown,5311,No Error,Visa,Debit,YES,11510,1,707,889,9,24960
10689079,0,2012-02-04 13:47:00,$108.45,Swipe Transaction,Tulsa,OK,5411,No Error,Amex,Credit,YES,26900,1,707,0,5,94733
7829863,0,2010-03-31 13:02:00,$6.61,Swipe Transaction,Danville,IL,5541,No Error,Visa,Credit,YES,8700,1,590,1639,2,16646
7482580,0,2010-01-02 19:42:00,$15.15,Swipe Transaction,Lawrence,KS,5812,No Error,Visa,Debit (Prepaid),YES,74,1,703,152645,6,55351
8477916,1,2010-09-06 07:45:00,$2318.02,Online Transaction,ONLINE,Unknown,4411,No Error,Mastercard,Debit (Prepaid),YES,97,2,632,98211,4,53996
9719937,0,2011-06-26 19:03:00,$66.44,Swipe Transaction,Covington,LA,7832,Insufficient Balance,Visa,Credit,YES,8200,2,786,45409,4,39221
20008735,0,2017-08-27 15:54:00,$42.51,Chip Transaction,Rockford,IL,5912,No Error,Visa,Credit,YES,13900,1,767,109623,3,50139
18258049,0,2016-08-21 00:40:00,$67.03,Chip Transaction,Dallas,TX,5411,No Error,Visa,Debit,YES,18137,1,721,124370,3,45419
21707817,0,2018-08-22 20:22:00,$1.43,Chip Transaction,Englewood,FL,5499,No Error,Mastercard,Debit,YES,16519,2,733,2249,5,44690
9889141,0,2011-08-04 22:02:00,$-83.00,Swipe Transaction,Buffalo,NY,5499,No Error,Mastercard,Credit,YES,7000,2,686,57818,2,31525
10491542,0,2011-12-21 13:37:00,$78.00,Swipe Transaction,San Diego,CA,5541,No Error,Mastercard,Debit,YES,427,1,713,15223,4,34330
22151221,0,2018-11-24 19:32:00,$34.42,Chip Transaction,New York,NY,5812,No Error,Mastercard,Credit,YES,11200,1,595,54354,3,35940
20173350,0,2017-10-01 14:06:00,$25.19,Chip Transaction,Sacramento,CA,5719,No Error,Mastercard,Debit,YES,7081,2,689,18859,5,31177
8328678,1,2010-08-01 08:45:00,$67.08,Online Transaction,ONLINE,Unknown,5732,No Error,Visa,Credit,YES,3600,2,685,96831,2,43229
15063597,0,2014-10-04 12:06:00,$54.95,Swipe Transaction,Warsaw,IN,4111,No Error,Visa,Debit,YES,12640,1,752,54634,4,34456
17023992,0,2015-11-30 12:52:00,$161.25,Swipe Transaction,Cramerton,NC,5411,No Error,Mastercard,Debit,YES,18991,2,810,35134,5,51581
21911348,0,2018-10-05 04:01:00,$11.34,Swipe Transaction,Euclid,OH,5411,No Error,Mastercard,Debit,NO,23402,2,716,160456,3,60541
10868905,0,2012-03-17 13:21:00,$12.11,Swipe Transaction,Warrenton,GA,5300,No Error,Mastercard,Debit,YES,9257,2,733,58712,2,32125
8090762,1,2010-06-04 08:31:00,$53.56,Online Transaction,ONLINE,Unknown,5719,No Error,Visa,Debit,YES,27646,1,720,92603,4,35590
18856966,0,2016-12-26 15:50:00,$26.99,Chip Transaction,Humble,TX,5311,No Error,Mastercard,Debit,YES,13601,2,722,59615,2,31377
13758739,1,2013-12-23 07:51:00,$113.50,Online Transaction,ONLINE,Unknown,7801,No Error,Visa,Debit (Prepaid),YES,68,2,735,69800,2,32896
11955494,0,2012-11-18 13:22:00,$1.02,Swipe Transaction,Ann Arbor,MI,5499,No Error,Mastercard,Debit,NO,34572,2,791,50003,4,69566
19879029,0,2017-07-31 09:37:00,$29.47,Chip Transaction,Osprey,FL,4121,No Error,Visa,Debit,YES,35791,2,724,127892,4,57646
21365019,1,2018-06-11 11:25:00,$118.79,Chip Transaction,Rome,Italy,5932,Insufficient Balance,Mastercard,Debit,YES,23220,1,748,58381,4,53986
8278280,1,2010-07-20 03:27:00,$150.62,Online Transaction,ONLINE,Unknown,5310,No Error,Mastercard,Debit,YES,9707,2,680,1674,3,38194
12173847,0,2013-01-06 16:52:00,$7.18,Swipe Transaction,Nashville,TN,5499,No Error,Visa,Credit,NO,14900,2,765,1658,6,38273
13774471,0,2013-12-26 14:17:00,$83.59,Swipe Transaction,Rochester,MN,7538,No Error,Visa,Debit,YES,15409,2,801,15691,6,40696
16044557,0,2015-05-04 18:14:00,$62.00,Chip Transaction,Revere,MA,5499,No Error,Mastercard,Debit,YES,34319,1,719,25245,4,17078
12703645,0,2013-05-05 04:36:00,$30.87,Swipe Transaction,Anderson,SC,5310,No Error,Visa,Credit,YES,8000,2,651,58806,3,27013
16860784,0,2015-10-26 13:21:00,$3.53,Chip Transaction,Marion Center,PA,5411,No Error,Amex,Credit,YES,6900,1,641,103262,4,32770
20181904,0,2017-10-03 11:57:00,$7.29,Chip Transaction,Orrville,OH,5912,No Error,Visa,Credit,YES,3600,2,685,96831,2,43229
13047786,0,2013-07-19 15:26:00,$115.51,Swipe Transaction,Gonzales,LA,5655,No Error,Visa,Credit,YES,13900,1,804,1140,8,16620
9602062,0,2011-05-30 12:52:00,$27.73,Swipe Transaction,Johnstown,OH,7538,No Error,Discover,Credit,NO,12700,1,696,65106,3,46763
8719277,0,2010-11-03 07:38:00,$57.69,Swipe Transaction,Hawarden,IA,5541,No Error,Visa,Credit,YES,10000,1,752,54634,4,34456
15226165,0,2014-11-09 06:07:00,$2.13,Swipe Transaction,Buffalo,NY,5411,No Error,Mastercard,Debit,YES,16703,2,850,56355,4,29477
22372251,0,2019-01-10 15:54:00,$43.64,Chip Transaction,Abbeville,LA,5499,No Error,Mastercard,Debit,YES,9496,2,810,81262,1,38190
18482234,0,2016-10-07 19:03:00,$60.00,Swipe Transaction,Suring,WI,4829,No Error,Mastercard,Credit,YES,5300,1,746,34007,3,25723
12132188,0,2012-12-28 10:49:00,$133.01,Swipe Transaction,San Jose,CA,5411,No Error,Mastercard,Debit,YES,50961,1,737,37514,7,52929
16235278,0,2015-06-14 16:43:00,$43.41,Chip Transaction,Atlanta,GA,5411,No Error,Visa,Debit,YES,10681,2,716,25966,6,29206
9370290,0,2011-04-06 09:18:00,$16.53,Swipe Transaction,Voorheesville,NY,5719,No Error,Mastercard,Debit,YES,33723,2,683,161166,6,80957
8699879,1,2010-10-29 12:55:00,$0.28,Online Transaction,ONLINE,Unknown,5815,No Error,Mastercard,Credit,YES,5800,2,724,55700,2,41965
22250932,0,2018-12-16 01:40:00,$40.00,Chip Transaction,Pinetop,AZ,4829,No Error,Mastercard,Credit,YES,17200,2,726,2261,6,57732
18919594,0,2017-01-09 06:09:00,$12.15,Online Transaction,ONLINE,Unknown,4784,No Error,Mastercard,Debit,YES,12047,2,606,85160,1,53702
9442435,0,2011-04-22 23:18:00,$55.50,Swipe Transaction,Mobile,AL,5812,No Error,Mastercard,Debit,YES,4534,1,581,17440,3,48060
21479605,0,2018-07-05 14:49:00,$39.26,Swipe Transaction,Alburtis,PA,5211,No Error,Visa,Debit,YES,31535,2,724,98151,3,41473
7894748,0,2010-04-16 17:48:00,$8.63,Swipe Transaction,Phoenix,AZ,7832,No Error,Mastercard,Debit,YES,36912,2,500,1741,3,41843
20400794,0,2017-11-18 16:07:00,$19.50,Swipe Transaction,Colorado Springs,CO,5813,No Error,Visa,Debit,NO,17682,1,783,151027,3,41957
19183506,0,2017-03-06 08:31:00,$37.39,Chip Transaction,Kirkville,NY,5499,No Error,Mastercard,Debit,YES,10608,1,683,48954,4,34690
8856086,0,2010-12-05 20:15:00,$25.20,Swipe Transaction,Rego Park,NY,5813,No Error,Mastercard,Debit,YES,2559,2,631,67164,4,51196
20202295,0,2017-10-07 14:39:00,$18.36,Chip Transaction,Brandon,MS,5912,No Error,Mastercard,Debit,YES,1385,2,613,22427,8,23821
16815065,0,2015-10-16 17:45:00,$14.41,Chip Transaction,Stapleton,GA,5812,No Error,Amex,Credit,YES,3400,2,589,84166,1,30011
7478254,0,2010-01-01 16:20:00,$142.60,Swipe Transaction,Brooklyn,NY,4900,No Error,Visa,Debit,YES,11254,2,710,12623,4,34637
17936196,0,2016-06-13 11:01:00,$16.98,Chip Transaction,Oolitic,IN,5411,No Error,Mastercard,Debit,YES,21408,2,685,58438,3,37115
22373174,0,2019-01-10 20:40:00,$62.78,Swipe Transaction,Lansing,NC,5912,No Error,Mastercard,Debit,NO,3384,1,738,41455,3,25748
16036905,0,2015-05-03 08:45:00,$90.87,Chip Transaction,Revere,MA,5300,No Error,Visa,Debit,YES,20475,1,719,25245,4,17078
15669894,0,2015-02-13 03:58:00,$42.53,Chip Transaction,Fontana,CA,5300,No Error,Mastercard,Debit (Prepaid),YES,49,2,832,76538,3,31632
23698892,0,2019-10-18 13:21:00,$22.70,Online Transaction,ONLINE,Unknown,4784,No Error,Visa,Credit,YES,18500,2,728,149587,4,56248
14031789,0,2014-02-20 23:35:00,$1.22,Swipe Transaction,Pasadena,MD,5499,No Error,Visa,Debit,YES,3058,2,692,71422,3,61173
15721733,0,2015-02-24 09:04:00,$3.31,Chip Transaction,Mount Pleasant,NC,5541,No Error,Visa,Debit,YES,19442,2,694,50449,2,40867
12081327,0,2012-12-17 02:58:00,$11.54,Swipe Transaction,San Diego,CA,7230,No Error,Mastercard,Debit,YES,427,1,713,15223,4,34330
17504475,0,2016-03-13 06:01:00,$60.00,Chip Transaction,Medford,OR,5499,No Error,Mastercard,Debit,YES,5857,2,765,88636,3,38661
17773976,0,2016-05-09 17:45:00,$37.74,Swipe Transaction,Capitol Heights,MD,5912,No Error,Mastercard,Debit,NO,21908,1,751,20683,4,53464
13664851,0,2013-12-02 12:55:00,$7.20,Swipe Transaction,Tylersport,PA,5411,No Error,Mastercard,Debit,YES,29333,1,755,2895,5,42509
17844492,0,2016-05-24 18:52:00,$11.87,Swipe Transaction,Albuquerque,NM,5912,No Error,Mastercard,Debit,NO,12708,2,707,0,3,31369
19442129,0,2017-04-29 23:48:00,$78.37,Chip Transaction,New York,NY,5311,No Error,Mastercard,Debit,YES,15813,2,709,96864,5,63684
8093934,0,2010-06-05 06:03:00,$3.27,Online Transaction,ONLINE,Unknown,4784,No Error,Visa,Credit,YES,12800,2,841,11243,5,27939
12780073,0,2013-05-21 22:06:00,$66.79,Online Transaction,ONLINE,Unknown,5311,No Error,Visa,Debit,YES,10099,2,733,36831,3,16542
12884925,0,2013-06-14 07:24:00,$54.11,Online Transaction,ONLINE,Unknown,4784,No Error,Visa,Credit,YES,24600,1,682,112394,5,81122
12578914,0,2013-04-07 10:13:00,$11.63,Swipe Transaction,Overland Park,KS,5812,No Error,Mastercard,Debit,YES,30971,2,741,2149,7,84694
11946540,0,2012-11-16 12:39:00,$11.67,Swipe Transaction,Los Angeles,CA,5814,No Error,Mastercard,Debit,YES,4598,2,536,9102,4,11566
15105792,0,2014-10-13 13:08:00,$13.00,Swipe Transaction,Annandale,VA,5813,No Error,Mastercard,Debit,YES,20933,2,524,18684,2,65298
23754939,0,2019-10-30 13:54:00,$23.97,Swipe Transaction,Gregory,TX,5300,No Error,Mastercard,Debit,NO,19554,1,745,54351,2,32126
11946772,0,2012-11-16 13:18:00,$66.83,Swipe Transaction,Marietta,GA,5211,No Error,Visa,Debit,YES,21655,1,804,93795,6,67470
15821511,0,2015-03-17 16:45:00,$57.00,Swipe Transaction,Houston,TX,5541,No Error,Mastercard,Debit,YES,53466,2,660,241571,1,193773
19666667,0,2017-06-16 12:37:00,$14.49,Chip Transaction,Eight Mile,AL,5812,No Error,Mastercard,Credit,YES,8500,2,713,60527,4,31008
21333765,0,2018-06-04 18:04:00,$17.99,Online Transaction,ONLINE,Unknown,4121,No Error,Visa,Credit,YES,22400,1,704,0,7,68010
14665794,0,2014-07-09 16:50:00,$0.92,Swipe Transaction,Louisville,OH,5310,No Error,Mastercard,Debit,YES,12127,1,755,93255,5,38611
9804296,0,2011-07-16 09:03:00,$-90.00,Swipe Transaction,Algonac,MI,5499,No Error,Mastercard,Credit,YES,19100,1,691,92382,2,57969
16119651,0,2015-05-20 22:37:00,$33.36,Chip Transaction,Kent,WA,5300,No Error,Visa,Credit,YES,16400,2,750,363,5,39110
21002592,0,2018-03-26 12:30:00,$10.26,Chip Transaction,Kailua,HI,5310,No Error,Visa,Debit (Prepaid),YES,89,2,781,0,5,39214
9818886,0,2011-07-19 15:36:00,$38.10,Swipe Transaction,Rockford,IL,5912,No Error,Visa,Credit,YES,13900,1,767,109623,3,50139
20062427,0,2017-09-08 03:05:00,$3.15,Swipe Transaction,New Castle,IN,5300,No Error,Mastercard,Debit (Prepaid),NO,80,1,687,85620,3,33178
19619760,0,2017-06-06 14:56:00,$-97.00,Chip Transaction,Defiance,OH,5541,No Error,Mastercard,Debit (Prepaid),YES,85,2,722,93844,3,37169
8967524,0,2011-01-01 08:43:00,$180.00,Swipe Transaction,New York,NY,4829,No Error,Discover,Credit,YES,21800,2,704,6955,2,104692
18990329,0,2017-01-24 08:07:00,$8.94,Chip Transaction,Toledo,OH,5942,No Error,Visa,Debit,YES,13435,2,722,93844,3,37169
11801093,0,2012-10-14 14:24:00,$66.37,Swipe Transaction,Garland,TX,5813,No Error,Amex,Credit,YES,20400,2,629,96779,3,55172
15660505,0,2015-02-10 22:44:00,$52.26,Chip Transaction,Brooklyn,NY,5812,No Error,Mastercard,Debit (Prepaid),YES,87,1,710,12623,4,34637
18548928,0,2016-10-22 07:34:00,$89.29,Chip Transaction,Holland,MI,5912,No Error,Discover,Credit,YES,13000,1,773,28032,4,38487
17803312,0,2016-05-16 07:09:00,$-57.00,Swipe Transaction,Saint Louis,MO,5541,No Error,Mastercard,Debit,NO,7217,1,766,1767,4,24947
15382146,0,2014-12-12 20:31:00,$14.99,Online Transaction,ONLINE,Unknown,4121,No Error,Visa,Debit,YES,34818,2,703,157723,3,92017
20701410,0,2018-01-21 11:01:00,$14.39,Chip Transaction,New York,NY,4121,No Error,Visa,Debit,YES,60610,1,737,37514,7,52929
23667313,0,2019-10-11 17:41:00,$36.51,Chip Transaction,Mulkeytown,IL,5411,No Error,Visa,Debit,YES,14514,1,753,0,4,32576
16506247,1,2015-08-11 13:47:00,$7.02,Online Transaction,ONLINE,Unknown,4829,No Error,Mastercard,Debit,YES,15409,2,746,34007,3,25723
8968767,0,2011-01-01 12:42:00,$8.54,Swipe Transaction,Los Angeles,CA,5814,No Error,Visa,Debit,YES,3335,1,536,9102,4,11566
17480093,0,2016-03-07 17:03:00,$44.08,Chip Transaction,Asheville,NC,5814,No Error,Visa,Debit,YES,30952,1,751,58954,4,46864
7704810,0,2010-02-28 08:53:00,$98.11,Online Transaction,ONLINE,Unknown,4900,No Error,Mastercard,Credit,NO,6500,1,756,25987,7,28147
9633391,0,2011-06-06 17:39:00,$-71.00,Swipe Transaction,Revere,MA,5499,No Error,Mastercard,Debit,YES,34319,1,719,25245,4,17078
16456882,0,2015-08-01 05:37:00,$11.45,Chip Transaction,Summerville,GA,5921,No Error,Mastercard,Credit,YES,7500,2,792,47766,1,29594
19165138,0,2017-03-02 09:05:00,$8.20,Chip Transaction,Ann Arbor,MI,5812,No Error,Mastercard,Debit,YES,17612,1,702,0,2,51465
22812130,1,2019-04-13 18:03:00,$267.29,Chip Transaction,Rome,Italy,5712,No Error,Visa,Debit,YES,5579,2,639,50155,1,32522
19657129,0,2017-06-14 13:07:00,$1.60,Swipe Transaction,Collins,MS,5411,No Error,Mastercard,Debit,NO,9294,1,688,812,6,9678
11055896,0,2012-04-29 08:34:00,$34.77,Online Transaction,ONLINE,Unknown,5311,No Error,Mastercard,Debit,YES,18627,2,550,64124,1,42379
15294186,0,2014-11-23 15:42:00,$118.94,Swipe Transaction,Purcellville,VA,5499,No Error,Visa,Debit,YES,27091,1,527,171854,1,68787
23307208,0,2019-07-27 12:50:00,$-69.00,Chip Transaction,Columbia,TN,5541,No Error,Mastercard,Debit,YES,10025,1,693,61260,3,29433
8475368,0,2010-09-05 13:14:00,$18.32,Swipe Transaction,Fayetteville,NC,5812,No Error,Mastercard,Debit,YES,9676,1,680,64030,5,37346
19739948,0,2017-07-01 18:46:00,$50.10,Chip Transaction,Loogootee,IN,7538,No Error,Mastercard,Debit,YES,14802,1,686,36540,3,34449
9560069,0,2011-05-20 12:57:00,$52.00,Swipe Transaction,Federal Way,WA,5541,No Error,Amex,Credit,YES,13900,1,804,76650,3,67747
11405509,0,2012-07-17 09:28:00,$2.69,Swipe Transaction,Bloomington,CA,5411,No Error,Mastercard,Debit,YES,16652,2,682,0,6,18100
19554005,0,2017-05-23 16:49:00,$112.57,Chip Transaction,Pawling,NY,5912,No Error,Visa,Debit,YES,23404,1,730,82173,3,63796
11219576,0,2012-06-05 12:00:00,$97.00,Swipe Transaction,Danville,IL,5541,No Error,Visa,Credit,YES,8700,1,590,1639,2,16646
17559591,0,2016-03-24 17:32:00,$54.68,Chip Transaction,Huntington,WV,5499,No Error,Visa,Debit,YES,25292,2,702,107410,4,44534
9533114,0,2011-05-14 08:47:00,$43.20,Swipe Transaction,Albuquerque,NM,5541,No Error,Mastercard,Credit,YES,1300,2,637,58481,2,31373
17543920,0,2016-03-21 12:40:00,$148.22,Chip Transaction,Camas,WA,5932,No Error,Mastercard,Debit,YES,14539,1,692,34333,2,46733
20541004,0,2017-12-18 13:30:00,$38.92,Swipe Transaction,New England,ND,5942,No Error,Visa,Credit,NO,11600,1,777,37315,8,48755
11533971,0,2012-08-15 09:44:00,$35.36,Online Transaction,ONLINE,Unknown,4784,No Error,Visa,Credit,YES,14100,1,782,27813,4,38041
18998721,0,2017-01-25 20:09:00,$7.43,Online Transaction,ONLINE,Unknown,5815,No Error,Visa,Credit,YES,0,2,750,5,2,3
19141544,0,2017-02-25 08:18:00,$70.89,Chip Transaction,Auburn,AL,5912,No Error,Mastercard,Debit,YES,18627,2,550,64124,1,42379
8555137,1,2010-09-24 14:50:00,$121.52,Online Transaction,ONLINE,Unknown,5311,No Error,Visa,Credit,YES,14100,1,782,27813,4,38041
14762897,0,2014-07-31 00:50:00,$20.35,Swipe Transaction,Grand Forks,ND,5541,No Error,Visa,Debit,YES,23452,1,716,117616,5,48750
21199812,0,2018-05-07 08:03:00,$149.78,Swipe Transaction,Bethesda,MD,5912,No Error,Mastercard,Debit,NO,62861,1,748,328089,3,114318
9319474,0,2011-03-25 10:09:00,$168.25,Swipe Transaction,Fort Walton Beach,FL,7996,No Error,Visa,Credit,YES,7900,1,786,116794,5,36710
19038738,0,2017-02-03 11:32:00,$70.36,Chip Transaction,Portland,ME,7538,No Error,Mastercard,Credit,YES,17600,1,763,36199,4,59613
17529745,0,2016-03-18 11:06:00,$11.76,Chip Transaction,Erie,PA,5814,No Error,Visa,Debit,YES,15265,2,716,36994,5,37898
12525052,0,2013-03-26 11:09:00,$59.91,Swipe Transaction,Marietta,GA,4814,No Error,Mastercard,Debit,YES,9094,2,600,60949,3,36652
16941657,0,2015-11-12 21:42:00,$127.62,Swipe Transaction,Mentone,CA,5814,No Error,Visa,Credit,NO,25500,1,789,89328,6,119308
22235248,0,2018-12-12 16:20:00,$39.78,Swipe Transaction,Roanoke,TX,4121,No Error,Mastercard,Credit,NO,22900,2,815,39326,4,94260
21050407,0,2018-04-05 14:30:00,$29.09,Chip Transaction,San Antonio,TX,5411,No Error,Amex,Credit,YES,9500,1,659,69819,3,35906
17679007,0,2016-04-19 11:48:00,$13.50,Chip Transaction,Massillon,OH,5411,No Error,Mastercard,Credit,YES,2400,2,755,93255,5,38611
21783031,0,2018-09-07 16:11:00,$29.48,Online Transaction,ONLINE,Unknown,4121,No Error,Mastercard,Debit,YES,5753,1,767,686,4,61793
12708847,0,2013-05-06 07:49:00,$3.34,Swipe Transaction,Granite Falls,NC,5411,No Error,Visa,Credit,YES,9600,1,789,31064,1,23307
10646341,0,2012-01-25 20:19:00,$0.70,Swipe Transaction,Fayetteville,NC,5921,No Error,Visa,Debit,YES,3909,2,784,50461,4,37467
9039213,0,2011-01-18 08:43:00,$18.08,Swipe Transaction,Birmingham,AL,5211,No Error,Mastercard,Debit,YES,607,2,747,1758,5,16342
18002160,0,2016-06-27 11:21:00,$53.38,Chip Transaction,Kirkland,WA,5300,No Error,Mastercard,Debit,YES,48754,1,747,124771,3,101193
8179628,0,2010-06-25 22:38:00,$20.23,Swipe Transaction,West Chicago,IL,7832,No Error,Visa,Debit,YES,92939,1,717,448929,3,189490
16935203,0,2015-11-11 12:17:00,$140.69,Chip Transaction,Woodridge,IL,4814,No Error,Amex,Credit,YES,13900,2,636,41461,2,28954
9138295,0,2011-02-10 14:23:00,$-52.00,Swipe Transaction,Cancun,Mexico,5499,No Error,Mastercard,Debit,NO,21908,1,751,20683,4,53464
18706630,1,2016-11-24 13:47:00,$17.67,Online Transaction,ONLINE,Unknown,5300,No Error,Visa,Credit,NO,11400,1,761,46226,4,41839
22543745,0,2019-02-16 05:31:00,$27.67,Online Transaction,ONLINE,Unknown,4121,No Error,Mastercard,Debit,YES,43033,2,683,166395,1,73920
23008828,0,2019-05-25 14:26:00,$23.63,Chip Transaction,Fayetteville,NC,4900,No Error,Mastercard,Debit,YES,26097,1,769,73779,5,36270
13461191,0,2013-10-18 15:14:00,$-84.00,Swipe Transaction,Hamilton,IN,5499,No Error,Mastercard,Debit,YES,8021,2,812,54771,4,21397
21784539,0,2018-09-08 05:48:00,$57.12,Swipe Transaction,Grand Forks,ND,5211,No Error,Visa,Credit,NO,11600,1,777,37315,8,48755
19492477,0,2017-05-10 16:24:00,$-52.00,Chip Transaction,Monroe,MI,5499,No Error,Visa,Debit,YES,21207,1,641,74352,5,40246
11531016,0,2012-08-14 14:36:00,$132.29,Swipe Transaction,Barron,WI,5411,No Error,Visa,Credit,YES,6900,2,741,49537,3,31343
16263023,0,2015-06-20 15:48:00,$30.72,Chip Transaction,Matthews,NC,5300,No Error,Visa,Debit (Prepaid),YES,60,1,698,76181,6,55569
16281713,0,2015-06-24 14:49:00,$20.87,Chip Transaction,North Hollywood,CA,5499,No Error,Visa,Debit,YES,10676,2,725,907,4,34441
16646851,0,2015-09-10 16:10:00,$-66.00,Chip Transaction,Chambersburg,PA,5541,No Error,Mastercard,Debit,YES,5997,2,605,9219,4,39206
7769258,0,2010-03-16 11:12:00,$1.72,Swipe Transaction,Federal Way,WA,5921,No Error,Mastercard,Debit,YES,15847,1,680,44779,3,44355
13293966,0,2013-09-11 20:13:00,$57.00,Swipe Transaction,Philadelphia,PA,5541,No Error,Mastercard,Debit,YES,10889,2,770,14743,3,20424
10503548,0,2011-12-24 10:31:00,$73.92,Swipe Transaction,Orange,CT,5411,No Error,Visa,Debit,YES,1325,1,583,126015,2,61740
23040492,0,2019-06-01 10:02:00,$71.57,Swipe Transaction,Hebbronville,TX,5541,"Bad PIN,Insufficient Balance",Mastercard,Debit,NO,19554,1,745,54351,2,32126
17799449,0,2016-05-15 09:54:00,$25.23,Chip Transaction,Woodbury Heights,NJ,5311,No Error,Mastercard,Debit (Prepaid),YES,65,2,726,3547,4,50790
7633843,0,2010-02-10 10:13:00,$33.14,Online Transaction,ONLINE,Unknown,4784,No Error,Mastercard,Debit,YES,6552,2,631,67164,4,51196
13382204,0,2013-10-01 10:01:00,$4.63,Swipe Transaction,Santo Domingo,Dominican Republic,5411,No Error,Visa,Credit,YES,12500,2,602,106072,2,67589
20973845,0,2018-03-20 12:53:00,$0.75,Online Transaction,ONLINE,Unknown,5815,No Error,Mastercard,Debit,YES,16422,1,660,51741,6,35418
8304571,0,2010-07-26 10:18:00,$17.50,Swipe Transaction,Commerce Township,MI,5812,No Error,Mastercard,Credit,YES,16200,2,619,32768,5,31121
20675553,0,2018-01-16 00:21:00,$25.32,Chip Transaction,La Marque,TX,5719,No Error,Mastercard,Debit,YES,14070,1,710,57199,3,43181
7825112,1,2010-03-30 10:45:00,$112.85,Online Transaction,ONLINE,Unknown,5719,No Error,Mastercard,Debit,YES,2559,2,631,67164,4,51196
11202873,1,2012-06-01 13:49:00,$99.91,Swipe Transaction,Tacoma,WA,5712,No Error,Amex,Credit,YES,13500,1,680,44779,3,44355
9493393,0,2011-05-04 21:40:00,$26.70,Swipe Transaction,Amsterdam,Netherlands,5812,No Error,Mastercard,Debit,YES,29973,2,736,1555,4,82295
20489779,0,2017-12-07 14:30:00,$33.92,Chip Transaction,Fredericksburg,TX,5813,No Error,Visa,Debit,YES,12948,1,699,1852,4,33426
7825166,0,2010-03-30 10:54:00,$19.47,Online Transaction,ONLINE,Unknown,4121,No Error,Amex,Credit,YES,12400,1,714,17453,6,22850
9933892,0,2011-08-15 10:00:00,$3.12,Swipe Transaction,Danville,IL,5411,No Error,Amex,Credit,YES,7700,2,590,1639,2,16646
19367143,0,2017-04-14 08:44:00,$1.05,Swipe Transaction,Passaic,NJ,5411,No Error,Mastercard,Debit (Prepaid),NO,61,2,745,16595,5,70862
14047383,0,2014-02-24 09:12:00,$1.36,Swipe Transaction,Warren,MI,5411,No Error,Visa,Debit,YES,24498,1,736,131334,1,53254
9803545,0,2011-07-16 04:42:00,$113.12,Swipe Transaction,Yorba Linda,CA,4814,No Error,Visa,Credit,NO,18900,2,685,4344,4,99825
16214528,0,2015-06-10 09:31:00,$3.32,Chip Transaction,Lincolnton,GA,5411,No Error,Amex,Credit,YES,3400,2,589,84166,1,30011
15270194,0,2014-11-18 12:18:00,$-87.00,Swipe Transaction,Silver City,NM,5541,No Error,Visa,Credit,YES,9300,1,695,424,7,25066
21162514,0,2018-04-29 08:56:00,$97.36,Chip Transaction,Revere,MA,5912,No Error,Mastercard,Debit,YES,34319,1,719,25245,4,17078
13151673,1,2013-08-11 14:06:00,$86.11,Online Transaction,ONLINE,Unknown,5815,No Error,Visa,Debit,NO,27231,1,738,107765,6,40194
12647693,0,2013-04-22 12:53:00,$194.04,Swipe Transaction,Houston,TX,5411,No Error,Amex,Credit,NO,13300,1,691,64269,5,53872
22094352,0,2018-11-12 18:43:00,$30.20,Chip Transaction,Tucson,AZ,5411,No Error,Mastercard,Debit,YES,17936,1,763,108695,2,33106
18975123,0,2017-01-20 18:21:00,$26.26,Swipe Transaction,Kaneohe,HI,5814,No Error,Mastercard,Debit,NO,25224,1,689,1385,6,49529
11989409,0,2012-11-26 10:15:00,$27.12,Swipe Transaction,Crown Point,IN,5411,No Error,Visa,Credit,YES,13400,1,685,128676,5,53350
17782711,0,2016-05-11 14:59:00,$98.93,Swipe Transaction,Orchard Park,NY,5912,No Error,Mastercard,Debit,YES,23956,1,726,14135,4,43070
22970205,0,2019-05-17 11:20:00,$10.56,Chip Transaction,Upper Marlboro,MD,5813,No Error,Amex,Credit,YES,21200,1,803,7137,4,67886
9076490,0,2011-01-26 23:24:00,$111.05,Swipe Transaction,Orlando,FL,4814,No Error,Mastercard,Credit,YES,10800,2,761,15304,6,43004
16838273,0,2015-10-21 15:02:00,$182.21,Chip Transaction,North Highlands,CA,8049,No Error,Amex,Credit,YES,9300,2,743,64881,3,29195
13631683,1,2013-11-25 08:44:00,$96.91,Online Transaction,ONLINE,Unknown,5310,No Error,Discover,Credit,YES,12600,1,713,20942,6,49350
18428094,0,2016-09-26 10:14:00,$36.51,Chip Transaction,Lake Hopatcong,NJ,5411,No Error,Visa,Credit,YES,19400,1,741,80763,4,69747
23012866,0,2019-05-26 11:58:00,$1.47,Chip Transaction,Olympia,WA,5411,No Error,Mastercard,Debit (Prepaid),YES,26,1,718,83385,1,49026
16933037,0,2015-11-11 03:08:00,$44.01,Chip Transaction,Chula Vista,CA,7349,No Error,Mastercard,Debit,YES,29351,1,793,22641,5,34540
7887650,0,2010-04-14 22:08:00,$87.38,Swipe Transaction,Myrtle Beach,SC,5411,No Error,Amex,Credit,YES,10100,2,705,27209,6,32817
11052186,0,2012-04-28 10:40:00,$72.86,Swipe Transaction,Old Saybrook,CT,5912,No Error,Visa,Credit,YES,16900,2,583,126015,2,61740
14054806,0,2014-02-25 18:10:00,$78.85,Swipe Transaction,Temperance,MI,5814,No Error,Mastercard,Debit,YES,16317,1,777,37315,8,48755
10782142,0,2012-02-25 16:07:00,$21.34,Online Transaction,ONLINE,Unknown,4121,No Error,Visa,Debit,YES,29041,1,821,370,7,33869
14216737,0,2014-04-02 11:19:00,$278.02,Swipe Transaction,Phoenix,AZ,8011,No Error,Mastercard,Debit,YES,14388,1,530,123937,2,49068
19962731,0,2017-08-18 00:50:00,$5.46,Online Transaction,ONLINE,Unknown,4784,No Error,Visa,Credit,YES,21000,1,679,135319,1,52308
8227237,0,2010-07-07 12:48:00,$6.82,Swipe Transaction,North Hollywood,CA,5814,No Error,Mastercard,Debit,YES,17691,1,806,879,7,28644
14671132,0,2014-07-11 01:02:00,$30.66,Swipe Transaction,White Hall,MD,5970,No Error,Mastercard,Debit,YES,51012,1,714,0,6,67643
21182941,0,2018-05-03 15:24:00,$15.54,Chip Transaction,Houston,TX,5814,No Error,Mastercard,Debit,YES,92828,1,686,150896,5,193768
13524553,0,2013-11-01 14:58:00,$21.26,Swipe Transaction,Fort Walton Beach,FL,7210,No Error,Mastercard,Debit,YES,12369,2,786,116794,5,36710
11004657,1,2012-04-17 13:37:00,$46.40,Swipe Transaction,Wayne,MI,5912,No Error,Mastercard,Credit,NO,9000,2,711,5846,5,31175
8598420,0,2010-10-05 06:40:00,$39.10,Swipe Transaction,Wichita Falls,TX,4814,No Error,Mastercard,Credit,YES,600,1,732,2892,3,1785
19226449,0,2017-03-15 10:23:00,$65.63,Chip Transaction,Worcester,MA,7538,No Error,Mastercard,Debit,YES,25093,1,655,62509,1,49967
21577136,0,2018-07-26 08:39:00,$27.23,Chip Transaction,Angie,LA,4214,No Error,Mastercard,Debit,YES,5500,2,673,90940,4,41845
14497206,0,2014-06-02 22:45:00,$2.42,Swipe Transaction,Orlando,FL,5310,No Error,Visa,Debit (Prepaid),YES,71,2,726,20432,6,42806
16791136,0,2015-10-11 14:46:00,$27.35,Swipe Transaction,Carmichael,CA,5310,No Error,Visa,Debit,NO,1559,1,716,9235,6,22290
11850781,0,2012-10-25 18:17:00,$25.40,Swipe Transaction,Stockton,CA,7832,No Error,Amex,Credit,YES,30500,1,737,37514,7,52929
19836041,0,2017-07-22 06:31:00,$15.10,Chip Transaction,Huntington Station,NY,5411,No Error,Visa,Debit (Prepaid),YES,50,2,721,136853,4,71103
17469511,0,2016-03-05 13:57:00,$28.97,Swipe Transaction,Tampa,FL,5912,No Error,Visa,Debit,YES,9741,1,684,352,4,13596
9442879,0,2011-04-23 06:48:00,$4.06,Swipe Transaction,Cuyahoga Falls,OH,5942,No Error,Discover,Credit,YES,22800,2,664,71544,3,56368
16462691,1,2015-08-02 09:24:00,$245.17,Online Transaction,ONLINE,Unknown,5300,No Error,Visa,Debit,YES,32092,1,660,16803,4,27484
17389984,0,2016-02-16 12:23:00,$7.11,Chip Transaction,Novi,MI,5411,No Error,Visa,Debit,YES,26743,2,509,33545,4,62103
13064776,0,2013-07-23 11:57:00,$15.05,Swipe Transaction,Torrance,CA,5411,No Error,Visa,Debit (Prepaid),YES,62,1,704,0,7,68010
21547335,0,2018-07-19 21:35:00,$37.53,Chip Transaction,Brewster,MA,5814,No Error,Mastercard,Debit,YES,9789,2,765,57346,2,39947
20249813,0,2017-10-17 19:30:00,$20.00,Swipe Transaction,Worcester,MA,4829,No Error,Mastercard,Debit,YES,25093,1,655,62509,1,49967
17883513,0,2016-06-02 07:29:00,$60.00,Chip Transaction,Lake Arthur,LA,4829,No Error,Mastercard,Debit,YES,9496,2,810,81262,1,38190
22567346,0,2019-02-21 06:18:00,$55.86,Chip Transaction,West Sacramento,CA,5499,No Error,Visa,Debit,YES,2572,2,698,151162,4,51454
13678212,0,2013-12-05 13:44:00,$14.82,Swipe Transaction,Burke,VA,9402,No Error,Mastercard,Debit,NO,28844,1,779,0,4,87659
16325035,0,2015-07-03 22:31:00,$21.83,Online Transaction,ONLINE,Unknown,4121,No Error,Visa,Debit,YES,65540,1,840,35135,6,112695
16295247,0,2015-06-27 14:10:00,$23.66,Swipe Transaction,Santa Barbara,CA,5411,No Error,Mastercard,Debit,NO,21820,1,575,30887,3,35404
18323719,0,2016-09-04 02:57:00,$35.30,Chip Transaction,Houston,TX,5812,No Error,Visa,Credit,YES,1200,3,719,73726,4,39871
14014900,1,2014-02-17 08:06:00,$107.74,Online Transaction,ONLINE,Unknown,5719,No Error,Amex,Credit,YES,400,1,732,2892,3,1785
18246066,0,2016-08-18 10:14:00,$39.89,Chip Transaction,Lake Hopatcong,NJ,5411,No Error,Visa,Debit,YES,32043,1,741,80763,4,69747
15919097,0,2015-04-07 16:06:00,$178.14,Chip Transaction,Rush,NY,8021,No Error,Mastercard,Debit,YES,17731,2,779,3628,8,54013
14061536,0,2014-02-27 12:10:00,$19.74,Swipe Transaction,Yorktown,VA,5812,No Error,Mastercard,Debit,YES,27701,1,752,95927,4,59872
14475454,0,2014-05-29 09:07:00,$1.38,Swipe Transaction,Kerhonkson,NY,5499,No Error,Mastercard,Debit,YES,13930,1,732,66,4,9766
10223397,0,2011-10-20 20:28:00,$29.18,Swipe Transaction,Mcalester,OK,5541,No Error,Mastercard,Debit (Prepaid),YES,40,1,757,10019,5,30983
19832058,0,2017-07-21 09:05:00,$54.00,Chip Transaction,Philadelphia,PA,5541,No Error,Mastercard,Debit,YES,16640,1,711,60231,3,43828
14549985,0,2014-06-14 13:56:00,$3.13,Swipe Transaction,Birmingham,AL,5912,No Error,Mastercard,Debit,YES,607,2,747,1758,5,16342
16610821,0,2015-09-02 21:33:00,$53.51,Swipe Transaction,Hillsboro,KS,5300,No Error,Visa,Credit,NO,11200,1,719,24676,5,41790
18432770,0,2016-09-27 09:27:00,$6.46,Chip Transaction,Goodwell,OK,5812,No Error,Visa,Debit (Prepaid),YES,76,1,723,5079,6,23123
8770443,0,2010-11-15 11:10:00,$28.24,Swipe Transaction,Round Rock,TX,4121,No Error,Mastercard,Debit,YES,3095,2,726,29627,7,61901
10263429,0,2011-10-30 07:04:00,$18.72,Swipe Transaction,Sacramento,CA,5541,No Error,Mastercard,Debit,YES,10775,2,737,72162,2,51854
